Id	Priority	UpProbability	Bg	ProbabilityBg	UpProbabilityDesc	UpProbabilityPercent	IsChangePos	IconPosX	IconPosY	IsChangeSize	IconWidth	IconHeight	IsChangeRot	RotZ	NewTimeId
101	10000	Basic Mode	Assets/Product/Texture/Image/UiDrawLog/RandomACharDrawNew.png	Assets/Product/Texture/Image/UiDrawLog/UiDrawLog4.png											
301	8170	<color=#26bbf9>80% rate in 6★ pool</color>	Assets/Product/Texture/Image/UiDrawLog/UiDrawLog15.png	Assets/Product/Texture/Image/UiDrawLog/UiDrawLog4.png	Rate in 6★ pool:	80%	1	18.0	5.0	1	706.51	764.5999	1	-10.0	
302	8160	<color=#26bbf9>80% rate in 6★ pool</color>	Assets/Product/Texture/Image/UiDrawLog/UiDrawLog15.png	Assets/Product/Texture/Image/UiDrawLog/UiDrawLog4.png	Rate in 6★ pool:	80%	1	-8.0	8.0	1	481.13	520.6799	1	-10.0	
303	8150	<color=#26bbf9>80% rate in 6★ pool</color>	Assets/Product/Texture/Image/UiDrawLog/UiDrawLog15.png	Assets/Product/Texture/Image/UiDrawLog/UiDrawLog4.png	Rate in 6★ pool:	80%	1	-8.0	8.0	1	481.13	520.6799	1	-10.0	
304	8140	<color=#26bbf9>80% rate in 6★ pool</color>	Assets/Product/Texture/Image/UiDrawLog/UiDrawLog15.png	Assets/Product/Texture/Image/UiDrawLog/UiDrawLog4.png	Rate in 6★ pool:	80%	1	-8.6	14.0	1	533.4199	577.27	1	-10.0	
305	8130	<color=#26bbf9>80% rate in 6★ pool</color>	Assets/Product/Texture/Image/UiDrawLog/UiDrawLog15.png	Assets/Product/Texture/Image/UiDrawLog/UiDrawLog4.png	Rate in 6★ pool:	80%	1	-8.6	14.0	1	533.4199	577.27	1	-10.0	
306	8120	<color=#26bbf9>80% rate in 6★ pool</color>	Assets/Product/Texture/Image/UiDrawLog/UiDrawLog15.png	Assets/Product/Texture/Image/UiDrawLog/UiDrawLog4.png	Rate in 6★ pool:	80%	1	-17.0	16.0	1	559.2399	605.21	1	-10.0	
307	8110	<color=#26bbf9>80% rate in 6★ pool</color>	Assets/Product/Texture/Image/UiDrawLog/UiDrawLog15.png	Assets/Product/Texture/Image/UiDrawLog/UiDrawLog4.png	Rate in 6★ pool:	80%	1	-10.0	19.0	1	613.94	664.4099	1	-10.0	
308	8100	<color=#26bbf9>80% rate in 6★ pool</color>	Assets/Product/Texture/Image/UiDrawLog/UiDrawLog15.png	Assets/Product/Texture/Image/UiDrawLog/UiDrawLog4.png	Rate in 6★ pool:	80%	1	-8.6	14.0	1	533.4199	577.27	1	-10.0	
309	8090	<color=#26bbf9>80% rate in 6★ pool</color>	Assets/Product/Texture/Image/UiDrawLog/UiDrawLog15.png	Assets/Product/Texture/Image/UiDrawLog/UiDrawLog4.png	Rate in 6★ pool:	80%	1	-6.0	7.0	1	589.5599	638.03	1	-10.0	
310	8080	<color=#26bbf9>80% rate in 6★ pool</color>	Assets/Product/Texture/Image/UiDrawLog/UiDrawLog15.png	Assets/Product/Texture/Image/UiDrawLog/UiDrawLog4.png	Rate in 6★ pool:	80%	1	-6.0	7.0	1	571.94	618.9699	1	-10.0	
311	8070	<color=#26bbf9>80% rate in 6★ pool</color>	Assets/Product/Texture/Image/UiDrawLog/UiDrawLog15.png	Assets/Product/Texture/Image/UiDrawLog/UiDrawLog4.png	Rate in 6★ pool:	80%	1		24.0	1	696.6199	753.89	1	-10.0	
312	8060	<color=#26bbf9>80% rate in 6★ pool</color>	Assets/Product/Texture/Image/UiDrawLog/UiDrawLog15.png	Assets/Product/Texture/Image/UiDrawLog/UiDrawLog4.png	Rate in 6★ pool:	80%	1	2.0	7.0	1	663.8599	718.44	1	-10.0	
313	8050	<color=#26bbf9>80% rate in 6★ pool</color>	Assets/Product/Texture/Image/UiDrawLog/UiDrawLog15.png	Assets/Product/Texture/Image/UiDrawLog/UiDrawLog4.png	Rate in 6★ pool:	80%	1	10.0	9.0	1	645.95	699.0599	1	-10.0	
314	8040	<color=#26bbf9>80% rate in 6★ pool</color>	Assets/Product/Texture/Image/UiDrawLog/UiDrawLog15.png	Assets/Product/Texture/Image/UiDrawLog/UiDrawLog4.png	Rate in 6★ pool:	80%	1	-4.0	17.0	1	688.4299	745.02	1	-10.0	
315	8030	<color=#26bbf9>80% rate in 6★ pool</color>	Assets/Product/Texture/Image/UiDrawLog/UiDrawLog15.png	Assets/Product/Texture/Image/UiDrawLog/UiDrawLog4.png	Rate in 6★ pool:	80%	1	2.0	7.0	1	565.64	612.15	1	-10.0	
316	8020	<color=#26bbf9>80% rate in 6★ pool</color>	Assets/Product/Texture/Image/UiDrawLog/UiDrawLog15.png	Assets/Product/Texture/Image/UiDrawLog/UiDrawLog4.png	Rate in 6★ pool:	80%	1	-14.0	9.0	1	455.72	493.1799	1	-10.0	
317	8010	<color=#26bbf9>80% rate in 6★ pool</color>	Assets/Product/Texture/Image/UiDrawLog/UiDrawLog15.png	Assets/Product/Texture/Image/UiDrawLog/UiDrawLog4.png	Rate in 6★ pool:	80%	1	2.0	7.0	1	663.8599	718.44	1	-10.0	
318	8000	<color=#26bbf9>80% rate in 6★ pool</color>	Assets/Product/Texture/Image/UiDrawLog/UiDrawLog15.png	Assets/Product/Texture/Image/UiDrawLog/UiDrawLog4.png	Rate in 6★ pool:	80%	1	-37.0	-4.0	1	550.7999	596.08	1	-10.0	
319	7990	<color=#26bbf9>80% rate in 6★ pool</color>	Assets/Product/Texture/Image/UiDrawLog/UiDrawLog15.png	Assets/Product/Texture/Image/UiDrawLog/UiDrawLog4.png	Rate in 6★ pool:	80%	1	-14.0	-3.0	1	613.94	664.4099	1	-10.0	
320	7980	<color=#26bbf9>80% rate in 6★ pool</color>	Assets/Product/Texture/Image/UiDrawLog/UiDrawLog15.png	Assets/Product/Texture/Image/UiDrawLog/UiDrawLog4.png	Rate in 6★ pool:	80%	1	10.0	9.0	1	645.95	699.0599	1	-10.0	
321	7970	<color=#26bbf9>80% rate in 6★ pool</color>	Assets/Product/Texture/Image/UiDrawLog/UiDrawLog15.png	Assets/Product/Texture/Image/UiDrawLog/UiDrawLog4.png	Rate in 6★ pool:	80%	1	-27.0	-26.0	1	546.395	591.3099	1	-10.0	
322	8180	<color=#26bbf9>80% rate in 6★ pool</color>	Assets/Product/Texture/Image/UiDrawLog/UiDrawLog15.png	Assets/Product/Texture/Image/UiDrawLog/UiDrawLog4.png	Rate in 6★ pool:	80%	1	-4.0	11.5	1	457.14	494.73	1	-10.0	
323	8190	<color=#26bbf9>80% rate in 6★ pool</color>	Assets/Product/Texture/Image/UiDrawLog/UiDrawLog15.png	Assets/Product/Texture/Image/UiDrawLog/UiDrawLog4.png	Rate in 6★ pool:	80%	1	10.0	12.0	1	515.27	557.63	1	-10.0	
324	8200	<color=#26bbf9>80% rate in 6★ pool</color>	Assets/Product/Texture/Image/UiDrawLog/UiDrawLog15.png	Assets/Product/Texture/Image/UiDrawLog/UiDrawLog4.png	Rate in 6★ pool:	80%	1	-1.0	12.0	1	472.5	511.3399	1	-10.0	
325	8210	<color=#26bbf9>80% rate in 6★ pool</color>	Assets/Product/Texture/Image/UiDrawLog/UiDrawLog15.png	Assets/Product/Texture/Image/UiDrawLog/UiDrawLog4.png	Rate in 6★ pool:	80%	1	-22.0	-11.0	1	698.21	755.6199	1	-10.0	
326	8220	<color=#26bbf9>80% rate in 6★ pool</color>	Assets/Product/Texture/Image/UiDrawLog/UiDrawLog15.png	Assets/Product/Texture/Image/UiDrawLog/UiDrawLog4.png	Rate in 6★ pool:	80%	1	-4.0	-5.0	1	625.52	676.95	1	-10.0	
327	8230	<color=#26bbf9>80% rate in 6★ pool</color>	Assets/Product/Texture/Image/UiDrawLog/UiDrawLog15.png	Assets/Product/Texture/Image/UiDrawLog/UiDrawLog4.png	Rate in 6★ pool:	80%	1		23.0	1	606.3599	656.21	1	-10.0	
328	8240	<color=#26bbf9>80% rate in 6★ pool</color>	Assets/Product/Texture/Image/UiDrawLog/UiDrawLog15.png	Assets/Product/Texture/Image/UiDrawLog/UiDrawLog4.png	Rate in 6★ pool:	80%	1	3.0	4.0	1	678.4199	734.2	1	-10.0	
329	8250	<color=#26bbf9>80% rate in 6★ pool</color>	Assets/Product/Texture/Image/UiDrawLog/UiDrawLog15.png	Assets/Product/Texture/Image/UiDrawLog/UiDrawLog4.png	Rate in 6★ pool:	80%	1	-21.0	-29.0	1	557.4	603.2199	1	-10.0	
330	8260	<color=#26bbf9>80% rate in 6★ pool</color>	Assets/Product/Texture/Image/UiDrawLog/UiDrawLog15.png	Assets/Product/Texture/Image/UiDrawLog/UiDrawLog4.png	Rate in 6★ pool:	80%	1	-16.0	2.0	1	593.2299	642.0	1	-10.0	
331	8270	<color=#26bbf9>80% rate in 6★ pool</color>	Assets/Product/Texture/Image/UiDrawLog/UiDrawLog15.png	Assets/Product/Texture/Image/UiDrawLog/UiDrawLog4.png	Rate in 6★ pool:	80%	1	1.0	7.0	1	573.9899	621.1799	1	-10.0	
332	8280	<color=#26bbf9>80% rate in 6★ pool</color>	Assets/Product/Texture/Image/UiDrawLog/UiDrawLog15.png	Assets/Product/Texture/Image/UiDrawLog/UiDrawLog4.png	Rate in 6★ pool:	80%	1	-30.0	20.0	1	602.01	651.51	1		
333	8290	<color=#26bbf9>80% rate in 6★ pool</color>	Assets/Product/Texture/Image/UiDrawLog/UiDrawLog15.png	Assets/Product/Texture/Image/UiDrawLog/UiDrawLog4.png	Rate in 6★ pool:	80%	1	-2.0	-6.0	1	551.89	597.27	1	-10.0	
334	8300	<color=#26bbf9>80% rate in 6★ pool</color>	Assets/Product/Texture/Image/UiDrawLog/UiDrawLog15.png	Assets/Product/Texture/Image/UiDrawLog/UiDrawLog4.png	Rate in 6★ pool:	80%	1	16.0	35.0	1	613.94	664.4099	1	-10.0	
335	8310	<color=#26bbf9>80% rate in 6★ pool</color>	Assets/Product/Texture/Image/UiDrawLog/UiDrawLog15.png	Assets/Product/Texture/Image/UiDrawLog/UiDrawLog4.png	Rate in 6★ pool:	80%	1	-21.0	20.0	1	675.5	731.03	1	-10.0	
336	8320	<color=#26bbf9>80% rate in 6★ pool</color>	Assets/Product/Texture/Image/UiDrawLog/UiDrawLog15.png	Assets/Product/Texture/Image/UiDrawLog/UiDrawLog4.png	Rate in 6★ pool:	80%	1	-8.0	37.0	1	613.94	664.4099	1	-10.0	
337	8330	<color=#26bbf9>80% rate in 6★ pool</color>	Assets/Product/Texture/Image/UiDrawLog/UiDrawLog15.png	Assets/Product/Texture/Image/UiDrawLog/UiDrawLog4.png	Rate in 6★ pool:	80%	1	-16.0	19.0	1	622.03	673.1699	1	-10.0	
338	8340	<color=#26bbf9>80% rate in 6★ pool</color>	Assets/Product/Texture/Image/UiDrawLog/UiDrawLog15.png	Assets/Product/Texture/Image/UiDrawLog/UiDrawLog4.png	Rate in 6★ pool:	80%	1	-17.5	-7.8	1	580.6799	628.4199	1	-10.0	
339	8350	<color=#26bbf9>80% rate in 6★ pool</color>	Assets/Product/Texture/Image/UiDrawLog/UiDrawLog15.png	Assets/Product/Texture/Image/UiDrawLog/UiDrawLog4.png	Rate in 6★ pool:	80%	1	-32.0	-19.0	1	607.1699	657.08	1	-10.0	
340	8360	<color=#26bbf9>80% rate in 6★ pool</color>	Assets/Product/Texture/Image/UiDrawLog/UiDrawLog15.png	Assets/Product/Texture/Image/UiDrawLog/UiDrawLog4.png	Rate in 6★ pool:	80%	1	-19.0	-39.0	1	608.8699	658.9299	1	-10.0	
341	8370	<color=#26bbf9>80% rate in 6★ pool</color>	Assets/Product/Texture/Image/UiDrawLog/UiDrawLog15.png	Assets/Product/Texture/Image/UiDrawLog/UiDrawLog4.png	Rate in 6★ pool:	80%	1	-8.0	9.0	1	613.94	664.4099	1	-10.0	
342	8380	<color=#26bbf9>80% rate in 6★ pool</color>	Assets/Product/Texture/Image/UiDrawLog/UiDrawLog15.png	Assets/Product/Texture/Image/UiDrawLog/UiDrawLog4.png	Rate in 6★ pool:	80%	1	-8.0	9.0	1	613.94	664.4099	1	-10.0	
343	8390	<color=#26bbf9>80% rate in 6★ pool</color>	Assets/Product/Texture/Image/UiDrawLog/UiDrawLog15.png	Assets/Product/Texture/Image/UiDrawLog/UiDrawLog4.png	Rate in 6★ pool:	80%	1	-22.0	9.0	1	475.5	514.5999	1	-10.0	
344	8400	<color=#26bbf9>80% rate in 6★ pool</color>	Assets/Product/Texture/Image/UiDrawLog/UiDrawLog15.png	Assets/Product/Texture/Image/UiDrawLog/UiDrawLog4.png	Rate in 6★ pool:	80%	1	-25.0	26.0	1	571.77	618.77	1	-10.0	
345	8410	<color=#26bbf9>80% rate in 6★ pool</color>	Assets/Product/Texture/Image/UiDrawLog/UiDrawLog15.png	Assets/Product/Texture/Image/UiDrawLog/UiDrawLog4.png	Rate in 6★ pool:	80%	1	-43.0	-64.0	1	612.58	662.94	1	-10.0	
346	8420	<color=#26bbf9>80% rate in 6★ pool</color>	Assets/Product/Texture/Image/UiDrawLog/UiDrawLog15.png	Assets/Product/Texture/Image/UiDrawLog/UiDrawLog4.png	Rate in 6★ pool:	80%	1	-13.0	14.0	1	455.72	493.1799	1	-10.0	
347	8430	<color=#26bbf9>80% rate in 6★ pool</color>	Assets/Product/Texture/Image/UiDrawLog/UiDrawLog15.png	Assets/Product/Texture/Image/UiDrawLog/UiDrawLog4.png	Rate in 6★ pool:	80%	1	2.0	7.0	1	613.94	664.4	1	-10.0	
348	8440	<color=#26bbf9>80% rate in 6★ pool</color>	Assets/Product/Texture/Image/UiDrawLog/UiDrawLog15.png	Assets/Product/Texture/Image/UiDrawLog/UiDrawLog4.png	Rate in 6★ pool:	80%	1	2.0	7.0	1	613.94	664.4	1	-10.0	
349	8450	<color=#26bbf9>80% rate in 6★ pool</color>	Assets/Product/Texture/Image/UiDrawLog/UiDrawLog15.png	Assets/Product/Texture/Image/UiDrawLog/UiDrawLog4.png	Rate in 6★ pool:	80%	1	1.0	7.0	1	538.0	582.0	1	-16.5	
350	8460	<color=#26bbf9>80% rate in 6★ pool</color>	Assets/Product/Texture/Image/UiDrawLog/UiDrawLog15.png	Assets/Product/Texture/Image/UiDrawLog/UiDrawLog4.png	Rate in 6★ pool:	80%									
351	8470	<color=#26bbf9>80% rate in 6★ pool</color>	Assets/Product/Texture/Image/UiDrawLog/UiDrawLog15.png	Assets/Product/Texture/Image/UiDrawLog/UiDrawLog4.png	Rate in 6★ pool:	80%									
352	9900	<color=#26bbf9>80% rate in 6★ pool</color>	Assets/Product/Texture/Image/UiDrawLog/UiDrawLog15.png	Assets/Product/Texture/Image/UiDrawLog/UiDrawLog4.png	Rate in 6★ pool:	80%									
353	8480	<color=#26bbf9>80% rate in 6★ pool</color>	Assets/Product/Texture/Image/UiDrawLog/UiDrawLog15.png	Assets/Product/Texture/Image/UiDrawLog/UiDrawLog4.png	Rate in 6★ pool:	80%									
354	8490	<color=#26bbf9>80% rate in 6★ pool</color>	Assets/Product/Texture/Image/UiDrawLog/UiDrawLog15.png	Assets/Product/Texture/Image/UiDrawLog/UiDrawLog4.png	Rate in 6★ pool:	80%									
355	8500	<color=#26bbf9>80% rate in 6★ pool</color>	Assets/Product/Texture/Image/UiDrawLog/UiDrawLog15.png	Assets/Product/Texture/Image/UiDrawLog/UiDrawLog4.png	Rate in 6★ pool:	80%									
356	8510	<color=#26bbf9>80% rate in 6★ pool</color>	Assets/Product/Texture/Image/UiDrawLog/UiDrawLog15.png	Assets/Product/Texture/Image/UiDrawLog/UiDrawLog4.png	Rate in 6★ pool:	80%									
357	8520	<color=#26bbf9>80% rate in 6★ pool</color>	Assets/Product/Texture/Image/UiDrawLog/UiDrawLog15.png	Assets/Product/Texture/Image/UiDrawLog/UiDrawLog4.png	Rate in 6★ pool:	80%									26908
358	8530	<color=#26bbf9>80% rate in 6★ pool</color>	Assets/Product/Texture/Image/UiDrawLog/UiDrawLog15.png	Assets/Product/Texture/Image/UiDrawLog/UiDrawLog4.png	Rate in 6★ pool:	80%									27951
359	8540	<color=#26bbf9>80% rate in 6★ pool</color>	Assets/Product/Texture/Image/UiDrawLog/UiDrawLog15.png	Assets/Product/Texture/Image/UiDrawLog/UiDrawLog4.png	Rate in 6★ pool:	80%									28220
360	8550	<color=#26bbf9>80% rate in 6★ pool</color>	Assets/Product/Texture/Image/UiDrawLog/UiDrawLog15.png	Assets/Product/Texture/Image/UiDrawLog/UiDrawLog4.png	Rate in 6★ pool:	80%									29753
361	8560	<color=#26bbf9>80% rate in 6★ pool</color>	Assets/Product/Texture/Image/UiDrawLog/UiDrawLog15.png	Assets/Product/Texture/Image/UiDrawLog/UiDrawLog4.png	Rate in 6★ pool:	80%									30851
362	8570	<color=#26bbf9>80% rate in 6★ pool</color>	Assets/Product/Texture/Image/UiDrawLog/UiDrawLog15.png	Assets/Product/Texture/Image/UiDrawLog/UiDrawLog4.png	Rate in 6★ pool:	80%									32970
363	8580	<color=#26bbf9>80% rate in 6★ pool</color>	Assets/Product/Texture/Image/UiDrawLog/UiDrawLog15.png	Assets/Product/Texture/Image/UiDrawLog/UiDrawLog4.png	Rate in 6★ pool:	80%									33850
364	8590	<color=#26bbf9>80% rate in 6★ pool</color>	Assets/Product/Texture/Image/UiDrawLog/UiDrawLog15.png	Assets/Product/Texture/Image/UiDrawLog/UiDrawLog4.png	Rate in 6★ pool:	80%									34760
365	8600	<color=#26bbf9>80% rate in 6★ pool</color>	Assets/Product/Texture/Image/UiDrawLog/UiDrawLog15.png	Assets/Product/Texture/Image/UiDrawLog/UiDrawLog4.png	Rate in 6★ pool:	80%									35540
366	8610	<color=#26bbf9>80% rate in 6★ pool</color>	Assets/Product/Texture/Image/UiDrawLog/UiDrawLog15.png	Assets/Product/Texture/Image/UiDrawLog/UiDrawLog4.png	Rate in 6★ pool:	80%									36510
367	8620	<color=#26bbf9>80% rate in 6★ pool</color>	Assets/Product/Texture/Image/UiDrawLog/UiDrawLog15.png	Assets/Product/Texture/Image/UiDrawLog/UiDrawLog4.png	Rate in 6★ pool:	80%									37907
368	8630	<color=#26bbf9>80% rate in 6★ pool</color>	Assets/Product/Texture/Image/UiDrawLog/UiDrawLog15.png	Assets/Product/Texture/Image/UiDrawLog/UiDrawLog4.png	Rate in 6★ pool:	80%									
369	8640	<color=#26bbf9>80% rate in 6★ pool</color>	Assets/Product/Texture/Image/UiDrawLog/UiDrawLog15.png	Assets/Product/Texture/Image/UiDrawLog/UiDrawLog4.png	Rate in 6★ pool:	80%									
370	8650	<color=#26bbf9>80% rate in 6★ pool</color>	Assets/Product/Texture/Image/UiDrawLog/UiDrawLog15.png	Assets/Product/Texture/Image/UiDrawLog/UiDrawLog4.png	Rate in 6★ pool:	80%									39723
371	8660	<color=#26bbf9>80% rate in 6★ pool</color>	Assets/Product/Texture/Image/UiDrawLog/UiDrawLog15.png	Assets/Product/Texture/Image/UiDrawLog/UiDrawLog4.png	Rate in 6★ pool:	80%									40902
372	8670	<color=#26bbf9>80% rate in 6★ pool</color>	Assets/Product/Texture/Image/UiDrawLog/UiDrawLog15.png	Assets/Product/Texture/Image/UiDrawLog/UiDrawLog4.png	Rate in 6★ pool:	80%									41317
373	8680	<color=#26bbf9>80% rate in 6★ pool</color>	Assets/Product/Texture/Image/UiDrawLog/UiDrawLog15.png	Assets/Product/Texture/Image/UiDrawLog/UiDrawLog4.png	Rate in 6★ pool:	80%									42721
374	8690	<color=#26bbf9>80% rate in 6★ pool</color>	Assets/Product/Texture/Image/UiDrawLog/UiDrawLog15.png	Assets/Product/Texture/Image/UiDrawLog/UiDrawLog4.png	Rate in 6★ pool:	80%									43905
375	8700	<color=#26bbf9>80% rate in 6★ pool</color>	Assets/Product/Texture/Image/UiDrawLog/UiDrawLog15.png	Assets/Product/Texture/Image/UiDrawLog/UiDrawLog4.png	Rate in 6★ pool:	80%									44418
376	8710	<color=#26bbf9>80% rate in 6★ pool</color>	Assets/Product/Texture/Image/UiDrawLog/UiDrawLog15.png	Assets/Product/Texture/Image/UiDrawLog/UiDrawLog4.png	Rate in 6★ pool:	80%									45716
377	8720	<color=#26bbf9>80% rate in 6★ pool</color>	Assets/Product/Texture/Image/UiDrawLog/UiDrawLog15.png	Assets/Product/Texture/Image/UiDrawLog/UiDrawLog4.png	Rate in 6★ pool:	80%									46711
378	8740	<color=#26bbf9>80% rate in 6★ pool</color>	Assets/Product/Texture/Image/UiDrawLog/UiDrawLog15.png	Assets/Product/Texture/Image/UiDrawLog/UiDrawLog4.png	Rate in 6★ pool:	80%									47705
379	8730	<color=#26bbf9>80% rate in 6★ pool</color>	Assets/Product/Texture/Image/UiDrawLog/UiDrawLog15.png	Assets/Product/Texture/Image/UiDrawLog/UiDrawLog4.png	Rate in 6★ pool:	80%									47706
380	8720	<color=#26bbf9>80% rate in 6★ pool</color>	Assets/Product/Texture/Image/UiDrawLog/UiDrawLog15.png	Assets/Product/Texture/Image/UiDrawLog/UiDrawLog4.png	Rate in 6★ pool:	80%									48144
382	8700	<color=#26bbf9>80% rate in 6★ pool</color>	Assets/Product/Texture/Image/UiDrawLog/UiDrawLog15.png	Assets/Product/Texture/Image/UiDrawLog/UiDrawLog4.png	Rate in 6★ pool:	80%									49311
1030	10000	<color=#26bbf9>70% rate in S-Rank pool</color>	Assets/Product/Texture/Image/UiDrawLog/UiDrawLog22.png	Assets/Product/Texture/Image/UiDrawLog/UiDrawLog23.png	Rate in S-Rank pool:	70%									
1031	9990	<color=#26bbf9>70% rate in S-Rank pool</color>	Assets/Product/Texture/Image/UiDrawLog/UiDrawLog22.png	Assets/Product/Texture/Image/UiDrawLog/UiDrawLog23.png	Rate in S-Rank pool:	70%									
1032	9980	<color=#26bbf9>70% rate in S-Rank pool</color>	Assets/Product/Texture/Image/UiDrawLog/UiDrawLog22.png	Assets/Product/Texture/Image/UiDrawLog/UiDrawLog23.png	Rate in S-Rank pool:	70%									
1033	9970	<color=#26bbf9>70% rate in S-Rank pool</color>	Assets/Product/Texture/Image/UiDrawLog/UiDrawLog22.png	Assets/Product/Texture/Image/UiDrawLog/UiDrawLog23.png	Rate in S-Rank pool:	70%									
1034	9960	<color=#26bbf9>70% rate in S-Rank pool</color>	Assets/Product/Texture/Image/UiDrawLog/UiDrawLog22.png	Assets/Product/Texture/Image/UiDrawLog/UiDrawLog23.png	Rate in S-Rank pool:	70%									
1035	9950	<color=#26bbf9>70% rate in S-Rank pool</color>	Assets/Product/Texture/Image/UiDrawLog/UiDrawLog22.png	Assets/Product/Texture/Image/UiDrawLog/UiDrawLog23.png	Rate in S-Rank pool:	70%									
1037	10000	<color=#26bbf9>70% rate in S-Rank pool</color>	Assets/Product/Texture/Image/UiDrawLog/UiDrawLog22.png	Assets/Product/Texture/Image/UiDrawLog/UiDrawLog23.png	Rate in S-Rank pool:	70%									
1038	9990	<color=#26bbf9>70% rate in S-Rank pool</color>	Assets/Product/Texture/Image/UiDrawLog/UiDrawLog22.png	Assets/Product/Texture/Image/UiDrawLog/UiDrawLog23.png	Rate in S-Rank pool:	70%									
1039	9980	<color=#26bbf9>70% rate in S-Rank pool</color>	Assets/Product/Texture/Image/UiDrawLog/UiDrawLog22.png	Assets/Product/Texture/Image/UiDrawLog/UiDrawLog23.png	Rate in S-Rank pool:	70%									
1040	9970	<color=#26bbf9>70% rate in S-Rank pool</color>	Assets/Product/Texture/Image/UiDrawLog/UiDrawLog22.png	Assets/Product/Texture/Image/UiDrawLog/UiDrawLog23.png	Rate in S-Rank pool:	70%									
1041	9960	<color=#26bbf9>70% rate in S-Rank pool</color>	Assets/Product/Texture/Image/UiDrawLog/UiDrawLog22.png	Assets/Product/Texture/Image/UiDrawLog/UiDrawLog23.png	Rate in S-Rank pool:	70%									
1042	9950	<color=#26bbf9>70% rate in S-Rank pool</color>	Assets/Product/Texture/Image/UiDrawLog/UiDrawLog22.png	Assets/Product/Texture/Image/UiDrawLog/UiDrawLog23.png	Rate in S-Rank pool:	70%									
1043	10000	<color=#26bbf9>70% rate in S-Rank pool</color>	Assets/Product/Texture/Image/UiDrawLog/UiDrawLog22.png	Assets/Product/Texture/Image/UiDrawLog/UiDrawLog23.png	Rate in S-Rank pool:	70%									
1044	9990	<color=#26bbf9>70% rate in S-Rank pool</color>	Assets/Product/Texture/Image/UiDrawLog/UiDrawLog22.png	Assets/Product/Texture/Image/UiDrawLog/UiDrawLog23.png	Rate in S-Rank pool:	70%									
1045	9980	<color=#26bbf9>70% rate in S-Rank pool</color>	Assets/Product/Texture/Image/UiDrawLog/UiDrawLog22.png	Assets/Product/Texture/Image/UiDrawLog/UiDrawLog23.png	Rate in S-Rank pool:	70%									
1046	9970	<color=#26bbf9>70% rate in S-Rank pool</color>	Assets/Product/Texture/Image/UiDrawLog/UiDrawLog22.png	Assets/Product/Texture/Image/UiDrawLog/UiDrawLog23.png	Rate in S-Rank pool:	70%									
1047	9960	<color=#26bbf9>70% rate in S-Rank pool</color>	Assets/Product/Texture/Image/UiDrawLog/UiDrawLog22.png	Assets/Product/Texture/Image/UiDrawLog/UiDrawLog23.png	Rate in S-Rank pool:	70%									
1048	9950	<color=#26bbf9>70% rate in S-Rank pool</color>	Assets/Product/Texture/Image/UiDrawLog/UiDrawLog22.png	Assets/Product/Texture/Image/UiDrawLog/UiDrawLog23.png	Rate in S-Rank pool:	70%									
1050	10000	<color=#26bbf9>70% rate in S-Rank pool</color>	Assets/Product/Texture/Image/UiDrawLog/UiDrawLog22.png	Assets/Product/Texture/Image/UiDrawLog/UiDrawLog23.png	Rate in S-Rank pool:	70%									
1051	9990	<color=#26bbf9>70% rate in S-Rank pool</color>	Assets/Product/Texture/Image/UiDrawLog/UiDrawLog22.png	Assets/Product/Texture/Image/UiDrawLog/UiDrawLog23.png	Rate in S-Rank pool:	70%									
1052	9980	<color=#26bbf9>70% rate in S-Rank pool</color>	Assets/Product/Texture/Image/UiDrawLog/UiDrawLog22.png	Assets/Product/Texture/Image/UiDrawLog/UiDrawLog23.png	Rate in S-Rank pool:	70%									
1053	9970	<color=#26bbf9>70% rate in S-Rank pool</color>	Assets/Product/Texture/Image/UiDrawLog/UiDrawLog22.png	Assets/Product/Texture/Image/UiDrawLog/UiDrawLog23.png	Rate in S-Rank pool:	70%									
1054	9960	<color=#26bbf9>70% rate in S-Rank pool</color>	Assets/Product/Texture/Image/UiDrawLog/UiDrawLog22.png	Assets/Product/Texture/Image/UiDrawLog/UiDrawLog23.png	Rate in S-Rank pool:	70%									
1055	9950	<color=#26bbf9>70% rate in S-Rank pool</color>	Assets/Product/Texture/Image/UiDrawLog/UiDrawLog22.png	Assets/Product/Texture/Image/UiDrawLog/UiDrawLog23.png	Rate in S-Rank pool:	70%									
1056	9940	<color=#26bbf9>70% rate in S-Rank pool</color>	Assets/Product/Texture/Image/UiDrawLog/UiDrawLog22.png	Assets/Product/Texture/Image/UiDrawLog/UiDrawLog23.png	Rate in S-Rank pool:	70%									
1057	9930	<color=#26bbf9>70% rate in S-Rank pool</color>	Assets/Product/Texture/Image/UiDrawLog/UiDrawLog22.png	Assets/Product/Texture/Image/UiDrawLog/UiDrawLog23.png	Rate in S-Rank pool:	70%									
1058	9920	<color=#26bbf9>70% rate in S-Rank pool</color>	Assets/Product/Texture/Image/UiDrawLog/UiDrawLog22.png	Assets/Product/Texture/Image/UiDrawLog/UiDrawLog23.png	Rate in S-Rank pool:	70%									
1059	9910	<color=#26bbf9>70% rate in S-Rank pool</color>	Assets/Product/Texture/Image/UiDrawLog/UiDrawLog22.png	Assets/Product/Texture/Image/UiDrawLog/UiDrawLog23.png	Rate in S-Rank pool:	70%									
1061	9900	<color=#26bbf9>70% rate in S-Rank pool</color>	Assets/Product/Texture/Image/UiDrawLog/UiDrawLog22.png	Assets/Product/Texture/Image/UiDrawLog/UiDrawLog23.png	Rate in S-Rank pool:	70%									
1062	9890	<color=#26bbf9>70% rate in S-Rank pool</color>	Assets/Product/Texture/Image/UiDrawLog/UiDrawLog22.png	Assets/Product/Texture/Image/UiDrawLog/UiDrawLog23.png	Rate in S-Rank pool:	70%									
1063	9880	<color=#26bbf9>70% rate in S-Rank pool</color>	Assets/Product/Texture/Image/UiDrawLog/UiDrawLog22.png	Assets/Product/Texture/Image/UiDrawLog/UiDrawLog23.png	Rate in S-Rank pool:	70%									
1064	9870	<color=#26bbf9>70% rate in S-Rank pool</color>	Assets/Product/Texture/Image/UiDrawLog/UiDrawLog22.png	Assets/Product/Texture/Image/UiDrawLog/UiDrawLog23.png	Rate in S-Rank pool:	70%									
1065	9860	<color=#26bbf9>70% rate in S-Rank pool</color>	Assets/Product/Texture/Image/UiDrawLog/UiDrawLog22.png	Assets/Product/Texture/Image/UiDrawLog/UiDrawLog23.png	Rate in S-Rank pool:	70%									
1066	9850	<color=#26bbf9>70% rate in S-Rank pool</color>	Assets/Product/Texture/Image/UiDrawLog/UiDrawLog22.png	Assets/Product/Texture/Image/UiDrawLog/UiDrawLog23.png	Rate in S-Rank pool:	70%									
1067	9840	<color=#26bbf9>70% rate in S-Rank pool</color>	Assets/Product/Texture/Image/UiDrawLog/UiDrawLog22.png	Assets/Product/Texture/Image/UiDrawLog/UiDrawLog23.png	Rate in S-Rank pool:	70%									
1068	9830	<color=#26bbf9>70% rate in S-Rank pool</color>	Assets/Product/Texture/Image/UiDrawLog/UiDrawLog22.png	Assets/Product/Texture/Image/UiDrawLog/UiDrawLog23.png	Rate in S-Rank pool:	70%									
1069	9820	<color=#26bbf9>70% rate in S-Rank pool</color>	Assets/Product/Texture/Image/UiDrawLog/UiDrawLog22.png	Assets/Product/Texture/Image/UiDrawLog/UiDrawLog23.png	Rate in S-Rank pool:	70%									
1070	9810	<color=#26bbf9>70% rate in S-Rank pool</color>	Assets/Product/Texture/Image/UiDrawLog/UiDrawLog22.png	Assets/Product/Texture/Image/UiDrawLog/UiDrawLog23.png	Rate in S-Rank pool:	70%									
1071	9800	<color=#26bbf9>70% rate in S-Rank pool</color>	Assets/Product/Texture/Image/UiDrawLog/UiDrawLog22.png	Assets/Product/Texture/Image/UiDrawLog/UiDrawLog23.png	Rate in S-Rank pool:	70%									
1072	9790	<color=#26bbf9>70% rate in S-Rank pool</color>	Assets/Product/Texture/Image/UiDrawLog/UiDrawLog22.png	Assets/Product/Texture/Image/UiDrawLog/UiDrawLog23.png	Rate in S-Rank pool:	70%									
1073	9780	<color=#ff8d1e>100% rate in S-Rank pool</color>	Assets/Product/Texture/Image/UiDrawLog/UiDrawLog22.png	Assets/Product/Texture/Image/UiDrawLog/UiDrawLog23.png	Rate in S-Rank pool:	100%									
1074	9770	<color=#26bbf9>70% rate in S-Rank pool</color>	Assets/Product/Texture/Image/UiDrawLog/UiDrawLog22.png	Assets/Product/Texture/Image/UiDrawLog/UiDrawLog23.png	Rate in S-Rank pool:	70%									
1075	9760	<color=#26bbf9>70% rate in S-Rank pool</color>	Assets/Product/Texture/Image/UiDrawLog/UiDrawLog22.png	Assets/Product/Texture/Image/UiDrawLog/UiDrawLog23.png	Rate in S-Rank pool:	70%									
1076	9750	<color=#26bbf9>70% rate in S-Rank pool</color>	Assets/Product/Texture/Image/UiDrawLog/UiDrawLog22.png	Assets/Product/Texture/Image/UiDrawLog/UiDrawLog23.png	Rate in S-Rank pool:	70%									
1077	9740	<color=#26bbf9>70% rate in S-Rank pool</color>	Assets/Product/Texture/Image/UiDrawLog/UiDrawLog22.png	Assets/Product/Texture/Image/UiDrawLog/UiDrawLog23.png	Rate in S-Rank pool:	70%									
1078	9730	<color=#26bbf9>70% rate in S-Rank pool</color>	Assets/Product/Texture/Image/UiDrawLog/UiDrawLog22.png	Assets/Product/Texture/Image/UiDrawLog/UiDrawLog23.png	Rate in S-Rank pool:	70%									
1079	9720	<color=#26bbf9>70% rate in S-Rank pool</color>	Assets/Product/Texture/Image/UiDrawLog/UiDrawLog22.png	Assets/Product/Texture/Image/UiDrawLog/UiDrawLog23.png	Rate in S-Rank pool:	70%									
1080	9710	<color=#26bbf9>70% rate in S-Rank pool</color>	Assets/Product/Texture/Image/UiDrawLog/UiDrawLog22.png	Assets/Product/Texture/Image/UiDrawLog/UiDrawLog23.png	Rate in S-Rank pool:	70%									
1081	9700	<color=#26bbf9>70% rate in S-Rank pool</color>	Assets/Product/Texture/Image/UiDrawLog/UiDrawLog22.png	Assets/Product/Texture/Image/UiDrawLog/UiDrawLog23.png	Rate in S-Rank pool:	70%									
1082	9690	<color=#26bbf9>70% rate in S-Rank pool</color>	Assets/Product/Texture/Image/UiDrawLog/UiDrawLog22.png	Assets/Product/Texture/Image/UiDrawLog/UiDrawLog23.png	Rate in S-Rank pool:	70%									
1083	9680	<color=#26bbf9>70% rate in S-Rank pool</color>	Assets/Product/Texture/Image/UiDrawLog/UiDrawLog22.png	Assets/Product/Texture/Image/UiDrawLog/UiDrawLog23.png	Rate in S-Rank pool:	70%									
1084	9670	<color=#26bbf9>70% rate in S-Rank pool</color>	Assets/Product/Texture/Image/UiDrawLog/UiDrawLog22.png	Assets/Product/Texture/Image/UiDrawLog/UiDrawLog23.png	Rate in S-Rank pool:	70%									
1085	9660	<color=#26bbf9>70% rate in S-Rank pool</color>	Assets/Product/Texture/Image/UiDrawLog/UiDrawLog22.png	Assets/Product/Texture/Image/UiDrawLog/UiDrawLog23.png	Rate in S-Rank pool:	70%									
1086	10000	<color=#ff8d1e>100% rate in S-Rank pool</color>	Assets/Product/Texture/Image/UiDrawLog/UiDrawLog22.png	Assets/Product/Texture/Image/UiDrawLog/UiDrawLog23.png	Rate in S-Rank pool:	100%									
1087	10000	<color=#26bbf9>70% rate in S-Rank pool</color>	Assets/Product/Texture/Image/UiDrawLog/UiDrawLog22.png	Assets/Product/Texture/Image/UiDrawLog/UiDrawLog23.png	Rate in S-Rank pool:	70%									
1088	9990	<color=#26bbf9>70% rate in S-Rank pool</color>	Assets/Product/Texture/Image/UiDrawLog/UiDrawLog22.png	Assets/Product/Texture/Image/UiDrawLog/UiDrawLog23.png	Rate in S-Rank pool:	70%									
1089	9980	<color=#26bbf9>70% rate in S-Rank pool</color>	Assets/Product/Texture/Image/UiDrawLog/UiDrawLog22.png	Assets/Product/Texture/Image/UiDrawLog/UiDrawLog23.png	Rate in S-Rank pool:	70%									
1090	9970	<color=#26bbf9>70% rate in S-Rank pool</color>	Assets/Product/Texture/Image/UiDrawLog/UiDrawLog22.png	Assets/Product/Texture/Image/UiDrawLog/UiDrawLog23.png	Rate in S-Rank pool:	70%									
1091	9960	<color=#26bbf9>70% rate in S-Rank pool</color>	Assets/Product/Texture/Image/UiDrawLog/UiDrawLog22.png	Assets/Product/Texture/Image/UiDrawLog/UiDrawLog23.png	Rate in S-Rank pool:	70%									
1092	9950	<color=#26bbf9>70% rate in S-Rank pool</color>	Assets/Product/Texture/Image/UiDrawLog/UiDrawLog22.png	Assets/Product/Texture/Image/UiDrawLog/UiDrawLog23.png	Rate in S-Rank pool:	70%									
1093	10000	<color=#26bbf9>70% rate in S-Rank pool</color>	Assets/Product/Texture/Image/UiDrawLog/UiDrawLog22.png	Assets/Product/Texture/Image/UiDrawLog/UiDrawLog23.png	Rate in S-Rank pool:	70%									
1094	9990	<color=#26bbf9>70% rate in S-Rank pool</color>	Assets/Product/Texture/Image/UiDrawLog/UiDrawLog22.png	Assets/Product/Texture/Image/UiDrawLog/UiDrawLog23.png	Rate in S-Rank pool:	70%									
1095	9980	<color=#26bbf9>70% rate in S-Rank pool</color>	Assets/Product/Texture/Image/UiDrawLog/UiDrawLog22.png	Assets/Product/Texture/Image/UiDrawLog/UiDrawLog23.png	Rate in S-Rank pool:	70%									
1096	9970	<color=#26bbf9>70% rate in S-Rank pool</color>	Assets/Product/Texture/Image/UiDrawLog/UiDrawLog22.png	Assets/Product/Texture/Image/UiDrawLog/UiDrawLog23.png	Rate in S-Rank pool:	70%									
1097	9960	<color=#26bbf9>70% rate in S-Rank pool</color>	Assets/Product/Texture/Image/UiDrawLog/UiDrawLog22.png	Assets/Product/Texture/Image/UiDrawLog/UiDrawLog23.png	Rate in S-Rank pool:	70%									
1098	9950	<color=#26bbf9>70% rate in S-Rank pool</color>	Assets/Product/Texture/Image/UiDrawLog/UiDrawLog22.png	Assets/Product/Texture/Image/UiDrawLog/UiDrawLog23.png	Rate in S-Rank pool:	70%									
1099	9940	<color=#26bbf9>70% rate in S-Rank pool</color>	Assets/Product/Texture/Image/UiDrawLog/UiDrawLog22.png	Assets/Product/Texture/Image/UiDrawLog/UiDrawLog23.png	Rate in S-Rank pool:	70%									
1100	9930	<color=#26bbf9>70% rate in S-Rank pool</color>	Assets/Product/Texture/Image/UiDrawLog/UiDrawLog22.png	Assets/Product/Texture/Image/UiDrawLog/UiDrawLog23.png	Rate in S-Rank pool:	70%									
1101	10000	<color=#ff8d1e>100% rate in S-Rank pool</color>	Assets/Product/Texture/Image/UiDrawLog/UiDrawLog22.png	Assets/Product/Texture/Image/UiDrawLog/UiDrawLog23.png	Rate in S-Rank pool:	100%									
1102	10000	<color=#26bbf9>70% rate in S-Rank pool</color>	Assets/Product/Texture/Image/UiDrawLog/UiDrawLog22.png	Assets/Product/Texture/Image/UiDrawLog/UiDrawLog23.png	Rate in S-Rank pool:	70%									
1103	9990	<color=#26bbf9>70% rate in S-Rank pool</color>	Assets/Product/Texture/Image/UiDrawLog/UiDrawLog22.png	Assets/Product/Texture/Image/UiDrawLog/UiDrawLog23.png	Rate in S-Rank pool:	70%									
1104	9980	<color=#26bbf9>70% rate in S-Rank pool</color>	Assets/Product/Texture/Image/UiDrawLog/UiDrawLog22.png	Assets/Product/Texture/Image/UiDrawLog/UiDrawLog23.png	Rate in S-Rank pool:	70%									
1105	9970	<color=#26bbf9>70% rate in S-Rank pool</color>	Assets/Product/Texture/Image/UiDrawLog/UiDrawLog22.png	Assets/Product/Texture/Image/UiDrawLog/UiDrawLog23.png	Rate in S-Rank pool:	70%									
1106	9960	<color=#26bbf9>70% rate in S-Rank pool</color>	Assets/Product/Texture/Image/UiDrawLog/UiDrawLog22.png	Assets/Product/Texture/Image/UiDrawLog/UiDrawLog23.png	Rate in S-Rank pool:	70%									
1107	9950	<color=#26bbf9>70% rate in S-Rank pool</color>	Assets/Product/Texture/Image/UiDrawLog/UiDrawLog22.png	Assets/Product/Texture/Image/UiDrawLog/UiDrawLog23.png	Rate in S-Rank pool:	70%									
1108	10000	<color=#ff8d1e>100% rate in S-Rank pool</color>	Assets/Product/Texture/Image/UiDrawLog/UiDrawLog22.png	Assets/Product/Texture/Image/UiDrawLog/UiDrawLog23.png	Rate in S-Rank pool:	100%									
1109	10000	<color=#26bbf9>70% rate in S-Rank pool</color>	Assets/Product/Texture/Image/UiDrawLog/UiDrawLog22.png	Assets/Product/Texture/Image/UiDrawLog/UiDrawLog23.png	Rate in S-Rank pool:	70%									
1110	9990	<color=#26bbf9>70% rate in S-Rank pool</color>	Assets/Product/Texture/Image/UiDrawLog/UiDrawLog22.png	Assets/Product/Texture/Image/UiDrawLog/UiDrawLog23.png	Rate in S-Rank pool:	70%									
1111	10000	<color=#26bbf9>70% rate in S-Rank pool</color>	Assets/Product/Texture/Image/UiDrawLog/UiDrawLog22.png	Assets/Product/Texture/Image/UiDrawLog/UiDrawLog23.png	Rate in S-Rank pool:	70%									
1112	9990	<color=#26bbf9>70% rate in S-Rank pool</color>	Assets/Product/Texture/Image/UiDrawLog/UiDrawLog22.png	Assets/Product/Texture/Image/UiDrawLog/UiDrawLog23.png	Rate in S-Rank pool:	70%									
1113	9980	<color=#26bbf9>70% rate in S-Rank pool</color>	Assets/Product/Texture/Image/UiDrawLog/UiDrawLog22.png	Assets/Product/Texture/Image/UiDrawLog/UiDrawLog23.png	Rate in S-Rank pool:	70%									
1114	9970	<color=#26bbf9>70% rate in S-Rank pool</color>	Assets/Product/Texture/Image/UiDrawLog/UiDrawLog22.png	Assets/Product/Texture/Image/UiDrawLog/UiDrawLog23.png	Rate in S-Rank pool:	70%									
1115	9960	<color=#26bbf9>70% rate in S-Rank pool</color>	Assets/Product/Texture/Image/UiDrawLog/UiDrawLog22.png	Assets/Product/Texture/Image/UiDrawLog/UiDrawLog23.png	Rate in S-Rank pool:	70%									
1116	9950	<color=#26bbf9>70% rate in S-Rank pool</color>	Assets/Product/Texture/Image/UiDrawLog/UiDrawLog22.png	Assets/Product/Texture/Image/UiDrawLog/UiDrawLog23.png	Rate in S-Rank pool:	70%									
1117	9940	<color=#26bbf9>70% rate in S-Rank pool</color>	Assets/Product/Texture/Image/UiDrawLog/UiDrawLog22.png	Assets/Product/Texture/Image/UiDrawLog/UiDrawLog23.png	Rate in S-Rank pool:	70%									
1118	9930	<color=#26bbf9>70% rate in S-Rank pool</color>	Assets/Product/Texture/Image/UiDrawLog/UiDrawLog22.png	Assets/Product/Texture/Image/UiDrawLog/UiDrawLog23.png	Rate in S-Rank pool:	70%									
1119	9920	<color=#26bbf9>70% rate in S-Rank pool</color>	Assets/Product/Texture/Image/UiDrawLog/UiDrawLog22.png	Assets/Product/Texture/Image/UiDrawLog/UiDrawLog23.png	Rate in S-Rank pool:	70%									
1120	10000	<color=#ff8d1e>100% rate in S-Rank pool</color>	Assets/Product/Texture/Image/UiDrawLog/UiDrawLog22.png	Assets/Product/Texture/Image/UiDrawLog/UiDrawLog23.png	Rate in S-Rank pool:	100%									
1121	10000	<color=#26bbf9>70% rate in S-Rank pool</color>	Assets/Product/Texture/Image/UiDrawLog/UiDrawLog22.png	Assets/Product/Texture/Image/UiDrawLog/UiDrawLog23.png	Rate in S-Rank pool:	70%									
1122	9990	<color=#26bbf9>70% rate in S-Rank pool</color>	Assets/Product/Texture/Image/UiDrawLog/UiDrawLog22.png	Assets/Product/Texture/Image/UiDrawLog/UiDrawLog23.png	Rate in S-Rank pool:	70%									
1123	9980	<color=#26bbf9>70% rate in S-Rank pool</color>	Assets/Product/Texture/Image/UiDrawLog/UiDrawLog22.png	Assets/Product/Texture/Image/UiDrawLog/UiDrawLog23.png	Rate in S-Rank pool:	70%									
1124	9970	<color=#26bbf9>70% rate in S-Rank pool</color>	Assets/Product/Texture/Image/UiDrawLog/UiDrawLog22.png	Assets/Product/Texture/Image/UiDrawLog/UiDrawLog23.png	Rate in S-Rank pool:	70%									
1125	9960	<color=#26bbf9>70% rate in S-Rank pool</color>	Assets/Product/Texture/Image/UiDrawLog/UiDrawLog22.png	Assets/Product/Texture/Image/UiDrawLog/UiDrawLog23.png	Rate in S-Rank pool:	70%									
1126	9950	<color=#26bbf9>70% rate in S-Rank pool</color>	Assets/Product/Texture/Image/UiDrawLog/UiDrawLog22.png	Assets/Product/Texture/Image/UiDrawLog/UiDrawLog23.png	Rate in S-Rank pool:	70%									
1127	9940	<color=#26bbf9>70% rate in S-Rank pool</color>	Assets/Product/Texture/Image/UiDrawLog/UiDrawLog22.png	Assets/Product/Texture/Image/UiDrawLog/UiDrawLog23.png	Rate in S-Rank pool:	70%									
1128	9930	<color=#26bbf9>70% rate in S-Rank pool</color>	Assets/Product/Texture/Image/UiDrawLog/UiDrawLog22.png	Assets/Product/Texture/Image/UiDrawLog/UiDrawLog23.png	Rate in S-Rank pool:	70%									
1129	9920	<color=#26bbf9>70% rate in S-Rank pool</color>	Assets/Product/Texture/Image/UiDrawLog/UiDrawLog22.png	Assets/Product/Texture/Image/UiDrawLog/UiDrawLog23.png	Rate in S-Rank pool:	70%									
1130	10000	<color=#26bbf9>70% rate in S-Rank pool</color>	Assets/Product/Texture/Image/UiDrawLog/UiDrawLog22.png	Assets/Product/Texture/Image/UiDrawLog/UiDrawLog23.png	Rate in S-Rank pool:	70%									
1131	9990	<color=#26bbf9>70% rate in S-Rank pool</color>	Assets/Product/Texture/Image/UiDrawLog/UiDrawLog22.png	Assets/Product/Texture/Image/UiDrawLog/UiDrawLog23.png	Rate in S-Rank pool:	70%									
1132	9980	<color=#26bbf9>70% rate in S-Rank pool</color>	Assets/Product/Texture/Image/UiDrawLog/UiDrawLog22.png	Assets/Product/Texture/Image/UiDrawLog/UiDrawLog23.png	Rate in S-Rank pool:	70%									
1133	9970	<color=#26bbf9>70% rate in S-Rank pool</color>	Assets/Product/Texture/Image/UiDrawLog/UiDrawLog22.png	Assets/Product/Texture/Image/UiDrawLog/UiDrawLog23.png	Rate in S-Rank pool:	70%									
1134	9960	<color=#26bbf9>70% rate in S-Rank pool</color>	Assets/Product/Texture/Image/UiDrawLog/UiDrawLog22.png	Assets/Product/Texture/Image/UiDrawLog/UiDrawLog23.png	Rate in S-Rank pool:	70%									
1135	9950	<color=#26bbf9>70% rate in S-Rank pool</color>	Assets/Product/Texture/Image/UiDrawLog/UiDrawLog22.png	Assets/Product/Texture/Image/UiDrawLog/UiDrawLog23.png	Rate in S-Rank pool:	70%									
1136	9940	<color=#26bbf9>70% rate in S-Rank pool</color>	Assets/Product/Texture/Image/UiDrawLog/UiDrawLog22.png	Assets/Product/Texture/Image/UiDrawLog/UiDrawLog23.png	Rate in S-Rank pool:	70%									
1137	9930	<color=#26bbf9>70% rate in S-Rank pool</color>	Assets/Product/Texture/Image/UiDrawLog/UiDrawLog22.png	Assets/Product/Texture/Image/UiDrawLog/UiDrawLog23.png	Rate in S-Rank pool:	70%									
1138	9920	<color=#26bbf9>70% rate in S-Rank pool</color>	Assets/Product/Texture/Image/UiDrawLog/UiDrawLog22.png	Assets/Product/Texture/Image/UiDrawLog/UiDrawLog23.png	Rate in S-Rank pool:	70%									
1139	10000	<color=#ff8d1e>100% rate in S-Rank pool</color>	Assets/Product/Texture/Image/UiDrawLog/UiDrawLog22.png	Assets/Product/Texture/Image/UiDrawLog/UiDrawLog23.png	Rate in S-Rank pool:	100%									
1140	10000	<color=#26bbf9>70% rate in S-Rank pool</color>	Assets/Product/Texture/Image/UiDrawLog/UiDrawLog22.png	Assets/Product/Texture/Image/UiDrawLog/UiDrawLog23.png	Rate in S-Rank pool:	70%									
1141	9990	<color=#26bbf9>70% rate in S-Rank pool</color>	Assets/Product/Texture/Image/UiDrawLog/UiDrawLog22.png	Assets/Product/Texture/Image/UiDrawLog/UiDrawLog23.png	Rate in S-Rank pool:	70%									
1142	9980	<color=#26bbf9>70% rate in S-Rank pool</color>	Assets/Product/Texture/Image/UiDrawLog/UiDrawLog22.png	Assets/Product/Texture/Image/UiDrawLog/UiDrawLog23.png	Rate in S-Rank pool:	70%									
1143	9970	<color=#26bbf9>70% rate in S-Rank pool</color>	Assets/Product/Texture/Image/UiDrawLog/UiDrawLog22.png	Assets/Product/Texture/Image/UiDrawLog/UiDrawLog23.png	Rate in S-Rank pool:	70%									
1144	9960	<color=#26bbf9>70% rate in S-Rank pool</color>	Assets/Product/Texture/Image/UiDrawLog/UiDrawLog22.png	Assets/Product/Texture/Image/UiDrawLog/UiDrawLog23.png	Rate in S-Rank pool:	70%									
1145	9950	<color=#26bbf9>70% rate in S-Rank pool</color>	Assets/Product/Texture/Image/UiDrawLog/UiDrawLog22.png	Assets/Product/Texture/Image/UiDrawLog/UiDrawLog23.png	Rate in S-Rank pool:	70%									
1146	9940	<color=#26bbf9>70% rate in S-Rank pool</color>	Assets/Product/Texture/Image/UiDrawLog/UiDrawLog22.png	Assets/Product/Texture/Image/UiDrawLog/UiDrawLog23.png	Rate in S-Rank pool:	70%									
1147	9930	<color=#26bbf9>70% rate in S-Rank pool</color>	Assets/Product/Texture/Image/UiDrawLog/UiDrawLog22.png	Assets/Product/Texture/Image/UiDrawLog/UiDrawLog23.png	Rate in S-Rank pool:	70%									
1148	9920	<color=#26bbf9>70% rate in S-Rank pool</color>	Assets/Product/Texture/Image/UiDrawLog/UiDrawLog22.png	Assets/Product/Texture/Image/UiDrawLog/UiDrawLog23.png	Rate in S-Rank pool:	70%									
1149	10000	<color=#26bbf9>70% rate in S-Rank pool</color>	Assets/Product/Texture/Image/UiDrawLog/UiDrawLog22.png	Assets/Product/Texture/Image/UiDrawLog/UiDrawLog23.png	Rate in S-Rank pool:	70%									
1150	9990	<color=#26bbf9>70% rate in S-Rank pool</color>	Assets/Product/Texture/Image/UiDrawLog/UiDrawLog22.png	Assets/Product/Texture/Image/UiDrawLog/UiDrawLog23.png	Rate in S-Rank pool:	70%									
1151	9980	<color=#26bbf9>70% rate in S-Rank pool</color>	Assets/Product/Texture/Image/UiDrawLog/UiDrawLog22.png	Assets/Product/Texture/Image/UiDrawLog/UiDrawLog23.png	Rate in S-Rank pool:	70%									
1152	9970	<color=#26bbf9>70% rate in S-Rank pool</color>	Assets/Product/Texture/Image/UiDrawLog/UiDrawLog22.png	Assets/Product/Texture/Image/UiDrawLog/UiDrawLog23.png	Rate in S-Rank pool:	70%									
1153	9960	<color=#26bbf9>70% rate in S-Rank pool</color>	Assets/Product/Texture/Image/UiDrawLog/UiDrawLog22.png	Assets/Product/Texture/Image/UiDrawLog/UiDrawLog23.png	Rate in S-Rank pool:	70%									
1154	9950	<color=#26bbf9>70% rate in S-Rank pool</color>	Assets/Product/Texture/Image/UiDrawLog/UiDrawLog22.png	Assets/Product/Texture/Image/UiDrawLog/UiDrawLog23.png	Rate in S-Rank pool:	70%									
1155	9940	<color=#26bbf9>70% rate in S-Rank pool</color>	Assets/Product/Texture/Image/UiDrawLog/UiDrawLog22.png	Assets/Product/Texture/Image/UiDrawLog/UiDrawLog23.png	Rate in S-Rank pool:	70%									
1156	9930	<color=#26bbf9>70% rate in S-Rank pool</color>	Assets/Product/Texture/Image/UiDrawLog/UiDrawLog22.png	Assets/Product/Texture/Image/UiDrawLog/UiDrawLog23.png	Rate in S-Rank pool:	70%									
1157	9920	<color=#26bbf9>70% rate in S-Rank pool</color>	Assets/Product/Texture/Image/UiDrawLog/UiDrawLog22.png	Assets/Product/Texture/Image/UiDrawLog/UiDrawLog23.png	Rate in S-Rank pool:	70%									
1158	10000	<color=#ff8d1e>100% rate in S-Rank pool</color>	Assets/Product/Texture/Image/UiDrawLog/UiDrawLog22.png	Assets/Product/Texture/Image/UiDrawLog/UiDrawLog23.png	Rate in S-Rank pool:	100%									
1159	10000	<color=#26bbf9>70% rate in S-Rank pool</color>	Assets/Product/Texture/Image/UiDrawLog/UiDrawLog22.png	Assets/Product/Texture/Image/UiDrawLog/UiDrawLog23.png	Rate in S-Rank pool:	70%									
1160	9990	<color=#26bbf9>70% rate in S-Rank pool</color>	Assets/Product/Texture/Image/UiDrawLog/UiDrawLog22.png	Assets/Product/Texture/Image/UiDrawLog/UiDrawLog23.png	Rate in S-Rank pool:	70%									
1161	9980	<color=#26bbf9>70% rate in S-Rank pool</color>	Assets/Product/Texture/Image/UiDrawLog/UiDrawLog22.png	Assets/Product/Texture/Image/UiDrawLog/UiDrawLog23.png	Rate in S-Rank pool:	70%									
1162	9970	<color=#26bbf9>70% rate in S-Rank pool</color>	Assets/Product/Texture/Image/UiDrawLog/UiDrawLog22.png	Assets/Product/Texture/Image/UiDrawLog/UiDrawLog23.png	Rate in S-Rank pool:	70%									
1163	9960	<color=#26bbf9>70% rate in S-Rank pool</color>	Assets/Product/Texture/Image/UiDrawLog/UiDrawLog22.png	Assets/Product/Texture/Image/UiDrawLog/UiDrawLog23.png	Rate in S-Rank pool:	70%									
1164	9950	<color=#26bbf9>70% rate in S-Rank pool</color>	Assets/Product/Texture/Image/UiDrawLog/UiDrawLog22.png	Assets/Product/Texture/Image/UiDrawLog/UiDrawLog23.png	Rate in S-Rank pool:	70%									
1165	9940	<color=#26bbf9>70% rate in S-Rank pool</color>	Assets/Product/Texture/Image/UiDrawLog/UiDrawLog22.png	Assets/Product/Texture/Image/UiDrawLog/UiDrawLog23.png	Rate in S-Rank pool:	70%									
1166	9930	<color=#26bbf9>70% rate in S-Rank pool</color>	Assets/Product/Texture/Image/UiDrawLog/UiDrawLog22.png	Assets/Product/Texture/Image/UiDrawLog/UiDrawLog23.png	Rate in S-Rank pool:	70%									
1167	9920	<color=#26bbf9>70% rate in S-Rank pool</color>	Assets/Product/Texture/Image/UiDrawLog/UiDrawLog22.png	Assets/Product/Texture/Image/UiDrawLog/UiDrawLog23.png	Rate in S-Rank pool:	70%									
1168	10000	<color=#26bbf9>70% rate in S-Rank pool</color>	Assets/Product/Texture/Image/UiDrawLog/UiDrawLog22.png	Assets/Product/Texture/Image/UiDrawLog/UiDrawLog23.png	Rate in S-Rank pool:	70%									
1169	9990	<color=#26bbf9>70% rate in S-Rank pool</color>	Assets/Product/Texture/Image/UiDrawLog/UiDrawLog22.png	Assets/Product/Texture/Image/UiDrawLog/UiDrawLog23.png	Rate in S-Rank pool:	70%									
1170	9980	<color=#26bbf9>70% rate in S-Rank pool</color>	Assets/Product/Texture/Image/UiDrawLog/UiDrawLog22.png	Assets/Product/Texture/Image/UiDrawLog/UiDrawLog23.png	Rate in S-Rank pool:	70%									
1171	9970	<color=#26bbf9>70% rate in S-Rank pool</color>	Assets/Product/Texture/Image/UiDrawLog/UiDrawLog22.png	Assets/Product/Texture/Image/UiDrawLog/UiDrawLog23.png	Rate in S-Rank pool:	70%									
1172	9960	<color=#26bbf9>70% rate in S-Rank pool</color>	Assets/Product/Texture/Image/UiDrawLog/UiDrawLog22.png	Assets/Product/Texture/Image/UiDrawLog/UiDrawLog23.png	Rate in S-Rank pool:	70%									
1173	9950	<color=#26bbf9>70% rate in S-Rank pool</color>	Assets/Product/Texture/Image/UiDrawLog/UiDrawLog22.png	Assets/Product/Texture/Image/UiDrawLog/UiDrawLog23.png	Rate in S-Rank pool:	70%									
1174	9940	<color=#26bbf9>70% rate in S-Rank pool</color>	Assets/Product/Texture/Image/UiDrawLog/UiDrawLog22.png	Assets/Product/Texture/Image/UiDrawLog/UiDrawLog23.png	Rate in S-Rank pool:	70%									
1175	9930	<color=#26bbf9>70% rate in S-Rank pool</color>	Assets/Product/Texture/Image/UiDrawLog/UiDrawLog22.png	Assets/Product/Texture/Image/UiDrawLog/UiDrawLog23.png	Rate in S-Rank pool:	70%									
1176	9920	<color=#26bbf9>70% rate in S-Rank pool</color>	Assets/Product/Texture/Image/UiDrawLog/UiDrawLog22.png	Assets/Product/Texture/Image/UiDrawLog/UiDrawLog23.png	Rate in S-Rank pool:	70%									
1177	10000	<color=#ff8d1e>100% rate in S-Rank pool</color>	Assets/Product/Texture/Image/UiDrawLog/UiDrawLog22.png	Assets/Product/Texture/Image/UiDrawLog/UiDrawLog23.png	Rate in S-Rank pool:	100%									
1178	10000	<color=#26bbf9>70% rate in S-Rank pool</color>	Assets/Product/Texture/Image/UiDrawLog/UiDrawLog22.png	Assets/Product/Texture/Image/UiDrawLog/UiDrawLog23.png	Rate in S-Rank pool:	70%									
1179	9990	<color=#26bbf9>70% rate in S-Rank pool</color>	Assets/Product/Texture/Image/UiDrawLog/UiDrawLog22.png	Assets/Product/Texture/Image/UiDrawLog/UiDrawLog23.png	Rate in S-Rank pool:	70%									
1180	9980	<color=#26bbf9>70% rate in S-Rank pool</color>	Assets/Product/Texture/Image/UiDrawLog/UiDrawLog22.png	Assets/Product/Texture/Image/UiDrawLog/UiDrawLog23.png	Rate in S-Rank pool:	70%									
1181	9970	<color=#26bbf9>70% rate in S-Rank pool</color>	Assets/Product/Texture/Image/UiDrawLog/UiDrawLog22.png	Assets/Product/Texture/Image/UiDrawLog/UiDrawLog23.png	Rate in S-Rank pool:	70%									
1182	9960	<color=#26bbf9>70% rate in S-Rank pool</color>	Assets/Product/Texture/Image/UiDrawLog/UiDrawLog22.png	Assets/Product/Texture/Image/UiDrawLog/UiDrawLog23.png	Rate in S-Rank pool:	70%									
1183	9950	<color=#26bbf9>70% rate in S-Rank pool</color>	Assets/Product/Texture/Image/UiDrawLog/UiDrawLog22.png	Assets/Product/Texture/Image/UiDrawLog/UiDrawLog23.png	Rate in S-Rank pool:	70%									
1184	9940	<color=#26bbf9>70% rate in S-Rank pool</color>	Assets/Product/Texture/Image/UiDrawLog/UiDrawLog22.png	Assets/Product/Texture/Image/UiDrawLog/UiDrawLog23.png	Rate in S-Rank pool:	70%									
1185	9930	<color=#26bbf9>70% rate in S-Rank pool</color>	Assets/Product/Texture/Image/UiDrawLog/UiDrawLog22.png	Assets/Product/Texture/Image/UiDrawLog/UiDrawLog23.png	Rate in S-Rank pool:	70%									
1186	9920	<color=#26bbf9>70% rate in S-Rank pool</color>	Assets/Product/Texture/Image/UiDrawLog/UiDrawLog22.png	Assets/Product/Texture/Image/UiDrawLog/UiDrawLog23.png	Rate in S-Rank pool:	70%									
1187	10000	<color=#ff8d1e>100% rate in S-Rank pool</color>	Assets/Product/Texture/Image/UiDrawLog/UiDrawLog22.png	Assets/Product/Texture/Image/UiDrawLog/UiDrawLog23.png	Rate in S-Rank pool:	100%									
1188	10000	<color=#26bbf9>70% rate in S-Rank pool</color>	Assets/Product/Texture/Image/UiDrawLog/UiDrawLog22.png	Assets/Product/Texture/Image/UiDrawLog/UiDrawLog23.png	Rate in S-Rank pool:	70%									
1189	9990	<color=#26bbf9>70% rate in S-Rank pool</color>	Assets/Product/Texture/Image/UiDrawLog/UiDrawLog22.png	Assets/Product/Texture/Image/UiDrawLog/UiDrawLog23.png	Rate in S-Rank pool:	70%									
1190	9980	<color=#26bbf9>70% rate in S-Rank pool</color>	Assets/Product/Texture/Image/UiDrawLog/UiDrawLog22.png	Assets/Product/Texture/Image/UiDrawLog/UiDrawLog23.png	Rate in S-Rank pool:	70%									
1191	9970	<color=#26bbf9>70% rate in S-Rank pool</color>	Assets/Product/Texture/Image/UiDrawLog/UiDrawLog22.png	Assets/Product/Texture/Image/UiDrawLog/UiDrawLog23.png	Rate in S-Rank pool:	70%									
1192	9960	<color=#26bbf9>70% rate in S-Rank pool</color>	Assets/Product/Texture/Image/UiDrawLog/UiDrawLog22.png	Assets/Product/Texture/Image/UiDrawLog/UiDrawLog23.png	Rate in S-Rank pool:	70%									
1193	9950	<color=#26bbf9>70% rate in S-Rank pool</color>	Assets/Product/Texture/Image/UiDrawLog/UiDrawLog22.png	Assets/Product/Texture/Image/UiDrawLog/UiDrawLog23.png	Rate in S-Rank pool:	70%									
1194	9940	<color=#26bbf9>70% rate in S-Rank pool</color>	Assets/Product/Texture/Image/UiDrawLog/UiDrawLog22.png	Assets/Product/Texture/Image/UiDrawLog/UiDrawLog23.png	Rate in S-Rank pool:	70%									
1195	9930	<color=#26bbf9>70% rate in S-Rank pool</color>	Assets/Product/Texture/Image/UiDrawLog/UiDrawLog22.png	Assets/Product/Texture/Image/UiDrawLog/UiDrawLog23.png	Rate in S-Rank pool:	70%									
1196	9920	<color=#26bbf9>70% rate in S-Rank pool</color>	Assets/Product/Texture/Image/UiDrawLog/UiDrawLog22.png	Assets/Product/Texture/Image/UiDrawLog/UiDrawLog23.png	Rate in S-Rank pool:	70%									
1197	10000	<color=#ff8d1e>100% rate in S-Rank pool</color>	Assets/Product/Texture/Image/UiDrawLog/UiDrawLog22.png	Assets/Product/Texture/Image/UiDrawLog/UiDrawLog23.png	Rate in S-Rank pool:	100%									
1198	10000	<color=#26bbf9>70% rate in S-Rank pool</color>	Assets/Product/Texture/Image/UiDrawLog/UiDrawLog22.png	Assets/Product/Texture/Image/UiDrawLog/UiDrawLog23.png	Rate in S-Rank pool:	70%									
1199	9990	<color=#26bbf9>70% rate in S-Rank pool</color>	Assets/Product/Texture/Image/UiDrawLog/UiDrawLog22.png	Assets/Product/Texture/Image/UiDrawLog/UiDrawLog23.png	Rate in S-Rank pool:	70%									
1200	9980	<color=#26bbf9>70% rate in S-Rank pool</color>	Assets/Product/Texture/Image/UiDrawLog/UiDrawLog22.png	Assets/Product/Texture/Image/UiDrawLog/UiDrawLog23.png	Rate in S-Rank pool:	70%									
1201	9970	<color=#26bbf9>70% rate in S-Rank pool</color>	Assets/Product/Texture/Image/UiDrawLog/UiDrawLog22.png	Assets/Product/Texture/Image/UiDrawLog/UiDrawLog23.png	Rate in S-Rank pool:	70%									
1202	9960	<color=#26bbf9>70% rate in S-Rank pool</color>	Assets/Product/Texture/Image/UiDrawLog/UiDrawLog22.png	Assets/Product/Texture/Image/UiDrawLog/UiDrawLog23.png	Rate in S-Rank pool:	70%									
1203	9950	<color=#26bbf9>70% rate in S-Rank pool</color>	Assets/Product/Texture/Image/UiDrawLog/UiDrawLog22.png	Assets/Product/Texture/Image/UiDrawLog/UiDrawLog23.png	Rate in S-Rank pool:	70%									
1204	9940	<color=#26bbf9>70% rate in S-Rank pool</color>	Assets/Product/Texture/Image/UiDrawLog/UiDrawLog22.png	Assets/Product/Texture/Image/UiDrawLog/UiDrawLog23.png	Rate in S-Rank pool:	70%									
1205	9930	<color=#26bbf9>70% rate in S-Rank pool</color>	Assets/Product/Texture/Image/UiDrawLog/UiDrawLog22.png	Assets/Product/Texture/Image/UiDrawLog/UiDrawLog23.png	Rate in S-Rank pool:	70%									
1206	9920	<color=#26bbf9>70% rate in S-Rank pool</color>	Assets/Product/Texture/Image/UiDrawLog/UiDrawLog22.png	Assets/Product/Texture/Image/UiDrawLog/UiDrawLog23.png	Rate in S-Rank pool:	70%									
1207	10000	<color=#26bbf9>70% rate in S-Rank pool</color>	Assets/Product/Texture/Image/UiDrawLog/UiDrawLog22.png	Assets/Product/Texture/Image/UiDrawLog/UiDrawLog23.png	Rate in S-Rank pool:	70%									
1208	9990	<color=#26bbf9>70% rate in S-Rank pool</color>	Assets/Product/Texture/Image/UiDrawLog/UiDrawLog22.png	Assets/Product/Texture/Image/UiDrawLog/UiDrawLog23.png	Rate in S-Rank pool:	70%									
1209	9980	<color=#26bbf9>70% rate in S-Rank pool</color>	Assets/Product/Texture/Image/UiDrawLog/UiDrawLog22.png	Assets/Product/Texture/Image/UiDrawLog/UiDrawLog23.png	Rate in S-Rank pool:	70%									
1210	9970	<color=#26bbf9>70% rate in S-Rank pool</color>	Assets/Product/Texture/Image/UiDrawLog/UiDrawLog22.png	Assets/Product/Texture/Image/UiDrawLog/UiDrawLog23.png	Rate in S-Rank pool:	70%									
1211	9960	<color=#26bbf9>70% rate in S-Rank pool</color>	Assets/Product/Texture/Image/UiDrawLog/UiDrawLog22.png	Assets/Product/Texture/Image/UiDrawLog/UiDrawLog23.png	Rate in S-Rank pool:	70%									
1212	9950	<color=#26bbf9>70% rate in S-Rank pool</color>	Assets/Product/Texture/Image/UiDrawLog/UiDrawLog22.png	Assets/Product/Texture/Image/UiDrawLog/UiDrawLog23.png	Rate in S-Rank pool:	70%									
1213	9940	<color=#26bbf9>70% rate in S-Rank pool</color>	Assets/Product/Texture/Image/UiDrawLog/UiDrawLog22.png	Assets/Product/Texture/Image/UiDrawLog/UiDrawLog23.png	Rate in S-Rank pool:	70%									
1214	9930	<color=#26bbf9>70% rate in S-Rank pool</color>	Assets/Product/Texture/Image/UiDrawLog/UiDrawLog22.png	Assets/Product/Texture/Image/UiDrawLog/UiDrawLog23.png	Rate in S-Rank pool:	70%									
1215	9920	<color=#26bbf9>70% rate in S-Rank pool</color>	Assets/Product/Texture/Image/UiDrawLog/UiDrawLog22.png	Assets/Product/Texture/Image/UiDrawLog/UiDrawLog23.png	Rate in S-Rank pool:	70%									
1216	10000	<color=#ff8d1e>100% rate in S-Rank pool</color>	Assets/Product/Texture/Image/UiDrawLog/UiDrawLog22.png	Assets/Product/Texture/Image/UiDrawLog/UiDrawLog23.png	Rate in S-Rank pool:	100%									
1217	10000	<color=#26bbf9>70% rate in S-Rank pool</color>	Assets/Product/Texture/Image/UiDrawLog/UiDrawLog22.png	Assets/Product/Texture/Image/UiDrawLog/UiDrawLog23.png	Rate in S-Rank pool:	70%									
1218	9990	<color=#26bbf9>70% rate in S-Rank pool</color>	Assets/Product/Texture/Image/UiDrawLog/UiDrawLog22.png	Assets/Product/Texture/Image/UiDrawLog/UiDrawLog23.png	Rate in S-Rank pool:	70%									
1219	9980	<color=#26bbf9>70% rate in S-Rank pool</color>	Assets/Product/Texture/Image/UiDrawLog/UiDrawLog22.png	Assets/Product/Texture/Image/UiDrawLog/UiDrawLog23.png	Rate in S-Rank pool:	70%									
1220	9970	<color=#26bbf9>70% rate in S-Rank pool</color>	Assets/Product/Texture/Image/UiDrawLog/UiDrawLog22.png	Assets/Product/Texture/Image/UiDrawLog/UiDrawLog23.png	Rate in S-Rank pool:	70%									
1221	9960	<color=#26bbf9>70% rate in S-Rank pool</color>	Assets/Product/Texture/Image/UiDrawLog/UiDrawLog22.png	Assets/Product/Texture/Image/UiDrawLog/UiDrawLog23.png	Rate in S-Rank pool:	70%									
1222	9950	<color=#26bbf9>70% rate in S-Rank pool</color>	Assets/Product/Texture/Image/UiDrawLog/UiDrawLog22.png	Assets/Product/Texture/Image/UiDrawLog/UiDrawLog23.png	Rate in S-Rank pool:	70%									
1223	9940	<color=#26bbf9>70% rate in S-Rank pool</color>	Assets/Product/Texture/Image/UiDrawLog/UiDrawLog22.png	Assets/Product/Texture/Image/UiDrawLog/UiDrawLog23.png	Rate in S-Rank pool:	70%									
1224	9930	<color=#26bbf9>70% rate in S-Rank pool</color>	Assets/Product/Texture/Image/UiDrawLog/UiDrawLog22.png	Assets/Product/Texture/Image/UiDrawLog/UiDrawLog23.png	Rate in S-Rank pool:	70%									
1225	9920	<color=#26bbf9>70% rate in S-Rank pool</color>	Assets/Product/Texture/Image/UiDrawLog/UiDrawLog22.png	Assets/Product/Texture/Image/UiDrawLog/UiDrawLog23.png	Rate in S-Rank pool:	70%									
1226	10000	<color=#26bbf9>70% rate in S-Rank pool</color>	Assets/Product/Texture/Image/UiDrawLog/UiDrawLog22.png	Assets/Product/Texture/Image/UiDrawLog/UiDrawLog23.png	Rate in S-Rank pool:	70%									
1227	9990	<color=#26bbf9>70% rate in S-Rank pool</color>	Assets/Product/Texture/Image/UiDrawLog/UiDrawLog22.png	Assets/Product/Texture/Image/UiDrawLog/UiDrawLog23.png	Rate in S-Rank pool:	70%									
1228	9980	<color=#26bbf9>70% rate in S-Rank pool</color>	Assets/Product/Texture/Image/UiDrawLog/UiDrawLog22.png	Assets/Product/Texture/Image/UiDrawLog/UiDrawLog23.png	Rate in S-Rank pool:	70%									
1229	9970	<color=#26bbf9>70% rate in S-Rank pool</color>	Assets/Product/Texture/Image/UiDrawLog/UiDrawLog22.png	Assets/Product/Texture/Image/UiDrawLog/UiDrawLog23.png	Rate in S-Rank pool:	70%									
1230	9960	<color=#26bbf9>70% rate in S-Rank pool</color>	Assets/Product/Texture/Image/UiDrawLog/UiDrawLog22.png	Assets/Product/Texture/Image/UiDrawLog/UiDrawLog23.png	Rate in S-Rank pool:	70%									
1231	9950	<color=#26bbf9>70% rate in S-Rank pool</color>	Assets/Product/Texture/Image/UiDrawLog/UiDrawLog22.png	Assets/Product/Texture/Image/UiDrawLog/UiDrawLog23.png	Rate in S-Rank pool:	70%									
1232	9940	<color=#26bbf9>70% rate in S-Rank pool</color>	Assets/Product/Texture/Image/UiDrawLog/UiDrawLog22.png	Assets/Product/Texture/Image/UiDrawLog/UiDrawLog23.png	Rate in S-Rank pool:	70%									
1233	9930	<color=#26bbf9>70% rate in S-Rank pool</color>	Assets/Product/Texture/Image/UiDrawLog/UiDrawLog22.png	Assets/Product/Texture/Image/UiDrawLog/UiDrawLog23.png	Rate in S-Rank pool:	70%									
1234	9920	<color=#26bbf9>70% rate in S-Rank pool</color>	Assets/Product/Texture/Image/UiDrawLog/UiDrawLog22.png	Assets/Product/Texture/Image/UiDrawLog/UiDrawLog23.png	Rate in S-Rank pool:	70%									
1235	10000	<color=#ff8d1e>100% rate in S-Rank pool</color>	Assets/Product/Texture/Image/UiDrawLog/UiDrawLog22.png	Assets/Product/Texture/Image/UiDrawLog/UiDrawLog23.png	Rate in S-Rank pool:	100%									
1236	10000	<color=#26bbf9>70% rate in S-Rank pool</color>	Assets/Product/Texture/Image/UiDrawLog/UiDrawLog22.png	Assets/Product/Texture/Image/UiDrawLog/UiDrawLog23.png	Rate in S-Rank pool:	70%									
1237	9990	<color=#26bbf9>70% rate in S-Rank pool</color>	Assets/Product/Texture/Image/UiDrawLog/UiDrawLog22.png	Assets/Product/Texture/Image/UiDrawLog/UiDrawLog23.png	Rate in S-Rank pool:	70%									
1238	9980	<color=#26bbf9>70% rate in S-Rank pool</color>	Assets/Product/Texture/Image/UiDrawLog/UiDrawLog22.png	Assets/Product/Texture/Image/UiDrawLog/UiDrawLog23.png	Rate in S-Rank pool:	70%									
1239	9970	<color=#26bbf9>70% rate in S-Rank pool</color>	Assets/Product/Texture/Image/UiDrawLog/UiDrawLog22.png	Assets/Product/Texture/Image/UiDrawLog/UiDrawLog23.png	Rate in S-Rank pool:	70%									
1240	9960	<color=#26bbf9>70% rate in S-Rank pool</color>	Assets/Product/Texture/Image/UiDrawLog/UiDrawLog22.png	Assets/Product/Texture/Image/UiDrawLog/UiDrawLog23.png	Rate in S-Rank pool:	70%									
1241	9950	<color=#26bbf9>70% rate in S-Rank pool</color>	Assets/Product/Texture/Image/UiDrawLog/UiDrawLog22.png	Assets/Product/Texture/Image/UiDrawLog/UiDrawLog23.png	Rate in S-Rank pool:	70%									
1242	9940	<color=#26bbf9>70% rate in S-Rank pool</color>	Assets/Product/Texture/Image/UiDrawLog/UiDrawLog22.png	Assets/Product/Texture/Image/UiDrawLog/UiDrawLog23.png	Rate in S-Rank pool:	70%									
1243	9930	<color=#26bbf9>70% rate in S-Rank pool</color>	Assets/Product/Texture/Image/UiDrawLog/UiDrawLog22.png	Assets/Product/Texture/Image/UiDrawLog/UiDrawLog23.png	Rate in S-Rank pool:	70%									
1244	9920	<color=#26bbf9>70% rate in S-Rank pool</color>	Assets/Product/Texture/Image/UiDrawLog/UiDrawLog22.png	Assets/Product/Texture/Image/UiDrawLog/UiDrawLog23.png	Rate in S-Rank pool:	70%									
1245	10000	<color=#ff8d1e>100% rate in S-Rank pool</color>	Assets/Product/Texture/Image/UiDrawLog/UiDrawLog22.png	Assets/Product/Texture/Image/UiDrawLog/UiDrawLog23.png	Rate in S-Rank pool:	100%									
1246	10000	<color=#26bbf9>70% rate in S-Rank pool</color>	Assets/Product/Texture/Image/UiDrawLog/UiDrawLog22.png	Assets/Product/Texture/Image/UiDrawLog/UiDrawLog23.png	Rate in S-Rank pool:	70%									
1247	9990	<color=#26bbf9>70% rate in S-Rank pool</color>	Assets/Product/Texture/Image/UiDrawLog/UiDrawLog22.png	Assets/Product/Texture/Image/UiDrawLog/UiDrawLog23.png	Rate in S-Rank pool:	70%									
1248	9980	<color=#26bbf9>70% rate in S-Rank pool</color>	Assets/Product/Texture/Image/UiDrawLog/UiDrawLog22.png	Assets/Product/Texture/Image/UiDrawLog/UiDrawLog23.png	Rate in S-Rank pool:	70%									
1249	9970	<color=#26bbf9>70% rate in S-Rank pool</color>	Assets/Product/Texture/Image/UiDrawLog/UiDrawLog22.png	Assets/Product/Texture/Image/UiDrawLog/UiDrawLog23.png	Rate in S-Rank pool:	70%									
1250	9960	<color=#26bbf9>70% rate in S-Rank pool</color>	Assets/Product/Texture/Image/UiDrawLog/UiDrawLog22.png	Assets/Product/Texture/Image/UiDrawLog/UiDrawLog23.png	Rate in S-Rank pool:	70%									
1251	9950	<color=#26bbf9>70% rate in S-Rank pool</color>	Assets/Product/Texture/Image/UiDrawLog/UiDrawLog22.png	Assets/Product/Texture/Image/UiDrawLog/UiDrawLog23.png	Rate in S-Rank pool:	70%									
1252	9940	<color=#26bbf9>70% rate in S-Rank pool</color>	Assets/Product/Texture/Image/UiDrawLog/UiDrawLog22.png	Assets/Product/Texture/Image/UiDrawLog/UiDrawLog23.png	Rate in S-Rank pool:	70%									
1253	9930	<color=#26bbf9>70% rate in S-Rank pool</color>	Assets/Product/Texture/Image/UiDrawLog/UiDrawLog22.png	Assets/Product/Texture/Image/UiDrawLog/UiDrawLog23.png	Rate in S-Rank pool:	70%									
1254	9920	<color=#26bbf9>70% rate in S-Rank pool</color>	Assets/Product/Texture/Image/UiDrawLog/UiDrawLog22.png	Assets/Product/Texture/Image/UiDrawLog/UiDrawLog23.png	Rate in S-Rank pool:	70%									
1255	10000	<color=#26bbf9>70% rate in S-Rank pool</color>	Assets/Product/Texture/Image/UiDrawLog/UiDrawLog22.png	Assets/Product/Texture/Image/UiDrawLog/UiDrawLog23.png	Rate in S-Rank pool:	70%									
1256	9990	<color=#26bbf9>70% rate in S-Rank pool</color>	Assets/Product/Texture/Image/UiDrawLog/UiDrawLog22.png	Assets/Product/Texture/Image/UiDrawLog/UiDrawLog23.png	Rate in S-Rank pool:	70%									
1257	9980	<color=#26bbf9>70% rate in S-Rank pool</color>	Assets/Product/Texture/Image/UiDrawLog/UiDrawLog22.png	Assets/Product/Texture/Image/UiDrawLog/UiDrawLog23.png	Rate in S-Rank pool:	70%									
1258	9970	<color=#26bbf9>70% rate in S-Rank pool</color>	Assets/Product/Texture/Image/UiDrawLog/UiDrawLog22.png	Assets/Product/Texture/Image/UiDrawLog/UiDrawLog23.png	Rate in S-Rank pool:	70%									
1259	9960	<color=#26bbf9>70% rate in S-Rank pool</color>	Assets/Product/Texture/Image/UiDrawLog/UiDrawLog22.png	Assets/Product/Texture/Image/UiDrawLog/UiDrawLog23.png	Rate in S-Rank pool:	70%									
1260	9950	<color=#26bbf9>70% rate in S-Rank pool</color>	Assets/Product/Texture/Image/UiDrawLog/UiDrawLog22.png	Assets/Product/Texture/Image/UiDrawLog/UiDrawLog23.png	Rate in S-Rank pool:	70%									
1261	10000	<color=#26bbf9>70% rate in S-Rank pool</color>	Assets/Product/Texture/Image/UiDrawLog/UiDrawLog22.png	Assets/Product/Texture/Image/UiDrawLog/UiDrawLog23.png	Rate in S-Rank pool:	70%									
1262	9990	<color=#26bbf9>70% rate in S-Rank pool</color>	Assets/Product/Texture/Image/UiDrawLog/UiDrawLog22.png	Assets/Product/Texture/Image/UiDrawLog/UiDrawLog23.png	Rate in S-Rank pool:	70%									
1263	9980	<color=#26bbf9>70% rate in S-Rank pool</color>	Assets/Product/Texture/Image/UiDrawLog/UiDrawLog22.png	Assets/Product/Texture/Image/UiDrawLog/UiDrawLog23.png	Rate in S-Rank pool:	70%									
1264	9970	<color=#26bbf9>70% rate in S-Rank pool</color>	Assets/Product/Texture/Image/UiDrawLog/UiDrawLog22.png	Assets/Product/Texture/Image/UiDrawLog/UiDrawLog23.png	Rate in S-Rank pool:	70%									
1265	9960	<color=#26bbf9>70% rate in S-Rank pool</color>	Assets/Product/Texture/Image/UiDrawLog/UiDrawLog22.png	Assets/Product/Texture/Image/UiDrawLog/UiDrawLog23.png	Rate in S-Rank pool:	70%									
1266	9950	<color=#26bbf9>70% rate in S-Rank pool</color>	Assets/Product/Texture/Image/UiDrawLog/UiDrawLog22.png	Assets/Product/Texture/Image/UiDrawLog/UiDrawLog23.png	Rate in S-Rank pool:	70%									
1267	9940	<color=#26bbf9>70% rate in S-Rank pool</color>	Assets/Product/Texture/Image/UiDrawLog/UiDrawLog22.png	Assets/Product/Texture/Image/UiDrawLog/UiDrawLog23.png	Rate in S-Rank pool:	70%									
1268	9930	<color=#26bbf9>70% rate in S-Rank pool</color>	Assets/Product/Texture/Image/UiDrawLog/UiDrawLog22.png	Assets/Product/Texture/Image/UiDrawLog/UiDrawLog23.png	Rate in S-Rank pool:	70%									
1269	9920	<color=#26bbf9>70% rate in S-Rank pool</color>	Assets/Product/Texture/Image/UiDrawLog/UiDrawLog22.png	Assets/Product/Texture/Image/UiDrawLog/UiDrawLog23.png	Rate in S-Rank pool:	70%									
1270	10000	<color=#ff8d1e>100% rate in S-Rank pool</color>	Assets/Product/Texture/Image/UiDrawLog/UiDrawLog22.png	Assets/Product/Texture/Image/UiDrawLog/UiDrawLog23.png	Rate in S-Rank pool:	100%									
1271	10000	<color=#ff8d1e>100% rate in S-Rank pool</color>	Assets/Product/Texture/Image/UiDrawLog/UiDrawLog22.png	Assets/Product/Texture/Image/UiDrawLog/UiDrawLog23.png	Rate in S-Rank pool:	100%									
1272	10000	<color=#26bbf9>70% rate in S-Rank pool</color>	Assets/Product/Texture/Image/UiDrawLog/UiDrawLog22.png	Assets/Product/Texture/Image/UiDrawLog/UiDrawLog23.png	Rate in S-Rank pool:	70%									
1273	9990	<color=#26bbf9>70% rate in S-Rank pool</color>	Assets/Product/Texture/Image/UiDrawLog/UiDrawLog22.png	Assets/Product/Texture/Image/UiDrawLog/UiDrawLog23.png	Rate in S-Rank pool:	70%									
1274	9980	<color=#26bbf9>70% rate in S-Rank pool</color>	Assets/Product/Texture/Image/UiDrawLog/UiDrawLog22.png	Assets/Product/Texture/Image/UiDrawLog/UiDrawLog23.png	Rate in S-Rank pool:	70%									
1275	9970	<color=#26bbf9>70% rate in S-Rank pool</color>	Assets/Product/Texture/Image/UiDrawLog/UiDrawLog22.png	Assets/Product/Texture/Image/UiDrawLog/UiDrawLog23.png	Rate in S-Rank pool:	70%									
1276	9960	<color=#26bbf9>70% rate in S-Rank pool</color>	Assets/Product/Texture/Image/UiDrawLog/UiDrawLog22.png	Assets/Product/Texture/Image/UiDrawLog/UiDrawLog23.png	Rate in S-Rank pool:	70%									
1277	9950	<color=#26bbf9>70% rate in S-Rank pool</color>	Assets/Product/Texture/Image/UiDrawLog/UiDrawLog22.png	Assets/Product/Texture/Image/UiDrawLog/UiDrawLog23.png	Rate in S-Rank pool:	70%									
1278	9940	<color=#26bbf9>70% rate in S-Rank pool</color>	Assets/Product/Texture/Image/UiDrawLog/UiDrawLog22.png	Assets/Product/Texture/Image/UiDrawLog/UiDrawLog23.png	Rate in S-Rank pool:	70%									
1279	9930	<color=#26bbf9>70% rate in S-Rank pool</color>	Assets/Product/Texture/Image/UiDrawLog/UiDrawLog22.png	Assets/Product/Texture/Image/UiDrawLog/UiDrawLog23.png	Rate in S-Rank pool:	70%									
1280	9920	<color=#26bbf9>70% rate in S-Rank pool</color>	Assets/Product/Texture/Image/UiDrawLog/UiDrawLog22.png	Assets/Product/Texture/Image/UiDrawLog/UiDrawLog23.png	Rate in S-Rank pool:	70%									
1281	10000	<color=#26bbf9>70% rate in S-Rank pool</color>	Assets/Product/Texture/Image/UiDrawLog/UiDrawLog22.png	Assets/Product/Texture/Image/UiDrawLog/UiDrawLog23.png	Rate in S-Rank pool:	70%									
1282	9990	<color=#26bbf9>70% rate in S-Rank pool</color>	Assets/Product/Texture/Image/UiDrawLog/UiDrawLog22.png	Assets/Product/Texture/Image/UiDrawLog/UiDrawLog23.png	Rate in S-Rank pool:	70%									
1283	9980	<color=#26bbf9>70% rate in S-Rank pool</color>	Assets/Product/Texture/Image/UiDrawLog/UiDrawLog22.png	Assets/Product/Texture/Image/UiDrawLog/UiDrawLog23.png	Rate in S-Rank pool:	70%									
1284	9970	<color=#26bbf9>70% rate in S-Rank pool</color>	Assets/Product/Texture/Image/UiDrawLog/UiDrawLog22.png	Assets/Product/Texture/Image/UiDrawLog/UiDrawLog23.png	Rate in S-Rank pool:	70%									
1285	9960	<color=#26bbf9>70% rate in S-Rank pool</color>	Assets/Product/Texture/Image/UiDrawLog/UiDrawLog22.png	Assets/Product/Texture/Image/UiDrawLog/UiDrawLog23.png	Rate in S-Rank pool:	70%									
1286	9950	<color=#26bbf9>70% rate in S-Rank pool</color>	Assets/Product/Texture/Image/UiDrawLog/UiDrawLog22.png	Assets/Product/Texture/Image/UiDrawLog/UiDrawLog23.png	Rate in S-Rank pool:	70%									
1287	9940	<color=#26bbf9>70% rate in S-Rank pool</color>	Assets/Product/Texture/Image/UiDrawLog/UiDrawLog22.png	Assets/Product/Texture/Image/UiDrawLog/UiDrawLog23.png	Rate in S-Rank pool:	70%									
1288	9930	<color=#26bbf9>70% rate in S-Rank pool</color>	Assets/Product/Texture/Image/UiDrawLog/UiDrawLog22.png	Assets/Product/Texture/Image/UiDrawLog/UiDrawLog23.png	Rate in S-Rank pool:	70%									
1289	9920	<color=#26bbf9>70% rate in S-Rank pool</color>	Assets/Product/Texture/Image/UiDrawLog/UiDrawLog22.png	Assets/Product/Texture/Image/UiDrawLog/UiDrawLog23.png	Rate in S-Rank pool:	70%									
1290	10000	<color=#ff8d1e>100% rate in S-Rank pool</color>	Assets/Product/Texture/Image/UiDrawLog/UiDrawLog22.png	Assets/Product/Texture/Image/UiDrawLog/UiDrawLog23.png	Rate in S-Rank pool:	100%									
1291	10000	<color=#26bbf9>70% rate in S-Rank pool</color>	Assets/Product/Texture/Image/UiDrawLog/UiDrawLog22.png	Assets/Product/Texture/Image/UiDrawLog/UiDrawLog23.png	Rate in S-Rank pool:	70%									
1292	9990	<color=#26bbf9>70% rate in S-Rank pool</color>	Assets/Product/Texture/Image/UiDrawLog/UiDrawLog22.png	Assets/Product/Texture/Image/UiDrawLog/UiDrawLog23.png	Rate in S-Rank pool:	70%									
1293	9980	<color=#26bbf9>70% rate in S-Rank pool</color>	Assets/Product/Texture/Image/UiDrawLog/UiDrawLog22.png	Assets/Product/Texture/Image/UiDrawLog/UiDrawLog23.png	Rate in S-Rank pool:	70%									
1294	9970	<color=#26bbf9>70% rate in S-Rank pool</color>	Assets/Product/Texture/Image/UiDrawLog/UiDrawLog22.png	Assets/Product/Texture/Image/UiDrawLog/UiDrawLog23.png	Rate in S-Rank pool:	70%									
1295	9960	<color=#26bbf9>70% rate in S-Rank pool</color>	Assets/Product/Texture/Image/UiDrawLog/UiDrawLog22.png	Assets/Product/Texture/Image/UiDrawLog/UiDrawLog23.png	Rate in S-Rank pool:	70%									
1296	9950	<color=#26bbf9>70% rate in S-Rank pool</color>	Assets/Product/Texture/Image/UiDrawLog/UiDrawLog22.png	Assets/Product/Texture/Image/UiDrawLog/UiDrawLog23.png	Rate in S-Rank pool:	70%									
1297	9940	<color=#26bbf9>70% rate in S-Rank pool</color>	Assets/Product/Texture/Image/UiDrawLog/UiDrawLog22.png	Assets/Product/Texture/Image/UiDrawLog/UiDrawLog23.png	Rate in S-Rank pool:	70%									
1298	9930	<color=#26bbf9>70% rate in S-Rank pool</color>	Assets/Product/Texture/Image/UiDrawLog/UiDrawLog22.png	Assets/Product/Texture/Image/UiDrawLog/UiDrawLog23.png	Rate in S-Rank pool:	70%									
1299	9920	<color=#26bbf9>70% rate in S-Rank pool</color>	Assets/Product/Texture/Image/UiDrawLog/UiDrawLog22.png	Assets/Product/Texture/Image/UiDrawLog/UiDrawLog23.png	Rate in S-Rank pool:	70%									
1300	10000	<color=#26bbf9>70% rate in S-Rank pool</color>	Assets/Product/Texture/Image/UiDrawLog/UiDrawLog22.png	Assets/Product/Texture/Image/UiDrawLog/UiDrawLog23.png	Rate in S-Rank pool:	70%									
1301	9990	<color=#26bbf9>70% rate in S-Rank pool</color>	Assets/Product/Texture/Image/UiDrawLog/UiDrawLog22.png	Assets/Product/Texture/Image/UiDrawLog/UiDrawLog23.png	Rate in S-Rank pool:	70%									
1302	9980	<color=#26bbf9>70% rate in S-Rank pool</color>	Assets/Product/Texture/Image/UiDrawLog/UiDrawLog22.png	Assets/Product/Texture/Image/UiDrawLog/UiDrawLog23.png	Rate in S-Rank pool:	70%									
1303	9970	<color=#26bbf9>70% rate in S-Rank pool</color>	Assets/Product/Texture/Image/UiDrawLog/UiDrawLog22.png	Assets/Product/Texture/Image/UiDrawLog/UiDrawLog23.png	Rate in S-Rank pool:	70%									
1304	9960	<color=#26bbf9>70% rate in S-Rank pool</color>	Assets/Product/Texture/Image/UiDrawLog/UiDrawLog22.png	Assets/Product/Texture/Image/UiDrawLog/UiDrawLog23.png	Rate in S-Rank pool:	70%									
1305	9950	<color=#26bbf9>70% rate in S-Rank pool</color>	Assets/Product/Texture/Image/UiDrawLog/UiDrawLog22.png	Assets/Product/Texture/Image/UiDrawLog/UiDrawLog23.png	Rate in S-Rank pool:	70%									
1306	9940	<color=#26bbf9>70% rate in S-Rank pool</color>	Assets/Product/Texture/Image/UiDrawLog/UiDrawLog22.png	Assets/Product/Texture/Image/UiDrawLog/UiDrawLog23.png	Rate in S-Rank pool:	70%									
1307	9930	<color=#26bbf9>70% rate in S-Rank pool</color>	Assets/Product/Texture/Image/UiDrawLog/UiDrawLog22.png	Assets/Product/Texture/Image/UiDrawLog/UiDrawLog23.png	Rate in S-Rank pool:	70%									
1308	9920	<color=#26bbf9>70% rate in S-Rank pool</color>	Assets/Product/Texture/Image/UiDrawLog/UiDrawLog22.png	Assets/Product/Texture/Image/UiDrawLog/UiDrawLog23.png	Rate in S-Rank pool:	70%									
1309	10000	<color=#26bbf9>70% rate in S-Rank pool</color>	Assets/Product/Texture/Image/UiDrawLog/UiDrawLog22.png	Assets/Product/Texture/Image/UiDrawLog/UiDrawLog23.png	Rate in S-Rank pool:	70%									
1310	9990	<color=#26bbf9>70% rate in S-Rank pool</color>	Assets/Product/Texture/Image/UiDrawLog/UiDrawLog22.png	Assets/Product/Texture/Image/UiDrawLog/UiDrawLog23.png	Rate in S-Rank pool:	70%									
1311	9980	<color=#26bbf9>70% rate in S-Rank pool</color>	Assets/Product/Texture/Image/UiDrawLog/UiDrawLog22.png	Assets/Product/Texture/Image/UiDrawLog/UiDrawLog23.png	Rate in S-Rank pool:	70%									
1312	9970	<color=#26bbf9>70% rate in S-Rank pool</color>	Assets/Product/Texture/Image/UiDrawLog/UiDrawLog22.png	Assets/Product/Texture/Image/UiDrawLog/UiDrawLog23.png	Rate in S-Rank pool:	70%									
1313	9960	<color=#26bbf9>70% rate in S-Rank pool</color>	Assets/Product/Texture/Image/UiDrawLog/UiDrawLog22.png	Assets/Product/Texture/Image/UiDrawLog/UiDrawLog23.png	Rate in S-Rank pool:	70%									
1314	9950	<color=#26bbf9>70% rate in S-Rank pool</color>	Assets/Product/Texture/Image/UiDrawLog/UiDrawLog22.png	Assets/Product/Texture/Image/UiDrawLog/UiDrawLog23.png	Rate in S-Rank pool:	70%									
1315	9940	<color=#26bbf9>70% rate in S-Rank pool</color>	Assets/Product/Texture/Image/UiDrawLog/UiDrawLog22.png	Assets/Product/Texture/Image/UiDrawLog/UiDrawLog23.png	Rate in S-Rank pool:	70%									
1316	9930	<color=#26bbf9>70% rate in S-Rank pool</color>	Assets/Product/Texture/Image/UiDrawLog/UiDrawLog22.png	Assets/Product/Texture/Image/UiDrawLog/UiDrawLog23.png	Rate in S-Rank pool:	70%									
1317	9920	<color=#26bbf9>70% rate in S-Rank pool</color>	Assets/Product/Texture/Image/UiDrawLog/UiDrawLog22.png	Assets/Product/Texture/Image/UiDrawLog/UiDrawLog23.png	Rate in S-Rank pool:	70%									
1318	10000	<color=#ff8d1e>100% rate in S-Rank pool</color>	Assets/Product/Texture/Image/UiDrawLog/UiDrawLog22.png	Assets/Product/Texture/Image/UiDrawLog/UiDrawLog23.png	Rate in S-Rank pool:	100%									
1319	10000	<color=#26bbf9>70% rate in S-Rank pool</color>	Assets/Product/Texture/Image/UiDrawLog/UiDrawLog22.png	Assets/Product/Texture/Image/UiDrawLog/UiDrawLog23.png	Rate in S-Rank pool:	70%									
1320	9990	<color=#26bbf9>70% rate in S-Rank pool</color>	Assets/Product/Texture/Image/UiDrawLog/UiDrawLog22.png	Assets/Product/Texture/Image/UiDrawLog/UiDrawLog23.png	Rate in S-Rank pool:	70%									
1321	9980	<color=#26bbf9>70% rate in S-Rank pool</color>	Assets/Product/Texture/Image/UiDrawLog/UiDrawLog22.png	Assets/Product/Texture/Image/UiDrawLog/UiDrawLog23.png	Rate in S-Rank pool:	70%									
1322	9970	<color=#26bbf9>70% rate in S-Rank pool</color>	Assets/Product/Texture/Image/UiDrawLog/UiDrawLog22.png	Assets/Product/Texture/Image/UiDrawLog/UiDrawLog23.png	Rate in S-Rank pool:	70%									
1323	9960	<color=#26bbf9>70% rate in S-Rank pool</color>	Assets/Product/Texture/Image/UiDrawLog/UiDrawLog22.png	Assets/Product/Texture/Image/UiDrawLog/UiDrawLog23.png	Rate in S-Rank pool:	70%									
1324	9950	<color=#26bbf9>70% rate in S-Rank pool</color>	Assets/Product/Texture/Image/UiDrawLog/UiDrawLog22.png	Assets/Product/Texture/Image/UiDrawLog/UiDrawLog23.png	Rate in S-Rank pool:	70%									
1325	9940	<color=#26bbf9>70% rate in S-Rank pool</color>	Assets/Product/Texture/Image/UiDrawLog/UiDrawLog22.png	Assets/Product/Texture/Image/UiDrawLog/UiDrawLog23.png	Rate in S-Rank pool:	70%									
1326	9930	<color=#26bbf9>70% rate in S-Rank pool</color>	Assets/Product/Texture/Image/UiDrawLog/UiDrawLog22.png	Assets/Product/Texture/Image/UiDrawLog/UiDrawLog23.png	Rate in S-Rank pool:	70%									
1327	9920	<color=#26bbf9>70% rate in S-Rank pool</color>	Assets/Product/Texture/Image/UiDrawLog/UiDrawLog22.png	Assets/Product/Texture/Image/UiDrawLog/UiDrawLog23.png	Rate in S-Rank pool:	70%									
1328	10000	<color=#ff8d1e>100% rate in S-Rank pool</color>	Assets/Product/Texture/Image/UiDrawLog/UiDrawLog22.png	Assets/Product/Texture/Image/UiDrawLog/UiDrawLog23.png	Rate in S-Rank pool:	100%									
1329	10000	<color=#26bbf9>70% rate in S-Rank pool</color>	Assets/Product/Texture/Image/UiDrawLog/UiDrawLog22.png	Assets/Product/Texture/Image/UiDrawLog/UiDrawLog23.png	Rate in S-Rank pool:	70%									
1330	9990	<color=#26bbf9>70% rate in S-Rank pool</color>	Assets/Product/Texture/Image/UiDrawLog/UiDrawLog22.png	Assets/Product/Texture/Image/UiDrawLog/UiDrawLog23.png	Rate in S-Rank pool:	70%									
1331	9980	<color=#26bbf9>70% rate in S-Rank pool</color>	Assets/Product/Texture/Image/UiDrawLog/UiDrawLog22.png	Assets/Product/Texture/Image/UiDrawLog/UiDrawLog23.png	Rate in S-Rank pool:	70%									
1332	9970	<color=#26bbf9>70% rate in S-Rank pool</color>	Assets/Product/Texture/Image/UiDrawLog/UiDrawLog22.png	Assets/Product/Texture/Image/UiDrawLog/UiDrawLog23.png	Rate in S-Rank pool:	70%									
1333	9960	<color=#26bbf9>70% rate in S-Rank pool</color>	Assets/Product/Texture/Image/UiDrawLog/UiDrawLog22.png	Assets/Product/Texture/Image/UiDrawLog/UiDrawLog23.png	Rate in S-Rank pool:	70%									
1334	9950	<color=#26bbf9>70% rate in S-Rank pool</color>	Assets/Product/Texture/Image/UiDrawLog/UiDrawLog22.png	Assets/Product/Texture/Image/UiDrawLog/UiDrawLog23.png	Rate in S-Rank pool:	70%									
1335	9940	<color=#26bbf9>70% rate in S-Rank pool</color>	Assets/Product/Texture/Image/UiDrawLog/UiDrawLog22.png	Assets/Product/Texture/Image/UiDrawLog/UiDrawLog23.png	Rate in S-Rank pool:	70%									
1336	9930	<color=#26bbf9>70% rate in S-Rank pool</color>	Assets/Product/Texture/Image/UiDrawLog/UiDrawLog22.png	Assets/Product/Texture/Image/UiDrawLog/UiDrawLog23.png	Rate in S-Rank pool:	70%									
1337	9920	<color=#26bbf9>70% rate in S-Rank pool</color>	Assets/Product/Texture/Image/UiDrawLog/UiDrawLog22.png	Assets/Product/Texture/Image/UiDrawLog/UiDrawLog23.png	Rate in S-Rank pool:	70%									
1338	10000	<color=#ff8d1e>100% rate in S-Rank pool</color>	Assets/Product/Texture/Image/UiDrawLog/UiDrawLog22.png	Assets/Product/Texture/Image/UiDrawLog/UiDrawLog23.png	Rate in S-Rank pool:	100%									
1339	10000	<color=#26bbf9>70% rate in S-Rank pool</color>	Assets/Product/Texture/Image/UiDrawLog/UiDrawLog22.png	Assets/Product/Texture/Image/UiDrawLog/UiDrawLog23.png	Rate in S-Rank pool:	70%									
1340	9990	<color=#26bbf9>70% rate in S-Rank pool</color>	Assets/Product/Texture/Image/UiDrawLog/UiDrawLog22.png	Assets/Product/Texture/Image/UiDrawLog/UiDrawLog23.png	Rate in S-Rank pool:	70%									
1341	9980	<color=#26bbf9>70% rate in S-Rank pool</color>	Assets/Product/Texture/Image/UiDrawLog/UiDrawLog22.png	Assets/Product/Texture/Image/UiDrawLog/UiDrawLog23.png	Rate in S-Rank pool:	70%									
1342	9970	<color=#26bbf9>70% rate in S-Rank pool</color>	Assets/Product/Texture/Image/UiDrawLog/UiDrawLog22.png	Assets/Product/Texture/Image/UiDrawLog/UiDrawLog23.png	Rate in S-Rank pool:	70%									
1343	9960	<color=#26bbf9>70% rate in S-Rank pool</color>	Assets/Product/Texture/Image/UiDrawLog/UiDrawLog22.png	Assets/Product/Texture/Image/UiDrawLog/UiDrawLog23.png	Rate in S-Rank pool:	70%									
1344	9950	<color=#26bbf9>70% rate in S-Rank pool</color>	Assets/Product/Texture/Image/UiDrawLog/UiDrawLog22.png	Assets/Product/Texture/Image/UiDrawLog/UiDrawLog23.png	Rate in S-Rank pool:	70%									
1345	10000	<color=#26bbf9>70% rate in S-Rank pool</color>	Assets/Product/Texture/Image/UiDrawLog/UiDrawLog22.png	Assets/Product/Texture/Image/UiDrawLog/UiDrawLog23.png	Rate in S-Rank pool:	70%									
1346	9990	<color=#26bbf9>70% rate in S-Rank pool</color>	Assets/Product/Texture/Image/UiDrawLog/UiDrawLog22.png	Assets/Product/Texture/Image/UiDrawLog/UiDrawLog23.png	Rate in S-Rank pool:	70%									
1347	9980	<color=#26bbf9>70% rate in S-Rank pool</color>	Assets/Product/Texture/Image/UiDrawLog/UiDrawLog22.png	Assets/Product/Texture/Image/UiDrawLog/UiDrawLog23.png	Rate in S-Rank pool:	70%									
1348	9970	<color=#26bbf9>70% rate in S-Rank pool</color>	Assets/Product/Texture/Image/UiDrawLog/UiDrawLog22.png	Assets/Product/Texture/Image/UiDrawLog/UiDrawLog23.png	Rate in S-Rank pool:	70%									
1349	9960	<color=#26bbf9>70% rate in S-Rank pool</color>	Assets/Product/Texture/Image/UiDrawLog/UiDrawLog22.png	Assets/Product/Texture/Image/UiDrawLog/UiDrawLog23.png	Rate in S-Rank pool:	70%									
1350	9950	<color=#26bbf9>70% rate in S-Rank pool</color>	Assets/Product/Texture/Image/UiDrawLog/UiDrawLog22.png	Assets/Product/Texture/Image/UiDrawLog/UiDrawLog23.png	Rate in S-Rank pool:	70%									
1351	9940	<color=#26bbf9>70% rate in S-Rank pool</color>	Assets/Product/Texture/Image/UiDrawLog/UiDrawLog22.png	Assets/Product/Texture/Image/UiDrawLog/UiDrawLog23.png	Rate in S-Rank pool:	70%									
1352	9930	<color=#26bbf9>70% rate in S-Rank pool</color>	Assets/Product/Texture/Image/UiDrawLog/UiDrawLog22.png	Assets/Product/Texture/Image/UiDrawLog/UiDrawLog23.png	Rate in S-Rank pool:	70%									
1353	9920	<color=#26bbf9>70% rate in S-Rank pool</color>	Assets/Product/Texture/Image/UiDrawLog/UiDrawLog22.png	Assets/Product/Texture/Image/UiDrawLog/UiDrawLog23.png	Rate in S-Rank pool:	70%									
1354	10000	<color=#ff8d1e>100% rate in S-Rank pool</color>	Assets/Product/Texture/Image/UiDrawLog/UiDrawLog22.png	Assets/Product/Texture/Image/UiDrawLog/UiDrawLog23.png	Rate in S-Rank pool:	100%									
1355	10000	<color=#26bbf9>70% rate in S-Rank pool</color>	Assets/Product/Texture/Image/UiDrawLog/UiDrawLog22.png	Assets/Product/Texture/Image/UiDrawLog/UiDrawLog23.png	Rate in S-Rank pool:	70%									
1356	9990	<color=#26bbf9>70% rate in S-Rank pool</color>	Assets/Product/Texture/Image/UiDrawLog/UiDrawLog22.png	Assets/Product/Texture/Image/UiDrawLog/UiDrawLog23.png	Rate in S-Rank pool:	70%									
1357	9980	<color=#26bbf9>70% rate in S-Rank pool</color>	Assets/Product/Texture/Image/UiDrawLog/UiDrawLog22.png	Assets/Product/Texture/Image/UiDrawLog/UiDrawLog23.png	Rate in S-Rank pool:	70%									
1358	9970	<color=#26bbf9>70% rate in S-Rank pool</color>	Assets/Product/Texture/Image/UiDrawLog/UiDrawLog22.png	Assets/Product/Texture/Image/UiDrawLog/UiDrawLog23.png	Rate in S-Rank pool:	70%									
1359	9960	<color=#26bbf9>70% rate in S-Rank pool</color>	Assets/Product/Texture/Image/UiDrawLog/UiDrawLog22.png	Assets/Product/Texture/Image/UiDrawLog/UiDrawLog23.png	Rate in S-Rank pool:	70%									
1360	9950	<color=#26bbf9>70% rate in S-Rank pool</color>	Assets/Product/Texture/Image/UiDrawLog/UiDrawLog22.png	Assets/Product/Texture/Image/UiDrawLog/UiDrawLog23.png	Rate in S-Rank pool:	70%									
1361	9940	<color=#26bbf9>70% rate in S-Rank pool</color>	Assets/Product/Texture/Image/UiDrawLog/UiDrawLog22.png	Assets/Product/Texture/Image/UiDrawLog/UiDrawLog23.png	Rate in S-Rank pool:	70%									
1362	9930	<color=#26bbf9>70% rate in S-Rank pool</color>	Assets/Product/Texture/Image/UiDrawLog/UiDrawLog22.png	Assets/Product/Texture/Image/UiDrawLog/UiDrawLog23.png	Rate in S-Rank pool:	70%									
1363	9920	<color=#26bbf9>70% rate in S-Rank pool</color>	Assets/Product/Texture/Image/UiDrawLog/UiDrawLog22.png	Assets/Product/Texture/Image/UiDrawLog/UiDrawLog23.png	Rate in S-Rank pool:	70%									
1364	10000	<color=#ff8d1e>100% rate in S-Rank pool</color>	Assets/Product/Texture/Image/UiDrawLog/UiDrawLog22.png	Assets/Product/Texture/Image/UiDrawLog/UiDrawLog23.png	Rate in S-Rank pool:	100%									
1365	10000	<color=#26bbf9>70% rate in S-Rank pool</color>	Assets/Product/Texture/Image/UiDrawLog/UiDrawLog22.png	Assets/Product/Texture/Image/UiDrawLog/UiDrawLog23.png	Rate in S-Rank pool:	70%									
1366	9990	<color=#26bbf9>70% rate in S-Rank pool</color>	Assets/Product/Texture/Image/UiDrawLog/UiDrawLog22.png	Assets/Product/Texture/Image/UiDrawLog/UiDrawLog23.png	Rate in S-Rank pool:	70%									
1367	9980	<color=#26bbf9>70% rate in S-Rank pool</color>	Assets/Product/Texture/Image/UiDrawLog/UiDrawLog22.png	Assets/Product/Texture/Image/UiDrawLog/UiDrawLog23.png	Rate in S-Rank pool:	70%									
1368	9970	<color=#26bbf9>70% rate in S-Rank pool</color>	Assets/Product/Texture/Image/UiDrawLog/UiDrawLog22.png	Assets/Product/Texture/Image/UiDrawLog/UiDrawLog23.png	Rate in S-Rank pool:	70%									
1369	9960	<color=#26bbf9>70% rate in S-Rank pool</color>	Assets/Product/Texture/Image/UiDrawLog/UiDrawLog22.png	Assets/Product/Texture/Image/UiDrawLog/UiDrawLog23.png	Rate in S-Rank pool:	70%									
1370	9950	<color=#26bbf9>70% rate in S-Rank pool</color>	Assets/Product/Texture/Image/UiDrawLog/UiDrawLog22.png	Assets/Product/Texture/Image/UiDrawLog/UiDrawLog23.png	Rate in S-Rank pool:	70%									
1371	9940	<color=#26bbf9>70% rate in S-Rank pool</color>	Assets/Product/Texture/Image/UiDrawLog/UiDrawLog22.png	Assets/Product/Texture/Image/UiDrawLog/UiDrawLog23.png	Rate in S-Rank pool:	70%									
1372	9930	<color=#26bbf9>70% rate in S-Rank pool</color>	Assets/Product/Texture/Image/UiDrawLog/UiDrawLog22.png	Assets/Product/Texture/Image/UiDrawLog/UiDrawLog23.png	Rate in S-Rank pool:	70%									
1373	9920	<color=#26bbf9>70% rate in S-Rank pool</color>	Assets/Product/Texture/Image/UiDrawLog/UiDrawLog22.png	Assets/Product/Texture/Image/UiDrawLog/UiDrawLog23.png	Rate in S-Rank pool:	70%									
1374	10000	<color=#26bbf9>70% rate in S-Rank pool</color>	Assets/Product/Texture/Image/UiDrawLog/UiDrawLog22.png	Assets/Product/Texture/Image/UiDrawLog/UiDrawLog23.png	Rate in S-Rank pool:	70%									
1375	9990	<color=#26bbf9>70% rate in S-Rank pool</color>	Assets/Product/Texture/Image/UiDrawLog/UiDrawLog22.png	Assets/Product/Texture/Image/UiDrawLog/UiDrawLog23.png	Rate in S-Rank pool:	70%									
1376	9980	<color=#26bbf9>70% rate in S-Rank pool</color>	Assets/Product/Texture/Image/UiDrawLog/UiDrawLog22.png	Assets/Product/Texture/Image/UiDrawLog/UiDrawLog23.png	Rate in S-Rank pool:	70%									
1377	9970	<color=#26bbf9>70% rate in S-Rank pool</color>	Assets/Product/Texture/Image/UiDrawLog/UiDrawLog22.png	Assets/Product/Texture/Image/UiDrawLog/UiDrawLog23.png	Rate in S-Rank pool:	70%									
1378	9960	<color=#26bbf9>70% rate in S-Rank pool</color>	Assets/Product/Texture/Image/UiDrawLog/UiDrawLog22.png	Assets/Product/Texture/Image/UiDrawLog/UiDrawLog23.png	Rate in S-Rank pool:	70%									
1379	9950	<color=#26bbf9>70% rate in S-Rank pool</color>	Assets/Product/Texture/Image/UiDrawLog/UiDrawLog22.png	Assets/Product/Texture/Image/UiDrawLog/UiDrawLog23.png	Rate in S-Rank pool:	70%									
1380	9940	<color=#26bbf9>70% rate in S-Rank pool</color>	Assets/Product/Texture/Image/UiDrawLog/UiDrawLog22.png	Assets/Product/Texture/Image/UiDrawLog/UiDrawLog23.png	Rate in S-Rank pool:	70%									
1381	9930	<color=#26bbf9>70% rate in S-Rank pool</color>	Assets/Product/Texture/Image/UiDrawLog/UiDrawLog22.png	Assets/Product/Texture/Image/UiDrawLog/UiDrawLog23.png	Rate in S-Rank pool:	70%									
1382	9920	<color=#26bbf9>70% rate in S-Rank pool</color>	Assets/Product/Texture/Image/UiDrawLog/UiDrawLog22.png	Assets/Product/Texture/Image/UiDrawLog/UiDrawLog23.png	Rate in S-Rank pool:	70%									
1383	10000	<color=#ff8d1e>100% rate in S-Rank pool</color>	Assets/Product/Texture/Image/UiDrawLog/UiDrawLog22.png	Assets/Product/Texture/Image/UiDrawLog/UiDrawLog23.png	Rate in S-Rank pool:	100%									
1384	10000	<color=#26bbf9>70% rate in S-Rank pool</color>	Assets/Product/Texture/Image/UiDrawLog/UiDrawLog22.png	Assets/Product/Texture/Image/UiDrawLog/UiDrawLog23.png	Rate in S-Rank pool:	70%									
1385	9990	<color=#26bbf9>70% rate in S-Rank pool</color>	Assets/Product/Texture/Image/UiDrawLog/UiDrawLog22.png	Assets/Product/Texture/Image/UiDrawLog/UiDrawLog23.png	Rate in S-Rank pool:	70%									
1386	9980	<color=#26bbf9>70% rate in S-Rank pool</color>	Assets/Product/Texture/Image/UiDrawLog/UiDrawLog22.png	Assets/Product/Texture/Image/UiDrawLog/UiDrawLog23.png	Rate in S-Rank pool:	70%									
1387	9970	<color=#26bbf9>70% rate in S-Rank pool</color>	Assets/Product/Texture/Image/UiDrawLog/UiDrawLog22.png	Assets/Product/Texture/Image/UiDrawLog/UiDrawLog23.png	Rate in S-Rank pool:	70%									
1388	9960	<color=#26bbf9>70% rate in S-Rank pool</color>	Assets/Product/Texture/Image/UiDrawLog/UiDrawLog22.png	Assets/Product/Texture/Image/UiDrawLog/UiDrawLog23.png	Rate in S-Rank pool:	70%									
1389	9950	<color=#26bbf9>70% rate in S-Rank pool</color>	Assets/Product/Texture/Image/UiDrawLog/UiDrawLog22.png	Assets/Product/Texture/Image/UiDrawLog/UiDrawLog23.png	Rate in S-Rank pool:	70%									
1390	10000	<color=#26bbf9>70% rate in S-Rank pool</color>	Assets/Product/Texture/Image/UiDrawLog/UiDrawLog22.png	Assets/Product/Texture/Image/UiDrawLog/UiDrawLog23.png	Rate in S-Rank pool:	70%									
1391	9990	<color=#26bbf9>70% rate in S-Rank pool</color>	Assets/Product/Texture/Image/UiDrawLog/UiDrawLog22.png	Assets/Product/Texture/Image/UiDrawLog/UiDrawLog23.png	Rate in S-Rank pool:	70%									
1392	9980	<color=#26bbf9>70% rate in S-Rank pool</color>	Assets/Product/Texture/Image/UiDrawLog/UiDrawLog22.png	Assets/Product/Texture/Image/UiDrawLog/UiDrawLog23.png	Rate in S-Rank pool:	70%									
1393	9970	<color=#26bbf9>70% rate in S-Rank pool</color>	Assets/Product/Texture/Image/UiDrawLog/UiDrawLog22.png	Assets/Product/Texture/Image/UiDrawLog/UiDrawLog23.png	Rate in S-Rank pool:	70%									
1394	9960	<color=#26bbf9>70% rate in S-Rank pool</color>	Assets/Product/Texture/Image/UiDrawLog/UiDrawLog22.png	Assets/Product/Texture/Image/UiDrawLog/UiDrawLog23.png	Rate in S-Rank pool:	70%									
1395	9950	<color=#26bbf9>70% rate in S-Rank pool</color>	Assets/Product/Texture/Image/UiDrawLog/UiDrawLog22.png	Assets/Product/Texture/Image/UiDrawLog/UiDrawLog23.png	Rate in S-Rank pool:	70%									
1396	9940	<color=#26bbf9>70% rate in S-Rank pool</color>	Assets/Product/Texture/Image/UiDrawLog/UiDrawLog22.png	Assets/Product/Texture/Image/UiDrawLog/UiDrawLog23.png	Rate in S-Rank pool:	70%									
1397	9930	<color=#26bbf9>70% rate in S-Rank pool</color>	Assets/Product/Texture/Image/UiDrawLog/UiDrawLog22.png	Assets/Product/Texture/Image/UiDrawLog/UiDrawLog23.png	Rate in S-Rank pool:	70%									
1398	9920	<color=#26bbf9>70% rate in S-Rank pool</color>	Assets/Product/Texture/Image/UiDrawLog/UiDrawLog22.png	Assets/Product/Texture/Image/UiDrawLog/UiDrawLog23.png	Rate in S-Rank pool:	70%									
1399	10000	<color=#ff8d1e>100% rate in S-Rank pool</color>	Assets/Product/Texture/Image/UiDrawLog/UiDrawLog22.png	Assets/Product/Texture/Image/UiDrawLog/UiDrawLog23.png	Rate in S-Rank pool:	100%									
1400	10000	<color=#26bbf9>70% rate in S-Rank pool</color>	Assets/Product/Texture/Image/UiDrawLog/UiDrawLog22.png	Assets/Product/Texture/Image/UiDrawLog/UiDrawLog23.png	Rate in S-Rank pool:	70%									
1401	9990	<color=#26bbf9>70% rate in S-Rank pool</color>	Assets/Product/Texture/Image/UiDrawLog/UiDrawLog22.png	Assets/Product/Texture/Image/UiDrawLog/UiDrawLog23.png	Rate in S-Rank pool:	70%									
1402	9980	<color=#26bbf9>70% rate in S-Rank pool</color>	Assets/Product/Texture/Image/UiDrawLog/UiDrawLog22.png	Assets/Product/Texture/Image/UiDrawLog/UiDrawLog23.png	Rate in S-Rank pool:	70%									
1403	9970	<color=#26bbf9>70% rate in S-Rank pool</color>	Assets/Product/Texture/Image/UiDrawLog/UiDrawLog22.png	Assets/Product/Texture/Image/UiDrawLog/UiDrawLog23.png	Rate in S-Rank pool:	70%									
1404	9960	<color=#26bbf9>70% rate in S-Rank pool</color>	Assets/Product/Texture/Image/UiDrawLog/UiDrawLog22.png	Assets/Product/Texture/Image/UiDrawLog/UiDrawLog23.png	Rate in S-Rank pool:	70%									
1405	9950	<color=#26bbf9>70% rate in S-Rank pool</color>	Assets/Product/Texture/Image/UiDrawLog/UiDrawLog22.png	Assets/Product/Texture/Image/UiDrawLog/UiDrawLog23.png	Rate in S-Rank pool:	70%									
1406	9940	<color=#26bbf9>70% rate in S-Rank pool</color>	Assets/Product/Texture/Image/UiDrawLog/UiDrawLog22.png	Assets/Product/Texture/Image/UiDrawLog/UiDrawLog23.png	Rate in S-Rank pool:	70%									
1407	9930	<color=#26bbf9>70% rate in S-Rank pool</color>	Assets/Product/Texture/Image/UiDrawLog/UiDrawLog22.png	Assets/Product/Texture/Image/UiDrawLog/UiDrawLog23.png	Rate in S-Rank pool:	70%									
1408	9920	<color=#26bbf9>70% rate in S-Rank pool</color>	Assets/Product/Texture/Image/UiDrawLog/UiDrawLog22.png	Assets/Product/Texture/Image/UiDrawLog/UiDrawLog23.png	Rate in S-Rank pool:	70%									
1409	10000	<color=#26bbf9>70% rate in S-Rank pool</color>	Assets/Product/Texture/Image/UiDrawLog/UiDrawLog22.png	Assets/Product/Texture/Image/UiDrawLog/UiDrawLog23.png	Rate in S-Rank pool:	70%									
1410	9990	<color=#26bbf9>70% rate in S-Rank pool</color>	Assets/Product/Texture/Image/UiDrawLog/UiDrawLog22.png	Assets/Product/Texture/Image/UiDrawLog/UiDrawLog23.png	Rate in S-Rank pool:	70%									
1411	9980	<color=#26bbf9>70% rate in S-Rank pool</color>	Assets/Product/Texture/Image/UiDrawLog/UiDrawLog22.png	Assets/Product/Texture/Image/UiDrawLog/UiDrawLog23.png	Rate in S-Rank pool:	70%									
1412	9970	<color=#26bbf9>70% rate in S-Rank pool</color>	Assets/Product/Texture/Image/UiDrawLog/UiDrawLog22.png	Assets/Product/Texture/Image/UiDrawLog/UiDrawLog23.png	Rate in S-Rank pool:	70%									
1413	9960	<color=#26bbf9>70% rate in S-Rank pool</color>	Assets/Product/Texture/Image/UiDrawLog/UiDrawLog22.png	Assets/Product/Texture/Image/UiDrawLog/UiDrawLog23.png	Rate in S-Rank pool:	70%									
1414	9950	<color=#26bbf9>70% rate in S-Rank pool</color>	Assets/Product/Texture/Image/UiDrawLog/UiDrawLog22.png	Assets/Product/Texture/Image/UiDrawLog/UiDrawLog23.png	Rate in S-Rank pool:	70%									
1415	9940	<color=#26bbf9>70% rate in S-Rank pool</color>	Assets/Product/Texture/Image/UiDrawLog/UiDrawLog22.png	Assets/Product/Texture/Image/UiDrawLog/UiDrawLog23.png	Rate in S-Rank pool:	70%									
1416	9930	<color=#26bbf9>70% rate in S-Rank pool</color>	Assets/Product/Texture/Image/UiDrawLog/UiDrawLog22.png	Assets/Product/Texture/Image/UiDrawLog/UiDrawLog23.png	Rate in S-Rank pool:	70%									
1417	9920	<color=#26bbf9>70% rate in S-Rank pool</color>	Assets/Product/Texture/Image/UiDrawLog/UiDrawLog22.png	Assets/Product/Texture/Image/UiDrawLog/UiDrawLog23.png	Rate in S-Rank pool:	70%									
1418	10000	<color=#26bbf9>70% rate in S-Rank pool</color>	Assets/Product/Texture/Image/UiDrawLog/UiDrawLog22.png	Assets/Product/Texture/Image/UiDrawLog/UiDrawLog23.png	Rate in S-Rank pool:	70%									
1419	9990	<color=#26bbf9>70% rate in S-Rank pool</color>	Assets/Product/Texture/Image/UiDrawLog/UiDrawLog22.png	Assets/Product/Texture/Image/UiDrawLog/UiDrawLog23.png	Rate in S-Rank pool:	70%									
1420	9980	<color=#26bbf9>70% rate in S-Rank pool</color>	Assets/Product/Texture/Image/UiDrawLog/UiDrawLog22.png	Assets/Product/Texture/Image/UiDrawLog/UiDrawLog23.png	Rate in S-Rank pool:	70%									
1421	10000	<color=#ff8d1e>100% rate in S-Rank pool</color>	Assets/Product/Texture/Image/UiDrawLog/UiDrawLog22.png	Assets/Product/Texture/Image/UiDrawLog/UiDrawLog23.png	Rate in S-Rank pool:	100%									
1422	10000	<color=#26bbf9>70% rate in S-Rank pool</color>	Assets/Product/Texture/Image/UiDrawLog/UiDrawLog22.png	Assets/Product/Texture/Image/UiDrawLog/UiDrawLog23.png	Rate in S-Rank pool:	70%									
1423	9990	<color=#26bbf9>70% rate in S-Rank pool</color>	Assets/Product/Texture/Image/UiDrawLog/UiDrawLog22.png	Assets/Product/Texture/Image/UiDrawLog/UiDrawLog23.png	Rate in S-Rank pool:	70%									
1424	9980	<color=#26bbf9>70% rate in S-Rank pool</color>	Assets/Product/Texture/Image/UiDrawLog/UiDrawLog22.png	Assets/Product/Texture/Image/UiDrawLog/UiDrawLog23.png	Rate in S-Rank pool:	70%									
1425	9970	<color=#26bbf9>70% rate in S-Rank pool</color>	Assets/Product/Texture/Image/UiDrawLog/UiDrawLog22.png	Assets/Product/Texture/Image/UiDrawLog/UiDrawLog23.png	Rate in S-Rank pool:	70%									
1426	9960	<color=#26bbf9>70% rate in S-Rank pool</color>	Assets/Product/Texture/Image/UiDrawLog/UiDrawLog22.png	Assets/Product/Texture/Image/UiDrawLog/UiDrawLog23.png	Rate in S-Rank pool:	70%									
1427	9950	<color=#26bbf9>70% rate in S-Rank pool</color>	Assets/Product/Texture/Image/UiDrawLog/UiDrawLog22.png	Assets/Product/Texture/Image/UiDrawLog/UiDrawLog23.png	Rate in S-Rank pool:	70%									
1428	10000	<color=#ff8d1e>100% rate in S-Rank pool</color>	Assets/Product/Texture/Image/UiDrawLog/UiDrawLog22.png	Assets/Product/Texture/Image/UiDrawLog/UiDrawLog23.png	Rate in S-Rank pool:	100%									
1429	9990	<color=#26bbf9>70% rate in S-Rank pool</color>	Assets/Product/Texture/Image/UiDrawLog/UiDrawLog22.png	Assets/Product/Texture/Image/UiDrawLog/UiDrawLog23.png	Rate in S-Rank pool:	70%									
1430	9980	<color=#26bbf9>70% rate in S-Rank pool</color>	Assets/Product/Texture/Image/UiDrawLog/UiDrawLog22.png	Assets/Product/Texture/Image/UiDrawLog/UiDrawLog23.png	Rate in S-Rank pool:	70%									
1431	9970	<color=#26bbf9>70% rate in S-Rank pool</color>	Assets/Product/Texture/Image/UiDrawLog/UiDrawLog22.png	Assets/Product/Texture/Image/UiDrawLog/UiDrawLog23.png	Rate in S-Rank pool:	70%									
1432	9960	<color=#26bbf9>70% rate in S-Rank pool</color>	Assets/Product/Texture/Image/UiDrawLog/UiDrawLog22.png	Assets/Product/Texture/Image/UiDrawLog/UiDrawLog23.png	Rate in S-Rank pool:	70%									
1433	9950	<color=#26bbf9>70% rate in S-Rank pool</color>	Assets/Product/Texture/Image/UiDrawLog/UiDrawLog22.png	Assets/Product/Texture/Image/UiDrawLog/UiDrawLog23.png	Rate in S-Rank pool:	70%									
1434	9940	<color=#26bbf9>70% rate in S-Rank pool</color>	Assets/Product/Texture/Image/UiDrawLog/UiDrawLog22.png	Assets/Product/Texture/Image/UiDrawLog/UiDrawLog23.png	Rate in S-Rank pool:	70%									
1435	9930	<color=#26bbf9>70% rate in S-Rank pool</color>	Assets/Product/Texture/Image/UiDrawLog/UiDrawLog22.png	Assets/Product/Texture/Image/UiDrawLog/UiDrawLog23.png	Rate in S-Rank pool:	70%									
1436	9920	<color=#26bbf9>70% rate in S-Rank pool</color>	Assets/Product/Texture/Image/UiDrawLog/UiDrawLog22.png	Assets/Product/Texture/Image/UiDrawLog/UiDrawLog23.png	Rate in S-Rank pool:	70%									
1437	9910	<color=#26bbf9>70% rate in S-Rank pool</color>	Assets/Product/Texture/Image/UiDrawLog/UiDrawLog22.png	Assets/Product/Texture/Image/UiDrawLog/UiDrawLog23.png	Rate in S-Rank pool:	70%									
1438	10000	<color=#ff8d1e>100% rate in S-Rank pool</color>	Assets/Product/Texture/Image/UiDrawLog/UiDrawLog22.png	Assets/Product/Texture/Image/UiDrawLog/UiDrawLog23.png	Rate in S-Rank pool:	100%									
1439	9990	<color=#26bbf9>70% rate in S-Rank pool</color>	Assets/Product/Texture/Image/UiDrawLog/UiDrawLog22.png	Assets/Product/Texture/Image/UiDrawLog/UiDrawLog23.png	Rate in S-Rank pool:	70%									
1440	9980	<color=#26bbf9>70% rate in S-Rank pool</color>	Assets/Product/Texture/Image/UiDrawLog/UiDrawLog22.png	Assets/Product/Texture/Image/UiDrawLog/UiDrawLog23.png	Rate in S-Rank pool:	70%									
1441	9970	<color=#26bbf9>70% rate in S-Rank pool</color>	Assets/Product/Texture/Image/UiDrawLog/UiDrawLog22.png	Assets/Product/Texture/Image/UiDrawLog/UiDrawLog23.png	Rate in S-Rank pool:	70%									
1442	9960	<color=#26bbf9>70% rate in S-Rank pool</color>	Assets/Product/Texture/Image/UiDrawLog/UiDrawLog22.png	Assets/Product/Texture/Image/UiDrawLog/UiDrawLog23.png	Rate in S-Rank pool:	70%									
1443	9950	<color=#26bbf9>70% rate in S-Rank pool</color>	Assets/Product/Texture/Image/UiDrawLog/UiDrawLog22.png	Assets/Product/Texture/Image/UiDrawLog/UiDrawLog23.png	Rate in S-Rank pool:	70%									
1444	9940	<color=#26bbf9>70% rate in S-Rank pool</color>	Assets/Product/Texture/Image/UiDrawLog/UiDrawLog22.png	Assets/Product/Texture/Image/UiDrawLog/UiDrawLog23.png	Rate in S-Rank pool:	70%									
1445	9930	<color=#26bbf9>70% rate in S-Rank pool</color>	Assets/Product/Texture/Image/UiDrawLog/UiDrawLog22.png	Assets/Product/Texture/Image/UiDrawLog/UiDrawLog23.png	Rate in S-Rank pool:	70%									
1446	9920	<color=#26bbf9>70% rate in S-Rank pool</color>	Assets/Product/Texture/Image/UiDrawLog/UiDrawLog22.png	Assets/Product/Texture/Image/UiDrawLog/UiDrawLog23.png	Rate in S-Rank pool:	70%									
1447	9910	<color=#26bbf9>70% rate in S-Rank pool</color>	Assets/Product/Texture/Image/UiDrawLog/UiDrawLog22.png	Assets/Product/Texture/Image/UiDrawLog/UiDrawLog23.png	Rate in S-Rank pool:	70%									
1448	10000	<color=#ff8d1e>100% rate in S-Rank pool</color>	Assets/Product/Texture/Image/UiDrawLog/UiDrawLog22.png	Assets/Product/Texture/Image/UiDrawLog/UiDrawLog23.png	Rate in S-Rank pool:	100%									
1449	9990	<color=#26bbf9>70% rate in S-Rank pool</color>	Assets/Product/Texture/Image/UiDrawLog/UiDrawLog22.png	Assets/Product/Texture/Image/UiDrawLog/UiDrawLog23.png	Rate in S-Rank pool:	70%									
1450	9980	<color=#26bbf9>70% rate in S-Rank pool</color>	Assets/Product/Texture/Image/UiDrawLog/UiDrawLog22.png	Assets/Product/Texture/Image/UiDrawLog/UiDrawLog23.png	Rate in S-Rank pool:	70%									
1451	9970	<color=#26bbf9>70% rate in S-Rank pool</color>	Assets/Product/Texture/Image/UiDrawLog/UiDrawLog22.png	Assets/Product/Texture/Image/UiDrawLog/UiDrawLog23.png	Rate in S-Rank pool:	70%									
1452	9960	<color=#26bbf9>70% rate in S-Rank pool</color>	Assets/Product/Texture/Image/UiDrawLog/UiDrawLog22.png	Assets/Product/Texture/Image/UiDrawLog/UiDrawLog23.png	Rate in S-Rank pool:	70%									
1453	9950	<color=#26bbf9>70% rate in S-Rank pool</color>	Assets/Product/Texture/Image/UiDrawLog/UiDrawLog22.png	Assets/Product/Texture/Image/UiDrawLog/UiDrawLog23.png	Rate in S-Rank pool:	70%									
1454	9940	<color=#26bbf9>70% rate in S-Rank pool</color>	Assets/Product/Texture/Image/UiDrawLog/UiDrawLog22.png	Assets/Product/Texture/Image/UiDrawLog/UiDrawLog23.png	Rate in S-Rank pool:	70%									
1455	9930	<color=#26bbf9>70% rate in S-Rank pool</color>	Assets/Product/Texture/Image/UiDrawLog/UiDrawLog22.png	Assets/Product/Texture/Image/UiDrawLog/UiDrawLog23.png	Rate in S-Rank pool:	70%									
1456	9920	<color=#26bbf9>70% rate in S-Rank pool</color>	Assets/Product/Texture/Image/UiDrawLog/UiDrawLog22.png	Assets/Product/Texture/Image/UiDrawLog/UiDrawLog23.png	Rate in S-Rank pool:	70%									
1457	9910	<color=#26bbf9>70% rate in S-Rank pool</color>	Assets/Product/Texture/Image/UiDrawLog/UiDrawLog22.png	Assets/Product/Texture/Image/UiDrawLog/UiDrawLog23.png	Rate in S-Rank pool:	70%									
1458	10000	<color=#ff8d1e>100% rate in S-Rank pool</color>	Assets/Product/Texture/Image/UiDrawLog/UiDrawLog22.png	Assets/Product/Texture/Image/UiDrawLog/UiDrawLog23.png	Rate in S-Rank pool:	100%									
1459	9990	<color=#26bbf9>70% rate in S-Rank pool</color>	Assets/Product/Texture/Image/UiDrawLog/UiDrawLog22.png	Assets/Product/Texture/Image/UiDrawLog/UiDrawLog23.png	Rate in S-Rank pool:	70%									
1460	9980	<color=#26bbf9>70% rate in S-Rank pool</color>	Assets/Product/Texture/Image/UiDrawLog/UiDrawLog22.png	Assets/Product/Texture/Image/UiDrawLog/UiDrawLog23.png	Rate in S-Rank pool:	70%									
1461	9970	<color=#26bbf9>70% rate in S-Rank pool</color>	Assets/Product/Texture/Image/UiDrawLog/UiDrawLog22.png	Assets/Product/Texture/Image/UiDrawLog/UiDrawLog23.png	Rate in S-Rank pool:	70%									
1462	9960	<color=#26bbf9>70% rate in S-Rank pool</color>	Assets/Product/Texture/Image/UiDrawLog/UiDrawLog22.png	Assets/Product/Texture/Image/UiDrawLog/UiDrawLog23.png	Rate in S-Rank pool:	70%									
1463	9950	<color=#26bbf9>70% rate in S-Rank pool</color>	Assets/Product/Texture/Image/UiDrawLog/UiDrawLog22.png	Assets/Product/Texture/Image/UiDrawLog/UiDrawLog23.png	Rate in S-Rank pool:	70%									
1464	9940	<color=#26bbf9>70% rate in S-Rank pool</color>	Assets/Product/Texture/Image/UiDrawLog/UiDrawLog22.png	Assets/Product/Texture/Image/UiDrawLog/UiDrawLog23.png	Rate in S-Rank pool:	70%									
1465	9930	<color=#26bbf9>70% rate in S-Rank pool</color>	Assets/Product/Texture/Image/UiDrawLog/UiDrawLog22.png	Assets/Product/Texture/Image/UiDrawLog/UiDrawLog23.png	Rate in S-Rank pool:	70%									
1466	9920	<color=#26bbf9>70% rate in S-Rank pool</color>	Assets/Product/Texture/Image/UiDrawLog/UiDrawLog22.png	Assets/Product/Texture/Image/UiDrawLog/UiDrawLog23.png	Rate in S-Rank pool:	70%									
1467	9910	<color=#26bbf9>70% rate in S-Rank pool</color>	Assets/Product/Texture/Image/UiDrawLog/UiDrawLog22.png	Assets/Product/Texture/Image/UiDrawLog/UiDrawLog23.png	Rate in S-Rank pool:	70%									
1468	10000	<color=#ff8d1e>100% rate in S-Rank pool</color>	Assets/Product/Texture/Image/UiDrawLog/UiDrawLog22.png	Assets/Product/Texture/Image/UiDrawLog/UiDrawLog23.png	Rate in S-Rank pool:	100%									
1469	9990	<color=#26bbf9>70% rate in S-Rank pool</color>	Assets/Product/Texture/Image/UiDrawLog/UiDrawLog22.png	Assets/Product/Texture/Image/UiDrawLog/UiDrawLog23.png	Rate in S-Rank pool:	70%									
1470	9980	<color=#26bbf9>70% rate in S-Rank pool</color>	Assets/Product/Texture/Image/UiDrawLog/UiDrawLog22.png	Assets/Product/Texture/Image/UiDrawLog/UiDrawLog23.png	Rate in S-Rank pool:	70%									
1471	9970	<color=#26bbf9>70% rate in S-Rank pool</color>	Assets/Product/Texture/Image/UiDrawLog/UiDrawLog22.png	Assets/Product/Texture/Image/UiDrawLog/UiDrawLog23.png	Rate in S-Rank pool:	70%									
1472	9960	<color=#26bbf9>70% rate in S-Rank pool</color>	Assets/Product/Texture/Image/UiDrawLog/UiDrawLog22.png	Assets/Product/Texture/Image/UiDrawLog/UiDrawLog23.png	Rate in S-Rank pool:	70%									
1473	9950	<color=#26bbf9>70% rate in S-Rank pool</color>	Assets/Product/Texture/Image/UiDrawLog/UiDrawLog22.png	Assets/Product/Texture/Image/UiDrawLog/UiDrawLog23.png	Rate in S-Rank pool:	70%									
1474	9940	<color=#26bbf9>70% rate in S-Rank pool</color>	Assets/Product/Texture/Image/UiDrawLog/UiDrawLog22.png	Assets/Product/Texture/Image/UiDrawLog/UiDrawLog23.png	Rate in S-Rank pool:	70%									
1475	9930	<color=#26bbf9>70% rate in S-Rank pool</color>	Assets/Product/Texture/Image/UiDrawLog/UiDrawLog22.png	Assets/Product/Texture/Image/UiDrawLog/UiDrawLog23.png	Rate in S-Rank pool:	70%									
1476	9920	<color=#26bbf9>70% rate in S-Rank pool</color>	Assets/Product/Texture/Image/UiDrawLog/UiDrawLog22.png	Assets/Product/Texture/Image/UiDrawLog/UiDrawLog23.png	Rate in S-Rank pool:	70%									
1477	9910	<color=#26bbf9>70% rate in S-Rank pool</color>	Assets/Product/Texture/Image/UiDrawLog/UiDrawLog22.png	Assets/Product/Texture/Image/UiDrawLog/UiDrawLog23.png	Rate in S-Rank pool:	70%									
1478	10000	<color=#ff8d1e>100% rate in S-Rank pool</color>	Assets/Product/Texture/Image/UiDrawLog/UiDrawLog22.png	Assets/Product/Texture/Image/UiDrawLog/UiDrawLog23.png	Rate in S-Rank pool:	100%									
1479	9990	<color=#26bbf9>70% rate in S-Rank pool</color>	Assets/Product/Texture/Image/UiDrawLog/UiDrawLog22.png	Assets/Product/Texture/Image/UiDrawLog/UiDrawLog23.png	Rate in S-Rank pool:	70%									
1480	9980	<color=#26bbf9>70% rate in S-Rank pool</color>	Assets/Product/Texture/Image/UiDrawLog/UiDrawLog22.png	Assets/Product/Texture/Image/UiDrawLog/UiDrawLog23.png	Rate in S-Rank pool:	70%									
1481	9970	<color=#26bbf9>70% rate in S-Rank pool</color>	Assets/Product/Texture/Image/UiDrawLog/UiDrawLog22.png	Assets/Product/Texture/Image/UiDrawLog/UiDrawLog23.png	Rate in S-Rank pool:	70%									
1482	9960	<color=#26bbf9>70% rate in S-Rank pool</color>	Assets/Product/Texture/Image/UiDrawLog/UiDrawLog22.png	Assets/Product/Texture/Image/UiDrawLog/UiDrawLog23.png	Rate in S-Rank pool:	70%									
1483	9950	<color=#26bbf9>70% rate in S-Rank pool</color>	Assets/Product/Texture/Image/UiDrawLog/UiDrawLog22.png	Assets/Product/Texture/Image/UiDrawLog/UiDrawLog23.png	Rate in S-Rank pool:	70%									
1484	9940	<color=#26bbf9>70% rate in S-Rank pool</color>	Assets/Product/Texture/Image/UiDrawLog/UiDrawLog22.png	Assets/Product/Texture/Image/UiDrawLog/UiDrawLog23.png	Rate in S-Rank pool:	70%									
1485	9930	<color=#26bbf9>70% rate in S-Rank pool</color>	Assets/Product/Texture/Image/UiDrawLog/UiDrawLog22.png	Assets/Product/Texture/Image/UiDrawLog/UiDrawLog23.png	Rate in S-Rank pool:	70%									
1486	9920	<color=#26bbf9>70% rate in S-Rank pool</color>	Assets/Product/Texture/Image/UiDrawLog/UiDrawLog22.png	Assets/Product/Texture/Image/UiDrawLog/UiDrawLog23.png	Rate in S-Rank pool:	70%									
1487	9910	<color=#26bbf9>70% rate in S-Rank pool</color>	Assets/Product/Texture/Image/UiDrawLog/UiDrawLog22.png	Assets/Product/Texture/Image/UiDrawLog/UiDrawLog23.png	Rate in S-Rank pool:	70%									
1488	10000	<color=#ff8d1e>100% rate in S-Rank pool</color>	Assets/Product/Texture/Image/UiDrawLog/UiDrawLog22.png	Assets/Product/Texture/Image/UiDrawLog/UiDrawLog23.png	Rate in S-Rank pool:	100%									
1489	9990	<color=#26bbf9>70% rate in S-Rank pool</color>	Assets/Product/Texture/Image/UiDrawLog/UiDrawLog22.png	Assets/Product/Texture/Image/UiDrawLog/UiDrawLog23.png	Rate in S-Rank pool:	70%									
1490	9980	<color=#26bbf9>70% rate in S-Rank pool</color>	Assets/Product/Texture/Image/UiDrawLog/UiDrawLog22.png	Assets/Product/Texture/Image/UiDrawLog/UiDrawLog23.png	Rate in S-Rank pool:	70%									
1491	9970	<color=#26bbf9>70% rate in S-Rank pool</color>	Assets/Product/Texture/Image/UiDrawLog/UiDrawLog22.png	Assets/Product/Texture/Image/UiDrawLog/UiDrawLog23.png	Rate in S-Rank pool:	70%									
1492	9960	<color=#26bbf9>70% rate in S-Rank pool</color>	Assets/Product/Texture/Image/UiDrawLog/UiDrawLog22.png	Assets/Product/Texture/Image/UiDrawLog/UiDrawLog23.png	Rate in S-Rank pool:	70%									
1493	9950	<color=#26bbf9>70% rate in S-Rank pool</color>	Assets/Product/Texture/Image/UiDrawLog/UiDrawLog22.png	Assets/Product/Texture/Image/UiDrawLog/UiDrawLog23.png	Rate in S-Rank pool:	70%									
1494	9940	<color=#26bbf9>70% rate in S-Rank pool</color>	Assets/Product/Texture/Image/UiDrawLog/UiDrawLog22.png	Assets/Product/Texture/Image/UiDrawLog/UiDrawLog23.png	Rate in S-Rank pool:	70%									
1495	9930	<color=#26bbf9>70% rate in S-Rank pool</color>	Assets/Product/Texture/Image/UiDrawLog/UiDrawLog22.png	Assets/Product/Texture/Image/UiDrawLog/UiDrawLog23.png	Rate in S-Rank pool:	70%									
1496	9920	<color=#26bbf9>70% rate in S-Rank pool</color>	Assets/Product/Texture/Image/UiDrawLog/UiDrawLog22.png	Assets/Product/Texture/Image/UiDrawLog/UiDrawLog23.png	Rate in S-Rank pool:	70%									
1497	9910	<color=#26bbf9>70% rate in S-Rank pool</color>	Assets/Product/Texture/Image/UiDrawLog/UiDrawLog22.png	Assets/Product/Texture/Image/UiDrawLog/UiDrawLog23.png	Rate in S-Rank pool:	70%									
1498	9900	<color=#ff8d1e>100% rate in S-Rank pool</color>	Assets/Product/Texture/Image/UiDrawLog/UiDrawLog22.png	Assets/Product/Texture/Image/UiDrawLog/UiDrawLog23.png	Rate in S-Rank pool:	100%									
1499	10000	<color=#ff8d1e>100% rate in S-Rank pool</color>	Assets/Product/Texture/Image/UiDrawLog/UiDrawLog22.png	Assets/Product/Texture/Image/UiDrawLog/UiDrawLog23.png	Rate in S-Rank pool:	100%									
1500	9990	<color=#26bbf9>70% rate in S-Rank pool</color>	Assets/Product/Texture/Image/UiDrawLog/UiDrawLog22.png	Assets/Product/Texture/Image/UiDrawLog/UiDrawLog23.png	Rate in S-Rank pool:	70%									
1501	9980	<color=#26bbf9>70% rate in S-Rank pool</color>	Assets/Product/Texture/Image/UiDrawLog/UiDrawLog22.png	Assets/Product/Texture/Image/UiDrawLog/UiDrawLog23.png	Rate in S-Rank pool:	70%									
1502	9970	<color=#26bbf9>70% rate in S-Rank pool</color>	Assets/Product/Texture/Image/UiDrawLog/UiDrawLog22.png	Assets/Product/Texture/Image/UiDrawLog/UiDrawLog23.png	Rate in S-Rank pool:	70%									
1503	9960	<color=#26bbf9>70% rate in S-Rank pool</color>	Assets/Product/Texture/Image/UiDrawLog/UiDrawLog22.png	Assets/Product/Texture/Image/UiDrawLog/UiDrawLog23.png	Rate in S-Rank pool:	70%									
1504	9950	<color=#26bbf9>70% rate in S-Rank pool</color>	Assets/Product/Texture/Image/UiDrawLog/UiDrawLog22.png	Assets/Product/Texture/Image/UiDrawLog/UiDrawLog23.png	Rate in S-Rank pool:	70%									
1505	9940	<color=#26bbf9>70% rate in S-Rank pool</color>	Assets/Product/Texture/Image/UiDrawLog/UiDrawLog22.png	Assets/Product/Texture/Image/UiDrawLog/UiDrawLog23.png	Rate in S-Rank pool:	70%									
1506	9930	<color=#26bbf9>70% rate in S-Rank pool</color>	Assets/Product/Texture/Image/UiDrawLog/UiDrawLog22.png	Assets/Product/Texture/Image/UiDrawLog/UiDrawLog23.png	Rate in S-Rank pool:	70%									
1507	9920	<color=#26bbf9>70% rate in S-Rank pool</color>	Assets/Product/Texture/Image/UiDrawLog/UiDrawLog22.png	Assets/Product/Texture/Image/UiDrawLog/UiDrawLog23.png	Rate in S-Rank pool:	70%									
1508	9910	<color=#26bbf9>70% rate in S-Rank pool</color>	Assets/Product/Texture/Image/UiDrawLog/UiDrawLog22.png	Assets/Product/Texture/Image/UiDrawLog/UiDrawLog23.png	Rate in S-Rank pool:	70%									
1509	10000	<color=#ff8d1e>100% rate in S-Rank pool</color>	Assets/Product/Texture/Image/UiDrawLog/UiDrawLog22.png	Assets/Product/Texture/Image/UiDrawLog/UiDrawLog23.png	Rate in S-Rank pool:	100%									
1510	9990	<color=#26bbf9>70% rate in S-Rank pool</color>	Assets/Product/Texture/Image/UiDrawLog/UiDrawLog22.png	Assets/Product/Texture/Image/UiDrawLog/UiDrawLog23.png	Rate in S-Rank pool:	70%									
1511	9980	<color=#26bbf9>70% rate in S-Rank pool</color>	Assets/Product/Texture/Image/UiDrawLog/UiDrawLog22.png	Assets/Product/Texture/Image/UiDrawLog/UiDrawLog23.png	Rate in S-Rank pool:	70%									
1512	9970	<color=#26bbf9>70% rate in S-Rank pool</color>	Assets/Product/Texture/Image/UiDrawLog/UiDrawLog22.png	Assets/Product/Texture/Image/UiDrawLog/UiDrawLog23.png	Rate in S-Rank pool:	70%									
1513	9960	<color=#26bbf9>70% rate in S-Rank pool</color>	Assets/Product/Texture/Image/UiDrawLog/UiDrawLog22.png	Assets/Product/Texture/Image/UiDrawLog/UiDrawLog23.png	Rate in S-Rank pool:	70%									
1514	9950	<color=#26bbf9>70% rate in S-Rank pool</color>	Assets/Product/Texture/Image/UiDrawLog/UiDrawLog22.png	Assets/Product/Texture/Image/UiDrawLog/UiDrawLog23.png	Rate in S-Rank pool:	70%									
1515	9940	<color=#26bbf9>70% rate in S-Rank pool</color>	Assets/Product/Texture/Image/UiDrawLog/UiDrawLog22.png	Assets/Product/Texture/Image/UiDrawLog/UiDrawLog23.png	Rate in S-Rank pool:	70%									
2024	10000	<color=#26bbf9>70% rate in S-Rank pool</color>	Assets/Product/Texture/Image/UiDrawLog/UiDrawLog22.png	Assets/Product/Texture/Image/UiDrawLog/UiDrawLog23.png	Rate in S-Rank pool:	70%									
2025	9990	<color=#26bbf9>70% rate in S-Rank pool</color>	Assets/Product/Texture/Image/UiDrawLog/UiDrawLog22.png	Assets/Product/Texture/Image/UiDrawLog/UiDrawLog23.png	Rate in S-Rank pool:	70%									
2026	9980	<color=#26bbf9>70% rate in S-Rank pool</color>	Assets/Product/Texture/Image/UiDrawLog/UiDrawLog22.png	Assets/Product/Texture/Image/UiDrawLog/UiDrawLog23.png	Rate in S-Rank pool:	70%									
2027	9970	<color=#26bbf9>70% rate in S-Rank pool</color>	Assets/Product/Texture/Image/UiDrawLog/UiDrawLog22.png	Assets/Product/Texture/Image/UiDrawLog/UiDrawLog23.png	Rate in S-Rank pool:	70%									
2028	9960	<color=#26bbf9>70% rate in S-Rank pool</color>	Assets/Product/Texture/Image/UiDrawLog/UiDrawLog22.png	Assets/Product/Texture/Image/UiDrawLog/UiDrawLog23.png	Rate in S-Rank pool:	70%									
2029	9950	<color=#26bbf9>70% rate in S-Rank pool</color>	Assets/Product/Texture/Image/UiDrawLog/UiDrawLog22.png	Assets/Product/Texture/Image/UiDrawLog/UiDrawLog23.png	Rate in S-Rank pool:	70%									
2031	10000	<color=#26bbf9>70% rate in S-Rank pool</color>	Assets/Product/Texture/Image/UiDrawLog/UiDrawLog22.png	Assets/Product/Texture/Image/UiDrawLog/UiDrawLog23.png	Rate in S-Rank pool:	70%									
2032	9990	<color=#26bbf9>70% rate in S-Rank pool</color>	Assets/Product/Texture/Image/UiDrawLog/UiDrawLog22.png	Assets/Product/Texture/Image/UiDrawLog/UiDrawLog23.png	Rate in S-Rank pool:	70%									
2033	9980	<color=#26bbf9>70% rate in S-Rank pool</color>	Assets/Product/Texture/Image/UiDrawLog/UiDrawLog22.png	Assets/Product/Texture/Image/UiDrawLog/UiDrawLog23.png	Rate in S-Rank pool:	70%									
2034	9970	<color=#26bbf9>70% rate in S-Rank pool</color>	Assets/Product/Texture/Image/UiDrawLog/UiDrawLog22.png	Assets/Product/Texture/Image/UiDrawLog/UiDrawLog23.png	Rate in S-Rank pool:	70%									
2035	9960	<color=#26bbf9>70% rate in S-Rank pool</color>	Assets/Product/Texture/Image/UiDrawLog/UiDrawLog22.png	Assets/Product/Texture/Image/UiDrawLog/UiDrawLog23.png	Rate in S-Rank pool:	70%									
2036	9950	<color=#26bbf9>70% rate in S-Rank pool</color>	Assets/Product/Texture/Image/UiDrawLog/UiDrawLog22.png	Assets/Product/Texture/Image/UiDrawLog/UiDrawLog23.png	Rate in S-Rank pool:	70%									
2037	10000	<color=#26bbf9>70% rate in S-Rank pool</color>	Assets/Product/Texture/Image/UiDrawLog/UiDrawLog22.png	Assets/Product/Texture/Image/UiDrawLog/UiDrawLog23.png	Rate in S-Rank pool:	70%									
2038	9990	<color=#26bbf9>70% rate in S-Rank pool</color>	Assets/Product/Texture/Image/UiDrawLog/UiDrawLog22.png	Assets/Product/Texture/Image/UiDrawLog/UiDrawLog23.png	Rate in S-Rank pool:	70%									
2039	9980	<color=#26bbf9>70% rate in S-Rank pool</color>	Assets/Product/Texture/Image/UiDrawLog/UiDrawLog22.png	Assets/Product/Texture/Image/UiDrawLog/UiDrawLog23.png	Rate in S-Rank pool:	70%									
2040	9970	<color=#26bbf9>70% rate in S-Rank pool</color>	Assets/Product/Texture/Image/UiDrawLog/UiDrawLog22.png	Assets/Product/Texture/Image/UiDrawLog/UiDrawLog23.png	Rate in S-Rank pool:	70%									
2041	9960	<color=#26bbf9>70% rate in S-Rank pool</color>	Assets/Product/Texture/Image/UiDrawLog/UiDrawLog22.png	Assets/Product/Texture/Image/UiDrawLog/UiDrawLog23.png	Rate in S-Rank pool:	70%									
2042	9950	<color=#26bbf9>70% rate in S-Rank pool</color>	Assets/Product/Texture/Image/UiDrawLog/UiDrawLog22.png	Assets/Product/Texture/Image/UiDrawLog/UiDrawLog23.png	Rate in S-Rank pool:	70%									
2044	10000	<color=#26bbf9>70% rate in S-Rank pool</color>	Assets/Product/Texture/Image/UiDrawLog/UiDrawLog22.png	Assets/Product/Texture/Image/UiDrawLog/UiDrawLog23.png	Rate in S-Rank pool:	70%									
2045	9990	<color=#26bbf9>70% rate in S-Rank pool</color>	Assets/Product/Texture/Image/UiDrawLog/UiDrawLog22.png	Assets/Product/Texture/Image/UiDrawLog/UiDrawLog23.png	Rate in S-Rank pool:	70%									
2046	9980	<color=#26bbf9>70% rate in S-Rank pool</color>	Assets/Product/Texture/Image/UiDrawLog/UiDrawLog22.png	Assets/Product/Texture/Image/UiDrawLog/UiDrawLog23.png	Rate in S-Rank pool:	70%									
2047	9970	<color=#26bbf9>70% rate in S-Rank pool</color>	Assets/Product/Texture/Image/UiDrawLog/UiDrawLog22.png	Assets/Product/Texture/Image/UiDrawLog/UiDrawLog23.png	Rate in S-Rank pool:	70%									
2048	9960	<color=#26bbf9>70% rate in S-Rank pool</color>	Assets/Product/Texture/Image/UiDrawLog/UiDrawLog22.png	Assets/Product/Texture/Image/UiDrawLog/UiDrawLog23.png	Rate in S-Rank pool:	70%									
2049	9950	<color=#26bbf9>70% rate in S-Rank pool</color>	Assets/Product/Texture/Image/UiDrawLog/UiDrawLog22.png	Assets/Product/Texture/Image/UiDrawLog/UiDrawLog23.png	Rate in S-Rank pool:	70%									
2050	9940	<color=#26bbf9>70% rate in S-Rank pool</color>	Assets/Product/Texture/Image/UiDrawLog/UiDrawLog22.png	Assets/Product/Texture/Image/UiDrawLog/UiDrawLog23.png	Rate in S-Rank pool:	70%									
2051	9930	<color=#26bbf9>70% rate in S-Rank pool</color>	Assets/Product/Texture/Image/UiDrawLog/UiDrawLog22.png	Assets/Product/Texture/Image/UiDrawLog/UiDrawLog23.png	Rate in S-Rank pool:	70%									
2052	9920	<color=#26bbf9>70% rate in S-Rank pool</color>	Assets/Product/Texture/Image/UiDrawLog/UiDrawLog22.png	Assets/Product/Texture/Image/UiDrawLog/UiDrawLog23.png	Rate in S-Rank pool:	70%									
2053	9910	<color=#26bbf9>70% rate in S-Rank pool</color>	Assets/Product/Texture/Image/UiDrawLog/UiDrawLog22.png	Assets/Product/Texture/Image/UiDrawLog/UiDrawLog23.png	Rate in S-Rank pool:	70%									
2055	9900	<color=#26bbf9>70% rate in S-Rank pool</color>	Assets/Product/Texture/Image/UiDrawLog/UiDrawLog22.png	Assets/Product/Texture/Image/UiDrawLog/UiDrawLog23.png	Rate in S-Rank pool:	70%									
2056	9890	<color=#26bbf9>70% rate in S-Rank pool</color>	Assets/Product/Texture/Image/UiDrawLog/UiDrawLog22.png	Assets/Product/Texture/Image/UiDrawLog/UiDrawLog23.png	Rate in S-Rank pool:	70%									
2057	9880	<color=#26bbf9>70% rate in S-Rank pool</color>	Assets/Product/Texture/Image/UiDrawLog/UiDrawLog22.png	Assets/Product/Texture/Image/UiDrawLog/UiDrawLog23.png	Rate in S-Rank pool:	70%									
2058	9870	<color=#26bbf9>70% rate in S-Rank pool</color>	Assets/Product/Texture/Image/UiDrawLog/UiDrawLog22.png	Assets/Product/Texture/Image/UiDrawLog/UiDrawLog23.png	Rate in S-Rank pool:	70%									
2059	9860	<color=#26bbf9>70% rate in S-Rank pool</color>	Assets/Product/Texture/Image/UiDrawLog/UiDrawLog22.png	Assets/Product/Texture/Image/UiDrawLog/UiDrawLog23.png	Rate in S-Rank pool:	70%									
2060	9850	<color=#26bbf9>70% rate in S-Rank pool</color>	Assets/Product/Texture/Image/UiDrawLog/UiDrawLog22.png	Assets/Product/Texture/Image/UiDrawLog/UiDrawLog23.png	Rate in S-Rank pool:	70%									
2061	9840	<color=#26bbf9>70% rate in S-Rank pool</color>	Assets/Product/Texture/Image/UiDrawLog/UiDrawLog22.png	Assets/Product/Texture/Image/UiDrawLog/UiDrawLog23.png	Rate in S-Rank pool:	70%									
2062	9830	<color=#26bbf9>70% rate in S-Rank pool</color>	Assets/Product/Texture/Image/UiDrawLog/UiDrawLog22.png	Assets/Product/Texture/Image/UiDrawLog/UiDrawLog23.png	Rate in S-Rank pool:	70%									
2063	9820	<color=#26bbf9>70% rate in S-Rank pool</color>	Assets/Product/Texture/Image/UiDrawLog/UiDrawLog22.png	Assets/Product/Texture/Image/UiDrawLog/UiDrawLog23.png	Rate in S-Rank pool:	70%									
2064	9810	<color=#26bbf9>70% rate in S-Rank pool</color>	Assets/Product/Texture/Image/UiDrawLog/UiDrawLog22.png	Assets/Product/Texture/Image/UiDrawLog/UiDrawLog23.png	Rate in S-Rank pool:	70%									
2065	9800	<color=#26bbf9>70% rate in S-Rank pool</color>	Assets/Product/Texture/Image/UiDrawLog/UiDrawLog22.png	Assets/Product/Texture/Image/UiDrawLog/UiDrawLog23.png	Rate in S-Rank pool:	70%									
2066	9790	<color=#26bbf9>70% rate in S-Rank pool</color>	Assets/Product/Texture/Image/UiDrawLog/UiDrawLog22.png	Assets/Product/Texture/Image/UiDrawLog/UiDrawLog23.png	Rate in S-Rank pool:	70%									
2067	9780	<color=#ff8d1e>100% rate in S-Rank pool</color>	Assets/Product/Texture/Image/UiDrawLog/UiDrawLog22.png	Assets/Product/Texture/Image/UiDrawLog/UiDrawLog23.png	Rate in S-Rank pool:	100%									
2068	9770	<color=#26bbf9>70% rate in S-Rank pool</color>	Assets/Product/Texture/Image/UiDrawLog/UiDrawLog22.png	Assets/Product/Texture/Image/UiDrawLog/UiDrawLog23.png	Rate in S-Rank pool:	70%									
2069	9760	<color=#26bbf9>70% rate in S-Rank pool</color>	Assets/Product/Texture/Image/UiDrawLog/UiDrawLog22.png	Assets/Product/Texture/Image/UiDrawLog/UiDrawLog23.png	Rate in S-Rank pool:	70%									
2070	9750	<color=#26bbf9>70% rate in S-Rank pool</color>	Assets/Product/Texture/Image/UiDrawLog/UiDrawLog22.png	Assets/Product/Texture/Image/UiDrawLog/UiDrawLog23.png	Rate in S-Rank pool:	70%									
2071	9740	<color=#26bbf9>70% rate in S-Rank pool</color>	Assets/Product/Texture/Image/UiDrawLog/UiDrawLog22.png	Assets/Product/Texture/Image/UiDrawLog/UiDrawLog23.png	Rate in S-Rank pool:	70%									
2072	9730	<color=#26bbf9>70% rate in S-Rank pool</color>	Assets/Product/Texture/Image/UiDrawLog/UiDrawLog22.png	Assets/Product/Texture/Image/UiDrawLog/UiDrawLog23.png	Rate in S-Rank pool:	70%									
2073	9720	<color=#26bbf9>70% rate in S-Rank pool</color>	Assets/Product/Texture/Image/UiDrawLog/UiDrawLog22.png	Assets/Product/Texture/Image/UiDrawLog/UiDrawLog23.png	Rate in S-Rank pool:	70%									
2074	9650	<color=#26bbf9>70% rate in S-Rank pool</color>	Assets/Product/Texture/Image/UiDrawLog/UiDrawLog22.png	Assets/Product/Texture/Image/UiDrawLog/UiDrawLog23.png	Rate in S-Rank pool:	70%									
2075	9640	<color=#26bbf9>70% rate in S-Rank pool</color>	Assets/Product/Texture/Image/UiDrawLog/UiDrawLog22.png	Assets/Product/Texture/Image/UiDrawLog/UiDrawLog23.png	Rate in S-Rank pool:	70%									
2076	9630	<color=#26bbf9>70% rate in S-Rank pool</color>	Assets/Product/Texture/Image/UiDrawLog/UiDrawLog22.png	Assets/Product/Texture/Image/UiDrawLog/UiDrawLog23.png	Rate in S-Rank pool:	70%									
2077	9620	<color=#26bbf9>70% rate in S-Rank pool</color>	Assets/Product/Texture/Image/UiDrawLog/UiDrawLog22.png	Assets/Product/Texture/Image/UiDrawLog/UiDrawLog23.png	Rate in S-Rank pool:	70%									
2078	9610	<color=#26bbf9>70% rate in S-Rank pool</color>	Assets/Product/Texture/Image/UiDrawLog/UiDrawLog22.png	Assets/Product/Texture/Image/UiDrawLog/UiDrawLog23.png	Rate in S-Rank pool:	70%									
2079	9600	<color=#26bbf9>70% rate in S-Rank pool</color>	Assets/Product/Texture/Image/UiDrawLog/UiDrawLog22.png	Assets/Product/Texture/Image/UiDrawLog/UiDrawLog23.png	Rate in S-Rank pool:	70%									
2080	10000	<color=#ff8d1e>100% rate in S-Rank pool</color>	Assets/Product/Texture/Image/UiDrawLog/UiDrawLog22.png	Assets/Product/Texture/Image/UiDrawLog/UiDrawLog23.png	Rate in S-Rank pool:	100%									
2081	10000	<color=#26bbf9>70% rate in S-Rank pool</color>	Assets/Product/Texture/Image/UiDrawLog/UiDrawLog22.png	Assets/Product/Texture/Image/UiDrawLog/UiDrawLog23.png	Rate in S-Rank pool:	70%									
2082	9990	<color=#26bbf9>70% rate in S-Rank pool</color>	Assets/Product/Texture/Image/UiDrawLog/UiDrawLog22.png	Assets/Product/Texture/Image/UiDrawLog/UiDrawLog23.png	Rate in S-Rank pool:	70%									
2083	9980	<color=#26bbf9>70% rate in S-Rank pool</color>	Assets/Product/Texture/Image/UiDrawLog/UiDrawLog22.png	Assets/Product/Texture/Image/UiDrawLog/UiDrawLog23.png	Rate in S-Rank pool:	70%									
2084	9970	<color=#26bbf9>70% rate in S-Rank pool</color>	Assets/Product/Texture/Image/UiDrawLog/UiDrawLog22.png	Assets/Product/Texture/Image/UiDrawLog/UiDrawLog23.png	Rate in S-Rank pool:	70%									
2085	9960	<color=#26bbf9>70% rate in S-Rank pool</color>	Assets/Product/Texture/Image/UiDrawLog/UiDrawLog22.png	Assets/Product/Texture/Image/UiDrawLog/UiDrawLog23.png	Rate in S-Rank pool:	70%									
2086	9950	<color=#26bbf9>70% rate in S-Rank pool</color>	Assets/Product/Texture/Image/UiDrawLog/UiDrawLog22.png	Assets/Product/Texture/Image/UiDrawLog/UiDrawLog23.png	Rate in S-Rank pool:	70%									
2087	10000	<color=#26bbf9>70% rate in S-Rank pool</color>	Assets/Product/Texture/Image/UiDrawLog/UiDrawLog22.png	Assets/Product/Texture/Image/UiDrawLog/UiDrawLog23.png	Rate in S-Rank pool:	70%									
2088	9990	<color=#26bbf9>70% rate in S-Rank pool</color>	Assets/Product/Texture/Image/UiDrawLog/UiDrawLog22.png	Assets/Product/Texture/Image/UiDrawLog/UiDrawLog23.png	Rate in S-Rank pool:	70%									
2089	9980	<color=#26bbf9>70% rate in S-Rank pool</color>	Assets/Product/Texture/Image/UiDrawLog/UiDrawLog22.png	Assets/Product/Texture/Image/UiDrawLog/UiDrawLog23.png	Rate in S-Rank pool:	70%									
2090	9970	<color=#26bbf9>70% rate in S-Rank pool</color>	Assets/Product/Texture/Image/UiDrawLog/UiDrawLog22.png	Assets/Product/Texture/Image/UiDrawLog/UiDrawLog23.png	Rate in S-Rank pool:	70%									
2091	9960	<color=#26bbf9>70% rate in S-Rank pool</color>	Assets/Product/Texture/Image/UiDrawLog/UiDrawLog22.png	Assets/Product/Texture/Image/UiDrawLog/UiDrawLog23.png	Rate in S-Rank pool:	70%									
2092	9950	<color=#26bbf9>70% rate in S-Rank pool</color>	Assets/Product/Texture/Image/UiDrawLog/UiDrawLog22.png	Assets/Product/Texture/Image/UiDrawLog/UiDrawLog23.png	Rate in S-Rank pool:	70%									
2093	9940	<color=#26bbf9>70% rate in S-Rank pool</color>	Assets/Product/Texture/Image/UiDrawLog/UiDrawLog22.png	Assets/Product/Texture/Image/UiDrawLog/UiDrawLog23.png	Rate in S-Rank pool:	70%									
2094	9930	<color=#26bbf9>70% rate in S-Rank pool</color>	Assets/Product/Texture/Image/UiDrawLog/UiDrawLog22.png	Assets/Product/Texture/Image/UiDrawLog/UiDrawLog23.png	Rate in S-Rank pool:	70%									
2095	10000	<color=#ff8d1e>100% rate in S-Rank pool</color>	Assets/Product/Texture/Image/UiDrawLog/UiDrawLog22.png	Assets/Product/Texture/Image/UiDrawLog/UiDrawLog23.png	Rate in S-Rank pool:	100%									
2096	10000	<color=#26bbf9>70% rate in S-Rank pool</color>	Assets/Product/Texture/Image/UiDrawLog/UiDrawLog22.png	Assets/Product/Texture/Image/UiDrawLog/UiDrawLog23.png	Rate in S-Rank pool:	70%									
2097	9990	<color=#26bbf9>70% rate in S-Rank pool</color>	Assets/Product/Texture/Image/UiDrawLog/UiDrawLog22.png	Assets/Product/Texture/Image/UiDrawLog/UiDrawLog23.png	Rate in S-Rank pool:	70%									
2098	9980	<color=#26bbf9>70% rate in S-Rank pool</color>	Assets/Product/Texture/Image/UiDrawLog/UiDrawLog22.png	Assets/Product/Texture/Image/UiDrawLog/UiDrawLog23.png	Rate in S-Rank pool:	70%									
2099	9970	<color=#26bbf9>70% rate in S-Rank pool</color>	Assets/Product/Texture/Image/UiDrawLog/UiDrawLog22.png	Assets/Product/Texture/Image/UiDrawLog/UiDrawLog23.png	Rate in S-Rank pool:	70%									
2100	9960	<color=#26bbf9>70% rate in S-Rank pool</color>	Assets/Product/Texture/Image/UiDrawLog/UiDrawLog22.png	Assets/Product/Texture/Image/UiDrawLog/UiDrawLog23.png	Rate in S-Rank pool:	70%									
2101	9950	<color=#26bbf9>70% rate in S-Rank pool</color>	Assets/Product/Texture/Image/UiDrawLog/UiDrawLog22.png	Assets/Product/Texture/Image/UiDrawLog/UiDrawLog23.png	Rate in S-Rank pool:	70%									
2102	10000	<color=#ff8d1e>100% rate in S-Rank pool</color>	Assets/Product/Texture/Image/UiDrawLog/UiDrawLog22.png	Assets/Product/Texture/Image/UiDrawLog/UiDrawLog23.png	Rate in S-Rank pool:	100%									
2103	10000	<color=#26bbf9>70% rate in S-Rank pool</color>	Assets/Product/Texture/Image/UiDrawLog/UiDrawLog22.png	Assets/Product/Texture/Image/UiDrawLog/UiDrawLog23.png	Rate in S-Rank pool:	70%									
2104	9990	<color=#26bbf9>70% rate in S-Rank pool</color>	Assets/Product/Texture/Image/UiDrawLog/UiDrawLog22.png	Assets/Product/Texture/Image/UiDrawLog/UiDrawLog23.png	Rate in S-Rank pool:	70%									
2105	10000	<color=#26bbf9>70% rate in S-Rank pool</color>	Assets/Product/Texture/Image/UiDrawLog/UiDrawLog22.png	Assets/Product/Texture/Image/UiDrawLog/UiDrawLog23.png	Rate in S-Rank pool:	70%									
2106	9990	<color=#26bbf9>70% rate in S-Rank pool</color>	Assets/Product/Texture/Image/UiDrawLog/UiDrawLog22.png	Assets/Product/Texture/Image/UiDrawLog/UiDrawLog23.png	Rate in S-Rank pool:	70%									
2107	9980	<color=#26bbf9>70% rate in S-Rank pool</color>	Assets/Product/Texture/Image/UiDrawLog/UiDrawLog22.png	Assets/Product/Texture/Image/UiDrawLog/UiDrawLog23.png	Rate in S-Rank pool:	70%									
2108	9970	<color=#26bbf9>70% rate in S-Rank pool</color>	Assets/Product/Texture/Image/UiDrawLog/UiDrawLog22.png	Assets/Product/Texture/Image/UiDrawLog/UiDrawLog23.png	Rate in S-Rank pool:	70%									
2109	9960	<color=#26bbf9>70% rate in S-Rank pool</color>	Assets/Product/Texture/Image/UiDrawLog/UiDrawLog22.png	Assets/Product/Texture/Image/UiDrawLog/UiDrawLog23.png	Rate in S-Rank pool:	70%									
2110	9950	<color=#26bbf9>70% rate in S-Rank pool</color>	Assets/Product/Texture/Image/UiDrawLog/UiDrawLog22.png	Assets/Product/Texture/Image/UiDrawLog/UiDrawLog23.png	Rate in S-Rank pool:	70%									
2111	9940	<color=#26bbf9>70% rate in S-Rank pool</color>	Assets/Product/Texture/Image/UiDrawLog/UiDrawLog22.png	Assets/Product/Texture/Image/UiDrawLog/UiDrawLog23.png	Rate in S-Rank pool:	70%									
2112	9930	<color=#26bbf9>70% rate in S-Rank pool</color>	Assets/Product/Texture/Image/UiDrawLog/UiDrawLog22.png	Assets/Product/Texture/Image/UiDrawLog/UiDrawLog23.png	Rate in S-Rank pool:	70%									
2113	9920	<color=#26bbf9>70% rate in S-Rank pool</color>	Assets/Product/Texture/Image/UiDrawLog/UiDrawLog22.png	Assets/Product/Texture/Image/UiDrawLog/UiDrawLog23.png	Rate in S-Rank pool:	70%									
2114	10000	<color=#ff8d1e>100% rate in S-Rank pool</color>	Assets/Product/Texture/Image/UiDrawLog/UiDrawLog22.png	Assets/Product/Texture/Image/UiDrawLog/UiDrawLog23.png	Rate in S-Rank pool:	100%									
2115	10000	<color=#26bbf9>70% rate in S-Rank pool</color>	Assets/Product/Texture/Image/UiDrawLog/UiDrawLog22.png	Assets/Product/Texture/Image/UiDrawLog/UiDrawLog23.png	Rate in S-Rank pool:	70%									
2116	9990	<color=#26bbf9>70% rate in S-Rank pool</color>	Assets/Product/Texture/Image/UiDrawLog/UiDrawLog22.png	Assets/Product/Texture/Image/UiDrawLog/UiDrawLog23.png	Rate in S-Rank pool:	70%									
2117	9980	<color=#26bbf9>70% rate in S-Rank pool</color>	Assets/Product/Texture/Image/UiDrawLog/UiDrawLog22.png	Assets/Product/Texture/Image/UiDrawLog/UiDrawLog23.png	Rate in S-Rank pool:	70%									
2118	9970	<color=#26bbf9>70% rate in S-Rank pool</color>	Assets/Product/Texture/Image/UiDrawLog/UiDrawLog22.png	Assets/Product/Texture/Image/UiDrawLog/UiDrawLog23.png	Rate in S-Rank pool:	70%									
2119	9960	<color=#26bbf9>70% rate in S-Rank pool</color>	Assets/Product/Texture/Image/UiDrawLog/UiDrawLog22.png	Assets/Product/Texture/Image/UiDrawLog/UiDrawLog23.png	Rate in S-Rank pool:	70%									
2120	9950	<color=#26bbf9>70% rate in S-Rank pool</color>	Assets/Product/Texture/Image/UiDrawLog/UiDrawLog22.png	Assets/Product/Texture/Image/UiDrawLog/UiDrawLog23.png	Rate in S-Rank pool:	70%									
2121	9940	<color=#26bbf9>70% rate in S-Rank pool</color>	Assets/Product/Texture/Image/UiDrawLog/UiDrawLog22.png	Assets/Product/Texture/Image/UiDrawLog/UiDrawLog23.png	Rate in S-Rank pool:	70%									
2122	9930	<color=#26bbf9>70% rate in S-Rank pool</color>	Assets/Product/Texture/Image/UiDrawLog/UiDrawLog22.png	Assets/Product/Texture/Image/UiDrawLog/UiDrawLog23.png	Rate in S-Rank pool:	70%									
2123	9920	<color=#26bbf9>70% rate in S-Rank pool</color>	Assets/Product/Texture/Image/UiDrawLog/UiDrawLog22.png	Assets/Product/Texture/Image/UiDrawLog/UiDrawLog23.png	Rate in S-Rank pool:	70%									
2124	10000	<color=#26bbf9>70% rate in S-Rank pool</color>	Assets/Product/Texture/Image/UiDrawLog/UiDrawLog22.png	Assets/Product/Texture/Image/UiDrawLog/UiDrawLog23.png	Rate in S-Rank pool:	70%									
2125	9990	<color=#26bbf9>70% rate in S-Rank pool</color>	Assets/Product/Texture/Image/UiDrawLog/UiDrawLog22.png	Assets/Product/Texture/Image/UiDrawLog/UiDrawLog23.png	Rate in S-Rank pool:	70%									
2126	9980	<color=#26bbf9>70% rate in S-Rank pool</color>	Assets/Product/Texture/Image/UiDrawLog/UiDrawLog22.png	Assets/Product/Texture/Image/UiDrawLog/UiDrawLog23.png	Rate in S-Rank pool:	70%									
2127	9970	<color=#26bbf9>70% rate in S-Rank pool</color>	Assets/Product/Texture/Image/UiDrawLog/UiDrawLog22.png	Assets/Product/Texture/Image/UiDrawLog/UiDrawLog23.png	Rate in S-Rank pool:	70%									
2128	9960	<color=#26bbf9>70% rate in S-Rank pool</color>	Assets/Product/Texture/Image/UiDrawLog/UiDrawLog22.png	Assets/Product/Texture/Image/UiDrawLog/UiDrawLog23.png	Rate in S-Rank pool:	70%									
2129	9950	<color=#26bbf9>70% rate in S-Rank pool</color>	Assets/Product/Texture/Image/UiDrawLog/UiDrawLog22.png	Assets/Product/Texture/Image/UiDrawLog/UiDrawLog23.png	Rate in S-Rank pool:	70%									
2130	9940	<color=#26bbf9>70% rate in S-Rank pool</color>	Assets/Product/Texture/Image/UiDrawLog/UiDrawLog22.png	Assets/Product/Texture/Image/UiDrawLog/UiDrawLog23.png	Rate in S-Rank pool:	70%									
2131	9930	<color=#26bbf9>70% rate in S-Rank pool</color>	Assets/Product/Texture/Image/UiDrawLog/UiDrawLog22.png	Assets/Product/Texture/Image/UiDrawLog/UiDrawLog23.png	Rate in S-Rank pool:	70%									
2132	9920	<color=#26bbf9>70% rate in S-Rank pool</color>	Assets/Product/Texture/Image/UiDrawLog/UiDrawLog22.png	Assets/Product/Texture/Image/UiDrawLog/UiDrawLog23.png	Rate in S-Rank pool:	70%									
2133	10000	<color=#ff8d1e>100% rate in S-Rank pool</color>	Assets/Product/Texture/Image/UiDrawLog/UiDrawLog22.png	Assets/Product/Texture/Image/UiDrawLog/UiDrawLog23.png	Rate in S-Rank pool:	100%									
2134	10000	<color=#26bbf9>70% rate in S-Rank pool</color>	Assets/Product/Texture/Image/UiDrawLog/UiDrawLog22.png	Assets/Product/Texture/Image/UiDrawLog/UiDrawLog23.png	Rate in S-Rank pool:	70%									
2135	9990	<color=#26bbf9>70% rate in S-Rank pool</color>	Assets/Product/Texture/Image/UiDrawLog/UiDrawLog22.png	Assets/Product/Texture/Image/UiDrawLog/UiDrawLog23.png	Rate in S-Rank pool:	70%									
2136	9980	<color=#26bbf9>70% rate in S-Rank pool</color>	Assets/Product/Texture/Image/UiDrawLog/UiDrawLog22.png	Assets/Product/Texture/Image/UiDrawLog/UiDrawLog23.png	Rate in S-Rank pool:	70%									
2137	9970	<color=#26bbf9>70% rate in S-Rank pool</color>	Assets/Product/Texture/Image/UiDrawLog/UiDrawLog22.png	Assets/Product/Texture/Image/UiDrawLog/UiDrawLog23.png	Rate in S-Rank pool:	70%									
2138	9960	<color=#26bbf9>70% rate in S-Rank pool</color>	Assets/Product/Texture/Image/UiDrawLog/UiDrawLog22.png	Assets/Product/Texture/Image/UiDrawLog/UiDrawLog23.png	Rate in S-Rank pool:	70%									
2139	9950	<color=#26bbf9>70% rate in S-Rank pool</color>	Assets/Product/Texture/Image/UiDrawLog/UiDrawLog22.png	Assets/Product/Texture/Image/UiDrawLog/UiDrawLog23.png	Rate in S-Rank pool:	70%									
2140	9940	<color=#26bbf9>70% rate in S-Rank pool</color>	Assets/Product/Texture/Image/UiDrawLog/UiDrawLog22.png	Assets/Product/Texture/Image/UiDrawLog/UiDrawLog23.png	Rate in S-Rank pool:	70%									
2141	9930	<color=#26bbf9>70% rate in S-Rank pool</color>	Assets/Product/Texture/Image/UiDrawLog/UiDrawLog22.png	Assets/Product/Texture/Image/UiDrawLog/UiDrawLog23.png	Rate in S-Rank pool:	70%									
2142	9920	<color=#26bbf9>70% rate in S-Rank pool</color>	Assets/Product/Texture/Image/UiDrawLog/UiDrawLog22.png	Assets/Product/Texture/Image/UiDrawLog/UiDrawLog23.png	Rate in S-Rank pool:	70%									
2143	10000	<color=#26bbf9>70% rate in S-Rank pool</color>	Assets/Product/Texture/Image/UiDrawLog/UiDrawLog22.png	Assets/Product/Texture/Image/UiDrawLog/UiDrawLog23.png	Rate in S-Rank pool:	70%									
2144	9990	<color=#26bbf9>70% rate in S-Rank pool</color>	Assets/Product/Texture/Image/UiDrawLog/UiDrawLog22.png	Assets/Product/Texture/Image/UiDrawLog/UiDrawLog23.png	Rate in S-Rank pool:	70%									
2145	9980	<color=#26bbf9>70% rate in S-Rank pool</color>	Assets/Product/Texture/Image/UiDrawLog/UiDrawLog22.png	Assets/Product/Texture/Image/UiDrawLog/UiDrawLog23.png	Rate in S-Rank pool:	70%									
2146	9970	<color=#26bbf9>70% rate in S-Rank pool</color>	Assets/Product/Texture/Image/UiDrawLog/UiDrawLog22.png	Assets/Product/Texture/Image/UiDrawLog/UiDrawLog23.png	Rate in S-Rank pool:	70%									
2147	9960	<color=#26bbf9>70% rate in S-Rank pool</color>	Assets/Product/Texture/Image/UiDrawLog/UiDrawLog22.png	Assets/Product/Texture/Image/UiDrawLog/UiDrawLog23.png	Rate in S-Rank pool:	70%									
2148	9950	<color=#26bbf9>70% rate in S-Rank pool</color>	Assets/Product/Texture/Image/UiDrawLog/UiDrawLog22.png	Assets/Product/Texture/Image/UiDrawLog/UiDrawLog23.png	Rate in S-Rank pool:	70%									
2149	9940	<color=#26bbf9>70% rate in S-Rank pool</color>	Assets/Product/Texture/Image/UiDrawLog/UiDrawLog22.png	Assets/Product/Texture/Image/UiDrawLog/UiDrawLog23.png	Rate in S-Rank pool:	70%									
2150	9930	<color=#26bbf9>70% rate in S-Rank pool</color>	Assets/Product/Texture/Image/UiDrawLog/UiDrawLog22.png	Assets/Product/Texture/Image/UiDrawLog/UiDrawLog23.png	Rate in S-Rank pool:	70%									
2151	9920	<color=#26bbf9>70% rate in S-Rank pool</color>	Assets/Product/Texture/Image/UiDrawLog/UiDrawLog22.png	Assets/Product/Texture/Image/UiDrawLog/UiDrawLog23.png	Rate in S-Rank pool:	70%									
2152	10000	<color=#ff8d1e>100% rate in S-Rank pool</color>	Assets/Product/Texture/Image/UiDrawLog/UiDrawLog22.png	Assets/Product/Texture/Image/UiDrawLog/UiDrawLog23.png	Rate in S-Rank pool:	100%									
2153	10000	<color=#26bbf9>70% rate in S-Rank pool</color>	Assets/Product/Texture/Image/UiDrawLog/UiDrawLog22.png	Assets/Product/Texture/Image/UiDrawLog/UiDrawLog23.png	Rate in S-Rank pool:	70%									
2154	9990	<color=#26bbf9>70% rate in S-Rank pool</color>	Assets/Product/Texture/Image/UiDrawLog/UiDrawLog22.png	Assets/Product/Texture/Image/UiDrawLog/UiDrawLog23.png	Rate in S-Rank pool:	70%									
2155	9980	<color=#26bbf9>70% rate in S-Rank pool</color>	Assets/Product/Texture/Image/UiDrawLog/UiDrawLog22.png	Assets/Product/Texture/Image/UiDrawLog/UiDrawLog23.png	Rate in S-Rank pool:	70%									
2156	9970	<color=#26bbf9>70% rate in S-Rank pool</color>	Assets/Product/Texture/Image/UiDrawLog/UiDrawLog22.png	Assets/Product/Texture/Image/UiDrawLog/UiDrawLog23.png	Rate in S-Rank pool:	70%									
2157	9960	<color=#26bbf9>70% rate in S-Rank pool</color>	Assets/Product/Texture/Image/UiDrawLog/UiDrawLog22.png	Assets/Product/Texture/Image/UiDrawLog/UiDrawLog23.png	Rate in S-Rank pool:	70%									
2158	9950	<color=#26bbf9>70% rate in S-Rank pool</color>	Assets/Product/Texture/Image/UiDrawLog/UiDrawLog22.png	Assets/Product/Texture/Image/UiDrawLog/UiDrawLog23.png	Rate in S-Rank pool:	70%									
2159	9940	<color=#26bbf9>70% rate in S-Rank pool</color>	Assets/Product/Texture/Image/UiDrawLog/UiDrawLog22.png	Assets/Product/Texture/Image/UiDrawLog/UiDrawLog23.png	Rate in S-Rank pool:	70%									
2160	9930	<color=#26bbf9>70% rate in S-Rank pool</color>	Assets/Product/Texture/Image/UiDrawLog/UiDrawLog22.png	Assets/Product/Texture/Image/UiDrawLog/UiDrawLog23.png	Rate in S-Rank pool:	70%									
2161	9920	<color=#26bbf9>70% rate in S-Rank pool</color>	Assets/Product/Texture/Image/UiDrawLog/UiDrawLog22.png	Assets/Product/Texture/Image/UiDrawLog/UiDrawLog23.png	Rate in S-Rank pool:	70%									
2162	10000	<color=#26bbf9>70% rate in S-Rank pool</color>	Assets/Product/Texture/Image/UiDrawLog/UiDrawLog22.png	Assets/Product/Texture/Image/UiDrawLog/UiDrawLog23.png	Rate in S-Rank pool:	70%									
2163	9990	<color=#26bbf9>70% rate in S-Rank pool</color>	Assets/Product/Texture/Image/UiDrawLog/UiDrawLog22.png	Assets/Product/Texture/Image/UiDrawLog/UiDrawLog23.png	Rate in S-Rank pool:	70%									
2164	9980	<color=#26bbf9>70% rate in S-Rank pool</color>	Assets/Product/Texture/Image/UiDrawLog/UiDrawLog22.png	Assets/Product/Texture/Image/UiDrawLog/UiDrawLog23.png	Rate in S-Rank pool:	70%									
2165	9970	<color=#26bbf9>70% rate in S-Rank pool</color>	Assets/Product/Texture/Image/UiDrawLog/UiDrawLog22.png	Assets/Product/Texture/Image/UiDrawLog/UiDrawLog23.png	Rate in S-Rank pool:	70%									
2166	9960	<color=#26bbf9>70% rate in S-Rank pool</color>	Assets/Product/Texture/Image/UiDrawLog/UiDrawLog22.png	Assets/Product/Texture/Image/UiDrawLog/UiDrawLog23.png	Rate in S-Rank pool:	70%									
2167	9950	<color=#26bbf9>70% rate in S-Rank pool</color>	Assets/Product/Texture/Image/UiDrawLog/UiDrawLog22.png	Assets/Product/Texture/Image/UiDrawLog/UiDrawLog23.png	Rate in S-Rank pool:	70%									
2168	9940	<color=#26bbf9>70% rate in S-Rank pool</color>	Assets/Product/Texture/Image/UiDrawLog/UiDrawLog22.png	Assets/Product/Texture/Image/UiDrawLog/UiDrawLog23.png	Rate in S-Rank pool:	70%									
2169	9930	<color=#26bbf9>70% rate in S-Rank pool</color>	Assets/Product/Texture/Image/UiDrawLog/UiDrawLog22.png	Assets/Product/Texture/Image/UiDrawLog/UiDrawLog23.png	Rate in S-Rank pool:	70%									
2170	9920	<color=#26bbf9>70% rate in S-Rank pool</color>	Assets/Product/Texture/Image/UiDrawLog/UiDrawLog22.png	Assets/Product/Texture/Image/UiDrawLog/UiDrawLog23.png	Rate in S-Rank pool:	70%									
2171	10000	<color=#ff8d1e>100% rate in S-Rank pool</color>	Assets/Product/Texture/Image/UiDrawLog/UiDrawLog22.png	Assets/Product/Texture/Image/UiDrawLog/UiDrawLog23.png	Rate in S-Rank pool:	100%									
2172	10000	<color=#26bbf9>70% rate in S-Rank pool</color>	Assets/Product/Texture/Image/UiDrawLog/UiDrawLog22.png	Assets/Product/Texture/Image/UiDrawLog/UiDrawLog23.png	Rate in S-Rank pool:	70%									
2173	9990	<color=#26bbf9>70% rate in S-Rank pool</color>	Assets/Product/Texture/Image/UiDrawLog/UiDrawLog22.png	Assets/Product/Texture/Image/UiDrawLog/UiDrawLog23.png	Rate in S-Rank pool:	70%									
2174	9980	<color=#26bbf9>70% rate in S-Rank pool</color>	Assets/Product/Texture/Image/UiDrawLog/UiDrawLog22.png	Assets/Product/Texture/Image/UiDrawLog/UiDrawLog23.png	Rate in S-Rank pool:	70%									
2175	9970	<color=#26bbf9>70% rate in S-Rank pool</color>	Assets/Product/Texture/Image/UiDrawLog/UiDrawLog22.png	Assets/Product/Texture/Image/UiDrawLog/UiDrawLog23.png	Rate in S-Rank pool:	70%									
2176	9960	<color=#26bbf9>70% rate in S-Rank pool</color>	Assets/Product/Texture/Image/UiDrawLog/UiDrawLog22.png	Assets/Product/Texture/Image/UiDrawLog/UiDrawLog23.png	Rate in S-Rank pool:	70%									
2177	9950	<color=#26bbf9>70% rate in S-Rank pool</color>	Assets/Product/Texture/Image/UiDrawLog/UiDrawLog22.png	Assets/Product/Texture/Image/UiDrawLog/UiDrawLog23.png	Rate in S-Rank pool:	70%									
2178	9940	<color=#26bbf9>70% rate in S-Rank pool</color>	Assets/Product/Texture/Image/UiDrawLog/UiDrawLog22.png	Assets/Product/Texture/Image/UiDrawLog/UiDrawLog23.png	Rate in S-Rank pool:	70%									
2179	9930	<color=#26bbf9>70% rate in S-Rank pool</color>	Assets/Product/Texture/Image/UiDrawLog/UiDrawLog22.png	Assets/Product/Texture/Image/UiDrawLog/UiDrawLog23.png	Rate in S-Rank pool:	70%									
2180	9920	<color=#26bbf9>70% rate in S-Rank pool</color>	Assets/Product/Texture/Image/UiDrawLog/UiDrawLog22.png	Assets/Product/Texture/Image/UiDrawLog/UiDrawLog23.png	Rate in S-Rank pool:	70%									
2181	10000	<color=#ff8d1e>100% rate in S-Rank pool</color>	Assets/Product/Texture/Image/UiDrawLog/UiDrawLog22.png	Assets/Product/Texture/Image/UiDrawLog/UiDrawLog23.png	Rate in S-Rank pool:	100%									
2182	10000	<color=#26bbf9>70% rate in S-Rank pool</color>	Assets/Product/Texture/Image/UiDrawLog/UiDrawLog22.png	Assets/Product/Texture/Image/UiDrawLog/UiDrawLog23.png	Rate in S-Rank pool:	70%									
2183	9990	<color=#26bbf9>70% rate in S-Rank pool</color>	Assets/Product/Texture/Image/UiDrawLog/UiDrawLog22.png	Assets/Product/Texture/Image/UiDrawLog/UiDrawLog23.png	Rate in S-Rank pool:	70%									
2184	9980	<color=#26bbf9>70% rate in S-Rank pool</color>	Assets/Product/Texture/Image/UiDrawLog/UiDrawLog22.png	Assets/Product/Texture/Image/UiDrawLog/UiDrawLog23.png	Rate in S-Rank pool:	70%									
2185	9970	<color=#26bbf9>70% rate in S-Rank pool</color>	Assets/Product/Texture/Image/UiDrawLog/UiDrawLog22.png	Assets/Product/Texture/Image/UiDrawLog/UiDrawLog23.png	Rate in S-Rank pool:	70%									
2186	9960	<color=#26bbf9>70% rate in S-Rank pool</color>	Assets/Product/Texture/Image/UiDrawLog/UiDrawLog22.png	Assets/Product/Texture/Image/UiDrawLog/UiDrawLog23.png	Rate in S-Rank pool:	70%									
2187	9950	<color=#26bbf9>70% rate in S-Rank pool</color>	Assets/Product/Texture/Image/UiDrawLog/UiDrawLog22.png	Assets/Product/Texture/Image/UiDrawLog/UiDrawLog23.png	Rate in S-Rank pool:	70%									
2188	9940	<color=#26bbf9>70% rate in S-Rank pool</color>	Assets/Product/Texture/Image/UiDrawLog/UiDrawLog22.png	Assets/Product/Texture/Image/UiDrawLog/UiDrawLog23.png	Rate in S-Rank pool:	70%									
2189	9930	<color=#26bbf9>70% rate in S-Rank pool</color>	Assets/Product/Texture/Image/UiDrawLog/UiDrawLog22.png	Assets/Product/Texture/Image/UiDrawLog/UiDrawLog23.png	Rate in S-Rank pool:	70%									
2190	9920	<color=#26bbf9>70% rate in S-Rank pool</color>	Assets/Product/Texture/Image/UiDrawLog/UiDrawLog22.png	Assets/Product/Texture/Image/UiDrawLog/UiDrawLog23.png	Rate in S-Rank pool:	70%									
2191	10000	<color=#ff8d1e>100% rate in S-Rank pool</color>	Assets/Product/Texture/Image/UiDrawLog/UiDrawLog22.png	Assets/Product/Texture/Image/UiDrawLog/UiDrawLog23.png	Rate in S-Rank pool:	100%									
2192	10000	<color=#26bbf9>70% rate in S-Rank pool</color>	Assets/Product/Texture/Image/UiDrawLog/UiDrawLog22.png	Assets/Product/Texture/Image/UiDrawLog/UiDrawLog23.png	Rate in S-Rank pool:	70%									
2193	9990	<color=#26bbf9>70% rate in S-Rank pool</color>	Assets/Product/Texture/Image/UiDrawLog/UiDrawLog22.png	Assets/Product/Texture/Image/UiDrawLog/UiDrawLog23.png	Rate in S-Rank pool:	70%									
2194	9980	<color=#26bbf9>70% rate in S-Rank pool</color>	Assets/Product/Texture/Image/UiDrawLog/UiDrawLog22.png	Assets/Product/Texture/Image/UiDrawLog/UiDrawLog23.png	Rate in S-Rank pool:	70%									
2195	9970	<color=#26bbf9>70% rate in S-Rank pool</color>	Assets/Product/Texture/Image/UiDrawLog/UiDrawLog22.png	Assets/Product/Texture/Image/UiDrawLog/UiDrawLog23.png	Rate in S-Rank pool:	70%									
2196	9960	<color=#26bbf9>70% rate in S-Rank pool</color>	Assets/Product/Texture/Image/UiDrawLog/UiDrawLog22.png	Assets/Product/Texture/Image/UiDrawLog/UiDrawLog23.png	Rate in S-Rank pool:	70%									
2197	9950	<color=#26bbf9>70% rate in S-Rank pool</color>	Assets/Product/Texture/Image/UiDrawLog/UiDrawLog22.png	Assets/Product/Texture/Image/UiDrawLog/UiDrawLog23.png	Rate in S-Rank pool:	70%									
2198	9940	<color=#26bbf9>70% rate in S-Rank pool</color>	Assets/Product/Texture/Image/UiDrawLog/UiDrawLog22.png	Assets/Product/Texture/Image/UiDrawLog/UiDrawLog23.png	Rate in S-Rank pool:	70%									
2199	9930	<color=#26bbf9>70% rate in S-Rank pool</color>	Assets/Product/Texture/Image/UiDrawLog/UiDrawLog22.png	Assets/Product/Texture/Image/UiDrawLog/UiDrawLog23.png	Rate in S-Rank pool:	70%									
2200	9920	<color=#26bbf9>70% rate in S-Rank pool</color>	Assets/Product/Texture/Image/UiDrawLog/UiDrawLog22.png	Assets/Product/Texture/Image/UiDrawLog/UiDrawLog23.png	Rate in S-Rank pool:	70%									
2201	10000	<color=#26bbf9>70% rate in S-Rank pool</color>	Assets/Product/Texture/Image/UiDrawLog/UiDrawLog22.png	Assets/Product/Texture/Image/UiDrawLog/UiDrawLog23.png	Rate in S-Rank pool:	70%									
2202	9990	<color=#26bbf9>70% rate in S-Rank pool</color>	Assets/Product/Texture/Image/UiDrawLog/UiDrawLog22.png	Assets/Product/Texture/Image/UiDrawLog/UiDrawLog23.png	Rate in S-Rank pool:	70%									
2203	9980	<color=#26bbf9>70% rate in S-Rank pool</color>	Assets/Product/Texture/Image/UiDrawLog/UiDrawLog22.png	Assets/Product/Texture/Image/UiDrawLog/UiDrawLog23.png	Rate in S-Rank pool:	70%									
2204	9970	<color=#26bbf9>70% rate in S-Rank pool</color>	Assets/Product/Texture/Image/UiDrawLog/UiDrawLog22.png	Assets/Product/Texture/Image/UiDrawLog/UiDrawLog23.png	Rate in S-Rank pool:	70%									
2205	9960	<color=#26bbf9>70% rate in S-Rank pool</color>	Assets/Product/Texture/Image/UiDrawLog/UiDrawLog22.png	Assets/Product/Texture/Image/UiDrawLog/UiDrawLog23.png	Rate in S-Rank pool:	70%									
2206	9950	<color=#26bbf9>70% rate in S-Rank pool</color>	Assets/Product/Texture/Image/UiDrawLog/UiDrawLog22.png	Assets/Product/Texture/Image/UiDrawLog/UiDrawLog23.png	Rate in S-Rank pool:	70%									
2207	9940	<color=#26bbf9>70% rate in S-Rank pool</color>	Assets/Product/Texture/Image/UiDrawLog/UiDrawLog22.png	Assets/Product/Texture/Image/UiDrawLog/UiDrawLog23.png	Rate in S-Rank pool:	70%									
2208	9930	<color=#26bbf9>70% rate in S-Rank pool</color>	Assets/Product/Texture/Image/UiDrawLog/UiDrawLog22.png	Assets/Product/Texture/Image/UiDrawLog/UiDrawLog23.png	Rate in S-Rank pool:	70%									
2209	9920	<color=#26bbf9>70% rate in S-Rank pool</color>	Assets/Product/Texture/Image/UiDrawLog/UiDrawLog22.png	Assets/Product/Texture/Image/UiDrawLog/UiDrawLog23.png	Rate in S-Rank pool:	70%									
2210	10000	<color=#ff8d1e>100% rate in S-Rank pool</color>	Assets/Product/Texture/Image/UiDrawLog/UiDrawLog22.png	Assets/Product/Texture/Image/UiDrawLog/UiDrawLog23.png	Rate in S-Rank pool:	100%									
2211	10000	<color=#26bbf9>70% rate in S-Rank pool</color>	Assets/Product/Texture/Image/UiDrawLog/UiDrawLog22.png	Assets/Product/Texture/Image/UiDrawLog/UiDrawLog23.png	Rate in S-Rank pool:	70%									
2212	9990	<color=#26bbf9>70% rate in S-Rank pool</color>	Assets/Product/Texture/Image/UiDrawLog/UiDrawLog22.png	Assets/Product/Texture/Image/UiDrawLog/UiDrawLog23.png	Rate in S-Rank pool:	70%									
2213	9980	<color=#26bbf9>70% rate in S-Rank pool</color>	Assets/Product/Texture/Image/UiDrawLog/UiDrawLog22.png	Assets/Product/Texture/Image/UiDrawLog/UiDrawLog23.png	Rate in S-Rank pool:	70%									
2214	9970	<color=#26bbf9>70% rate in S-Rank pool</color>	Assets/Product/Texture/Image/UiDrawLog/UiDrawLog22.png	Assets/Product/Texture/Image/UiDrawLog/UiDrawLog23.png	Rate in S-Rank pool:	70%									
2215	9960	<color=#26bbf9>70% rate in S-Rank pool</color>	Assets/Product/Texture/Image/UiDrawLog/UiDrawLog22.png	Assets/Product/Texture/Image/UiDrawLog/UiDrawLog23.png	Rate in S-Rank pool:	70%									
2216	9950	<color=#26bbf9>70% rate in S-Rank pool</color>	Assets/Product/Texture/Image/UiDrawLog/UiDrawLog22.png	Assets/Product/Texture/Image/UiDrawLog/UiDrawLog23.png	Rate in S-Rank pool:	70%									
2217	9940	<color=#26bbf9>70% rate in S-Rank pool</color>	Assets/Product/Texture/Image/UiDrawLog/UiDrawLog22.png	Assets/Product/Texture/Image/UiDrawLog/UiDrawLog23.png	Rate in S-Rank pool:	70%									
2218	9930	<color=#26bbf9>70% rate in S-Rank pool</color>	Assets/Product/Texture/Image/UiDrawLog/UiDrawLog22.png	Assets/Product/Texture/Image/UiDrawLog/UiDrawLog23.png	Rate in S-Rank pool:	70%									
2219	9920	<color=#26bbf9>70% rate in S-Rank pool</color>	Assets/Product/Texture/Image/UiDrawLog/UiDrawLog22.png	Assets/Product/Texture/Image/UiDrawLog/UiDrawLog23.png	Rate in S-Rank pool:	70%									
2220	10000	<color=#26bbf9>70% rate in S-Rank pool</color>	Assets/Product/Texture/Image/UiDrawLog/UiDrawLog22.png	Assets/Product/Texture/Image/UiDrawLog/UiDrawLog23.png	Rate in S-Rank pool:	70%									
2221	9990	<color=#26bbf9>70% rate in S-Rank pool</color>	Assets/Product/Texture/Image/UiDrawLog/UiDrawLog22.png	Assets/Product/Texture/Image/UiDrawLog/UiDrawLog23.png	Rate in S-Rank pool:	70%									
2222	9980	<color=#26bbf9>70% rate in S-Rank pool</color>	Assets/Product/Texture/Image/UiDrawLog/UiDrawLog22.png	Assets/Product/Texture/Image/UiDrawLog/UiDrawLog23.png	Rate in S-Rank pool:	70%									
2223	9970	<color=#26bbf9>70% rate in S-Rank pool</color>	Assets/Product/Texture/Image/UiDrawLog/UiDrawLog22.png	Assets/Product/Texture/Image/UiDrawLog/UiDrawLog23.png	Rate in S-Rank pool:	70%									
2224	9960	<color=#26bbf9>70% rate in S-Rank pool</color>	Assets/Product/Texture/Image/UiDrawLog/UiDrawLog22.png	Assets/Product/Texture/Image/UiDrawLog/UiDrawLog23.png	Rate in S-Rank pool:	70%									
2225	9950	<color=#26bbf9>70% rate in S-Rank pool</color>	Assets/Product/Texture/Image/UiDrawLog/UiDrawLog22.png	Assets/Product/Texture/Image/UiDrawLog/UiDrawLog23.png	Rate in S-Rank pool:	70%									
2226	9940	<color=#26bbf9>70% rate in S-Rank pool</color>	Assets/Product/Texture/Image/UiDrawLog/UiDrawLog22.png	Assets/Product/Texture/Image/UiDrawLog/UiDrawLog23.png	Rate in S-Rank pool:	70%									
2227	9930	<color=#26bbf9>70% rate in S-Rank pool</color>	Assets/Product/Texture/Image/UiDrawLog/UiDrawLog22.png	Assets/Product/Texture/Image/UiDrawLog/UiDrawLog23.png	Rate in S-Rank pool:	70%									
2228	9920	<color=#26bbf9>70% rate in S-Rank pool</color>	Assets/Product/Texture/Image/UiDrawLog/UiDrawLog22.png	Assets/Product/Texture/Image/UiDrawLog/UiDrawLog23.png	Rate in S-Rank pool:	70%									
2229	10000	<color=#ff8d1e>100% rate in S-Rank pool</color>	Assets/Product/Texture/Image/UiDrawLog/UiDrawLog22.png	Assets/Product/Texture/Image/UiDrawLog/UiDrawLog23.png	Rate in S-Rank pool:	100%									
2230	10000	<color=#26bbf9>70% rate in S-Rank pool</color>	Assets/Product/Texture/Image/UiDrawLog/UiDrawLog22.png	Assets/Product/Texture/Image/UiDrawLog/UiDrawLog23.png	Rate in S-Rank pool:	70%									
2231	9990	<color=#26bbf9>70% rate in S-Rank pool</color>	Assets/Product/Texture/Image/UiDrawLog/UiDrawLog22.png	Assets/Product/Texture/Image/UiDrawLog/UiDrawLog23.png	Rate in S-Rank pool:	70%									
2232	9980	<color=#26bbf9>70% rate in S-Rank pool</color>	Assets/Product/Texture/Image/UiDrawLog/UiDrawLog22.png	Assets/Product/Texture/Image/UiDrawLog/UiDrawLog23.png	Rate in S-Rank pool:	70%									
2233	9970	<color=#26bbf9>70% rate in S-Rank pool</color>	Assets/Product/Texture/Image/UiDrawLog/UiDrawLog22.png	Assets/Product/Texture/Image/UiDrawLog/UiDrawLog23.png	Rate in S-Rank pool:	70%									
2234	9960	<color=#26bbf9>70% rate in S-Rank pool</color>	Assets/Product/Texture/Image/UiDrawLog/UiDrawLog22.png	Assets/Product/Texture/Image/UiDrawLog/UiDrawLog23.png	Rate in S-Rank pool:	70%									
2235	9950	<color=#26bbf9>70% rate in S-Rank pool</color>	Assets/Product/Texture/Image/UiDrawLog/UiDrawLog22.png	Assets/Product/Texture/Image/UiDrawLog/UiDrawLog23.png	Rate in S-Rank pool:	70%									
2236	9940	<color=#26bbf9>70% rate in S-Rank pool</color>	Assets/Product/Texture/Image/UiDrawLog/UiDrawLog22.png	Assets/Product/Texture/Image/UiDrawLog/UiDrawLog23.png	Rate in S-Rank pool:	70%									
2237	9930	<color=#26bbf9>70% rate in S-Rank pool</color>	Assets/Product/Texture/Image/UiDrawLog/UiDrawLog22.png	Assets/Product/Texture/Image/UiDrawLog/UiDrawLog23.png	Rate in S-Rank pool:	70%									
2238	9920	<color=#26bbf9>70% rate in S-Rank pool</color>	Assets/Product/Texture/Image/UiDrawLog/UiDrawLog22.png	Assets/Product/Texture/Image/UiDrawLog/UiDrawLog23.png	Rate in S-Rank pool:	70%									
2239	10000	<color=#ff8d1e>100% rate in S-Rank pool</color>	Assets/Product/Texture/Image/UiDrawLog/UiDrawLog22.png	Assets/Product/Texture/Image/UiDrawLog/UiDrawLog23.png	Rate in S-Rank pool:	100%									
2240	10000	<color=#26bbf9>70% rate in S-Rank pool</color>	Assets/Product/Texture/Image/UiDrawLog/UiDrawLog22.png	Assets/Product/Texture/Image/UiDrawLog/UiDrawLog23.png	Rate in S-Rank pool:	70%									
2241	9990	<color=#26bbf9>70% rate in S-Rank pool</color>	Assets/Product/Texture/Image/UiDrawLog/UiDrawLog22.png	Assets/Product/Texture/Image/UiDrawLog/UiDrawLog23.png	Rate in S-Rank pool:	70%									
2242	9980	<color=#26bbf9>70% rate in S-Rank pool</color>	Assets/Product/Texture/Image/UiDrawLog/UiDrawLog22.png	Assets/Product/Texture/Image/UiDrawLog/UiDrawLog23.png	Rate in S-Rank pool:	70%									
2243	9970	<color=#26bbf9>70% rate in S-Rank pool</color>	Assets/Product/Texture/Image/UiDrawLog/UiDrawLog22.png	Assets/Product/Texture/Image/UiDrawLog/UiDrawLog23.png	Rate in S-Rank pool:	70%									
2244	9960	<color=#26bbf9>70% rate in S-Rank pool</color>	Assets/Product/Texture/Image/UiDrawLog/UiDrawLog22.png	Assets/Product/Texture/Image/UiDrawLog/UiDrawLog23.png	Rate in S-Rank pool:	70%									
2245	9950	<color=#26bbf9>70% rate in S-Rank pool</color>	Assets/Product/Texture/Image/UiDrawLog/UiDrawLog22.png	Assets/Product/Texture/Image/UiDrawLog/UiDrawLog23.png	Rate in S-Rank pool:	70%									
2246	9940	<color=#26bbf9>70% rate in S-Rank pool</color>	Assets/Product/Texture/Image/UiDrawLog/UiDrawLog22.png	Assets/Product/Texture/Image/UiDrawLog/UiDrawLog23.png	Rate in S-Rank pool:	70%									
2247	9930	<color=#26bbf9>70% rate in S-Rank pool</color>	Assets/Product/Texture/Image/UiDrawLog/UiDrawLog22.png	Assets/Product/Texture/Image/UiDrawLog/UiDrawLog23.png	Rate in S-Rank pool:	70%									
2248	9920	<color=#26bbf9>70% rate in S-Rank pool</color>	Assets/Product/Texture/Image/UiDrawLog/UiDrawLog22.png	Assets/Product/Texture/Image/UiDrawLog/UiDrawLog23.png	Rate in S-Rank pool:	70%									
2249	10000	<color=#26bbf9>70% rate in S-Rank pool</color>	Assets/Product/Texture/Image/UiDrawLog/UiDrawLog22.png	Assets/Product/Texture/Image/UiDrawLog/UiDrawLog23.png	Rate in S-Rank pool:	70%									
2250	9990	<color=#26bbf9>70% rate in S-Rank pool</color>	Assets/Product/Texture/Image/UiDrawLog/UiDrawLog22.png	Assets/Product/Texture/Image/UiDrawLog/UiDrawLog23.png	Rate in S-Rank pool:	70%									
2251	9980	<color=#26bbf9>70% rate in S-Rank pool</color>	Assets/Product/Texture/Image/UiDrawLog/UiDrawLog22.png	Assets/Product/Texture/Image/UiDrawLog/UiDrawLog23.png	Rate in S-Rank pool:	70%									
2252	9970	<color=#26bbf9>70% rate in S-Rank pool</color>	Assets/Product/Texture/Image/UiDrawLog/UiDrawLog22.png	Assets/Product/Texture/Image/UiDrawLog/UiDrawLog23.png	Rate in S-Rank pool:	70%									
2253	9960	<color=#26bbf9>70% rate in S-Rank pool</color>	Assets/Product/Texture/Image/UiDrawLog/UiDrawLog22.png	Assets/Product/Texture/Image/UiDrawLog/UiDrawLog23.png	Rate in S-Rank pool:	70%									
2254	9950	<color=#26bbf9>70% rate in S-Rank pool</color>	Assets/Product/Texture/Image/UiDrawLog/UiDrawLog22.png	Assets/Product/Texture/Image/UiDrawLog/UiDrawLog23.png	Rate in S-Rank pool:	70%									
2255	10000	<color=#26bbf9>70% rate in S-Rank pool</color>	Assets/Product/Texture/Image/UiDrawLog/UiDrawLog22.png	Assets/Product/Texture/Image/UiDrawLog/UiDrawLog23.png	Rate in S-Rank pool:	70%									
2256	9990	<color=#26bbf9>70% rate in S-Rank pool</color>	Assets/Product/Texture/Image/UiDrawLog/UiDrawLog22.png	Assets/Product/Texture/Image/UiDrawLog/UiDrawLog23.png	Rate in S-Rank pool:	70%									
2257	9980	<color=#26bbf9>70% rate in S-Rank pool</color>	Assets/Product/Texture/Image/UiDrawLog/UiDrawLog22.png	Assets/Product/Texture/Image/UiDrawLog/UiDrawLog23.png	Rate in S-Rank pool:	70%									
2258	9970	<color=#26bbf9>70% rate in S-Rank pool</color>	Assets/Product/Texture/Image/UiDrawLog/UiDrawLog22.png	Assets/Product/Texture/Image/UiDrawLog/UiDrawLog23.png	Rate in S-Rank pool:	70%									
2259	9960	<color=#26bbf9>70% rate in S-Rank pool</color>	Assets/Product/Texture/Image/UiDrawLog/UiDrawLog22.png	Assets/Product/Texture/Image/UiDrawLog/UiDrawLog23.png	Rate in S-Rank pool:	70%									
2260	9950	<color=#26bbf9>70% rate in S-Rank pool</color>	Assets/Product/Texture/Image/UiDrawLog/UiDrawLog22.png	Assets/Product/Texture/Image/UiDrawLog/UiDrawLog23.png	Rate in S-Rank pool:	70%									
2261	9940	<color=#26bbf9>70% rate in S-Rank pool</color>	Assets/Product/Texture/Image/UiDrawLog/UiDrawLog22.png	Assets/Product/Texture/Image/UiDrawLog/UiDrawLog23.png	Rate in S-Rank pool:	70%									
2262	9930	<color=#26bbf9>70% rate in S-Rank pool</color>	Assets/Product/Texture/Image/UiDrawLog/UiDrawLog22.png	Assets/Product/Texture/Image/UiDrawLog/UiDrawLog23.png	Rate in S-Rank pool:	70%									
2263	9920	<color=#26bbf9>70% rate in S-Rank pool</color>	Assets/Product/Texture/Image/UiDrawLog/UiDrawLog22.png	Assets/Product/Texture/Image/UiDrawLog/UiDrawLog23.png	Rate in S-Rank pool:	70%									
2264	10000	<color=#ff8d1e>100% rate in S-Rank pool</color>	Assets/Product/Texture/Image/UiDrawLog/UiDrawLog22.png	Assets/Product/Texture/Image/UiDrawLog/UiDrawLog23.png	Rate in S-Rank pool:	100%									
2265	10000	<color=#ff8d1e>100% rate in S-Rank pool</color>	Assets/Product/Texture/Image/UiDrawLog/UiDrawLog22.png	Assets/Product/Texture/Image/UiDrawLog/UiDrawLog23.png	Rate in S-Rank pool:	100%									
2266	10000	<color=#26bbf9>70% rate in S-Rank pool</color>	Assets/Product/Texture/Image/UiDrawLog/UiDrawLog22.png	Assets/Product/Texture/Image/UiDrawLog/UiDrawLog23.png	Rate in S-Rank pool:	70%									
2267	9990	<color=#26bbf9>70% rate in S-Rank pool</color>	Assets/Product/Texture/Image/UiDrawLog/UiDrawLog22.png	Assets/Product/Texture/Image/UiDrawLog/UiDrawLog23.png	Rate in S-Rank pool:	70%									
2268	9980	<color=#26bbf9>70% rate in S-Rank pool</color>	Assets/Product/Texture/Image/UiDrawLog/UiDrawLog22.png	Assets/Product/Texture/Image/UiDrawLog/UiDrawLog23.png	Rate in S-Rank pool:	70%									
2269	9970	<color=#26bbf9>70% rate in S-Rank pool</color>	Assets/Product/Texture/Image/UiDrawLog/UiDrawLog22.png	Assets/Product/Texture/Image/UiDrawLog/UiDrawLog23.png	Rate in S-Rank pool:	70%									
2270	9960	<color=#26bbf9>70% rate in S-Rank pool</color>	Assets/Product/Texture/Image/UiDrawLog/UiDrawLog22.png	Assets/Product/Texture/Image/UiDrawLog/UiDrawLog23.png	Rate in S-Rank pool:	70%									
2271	9950	<color=#26bbf9>70% rate in S-Rank pool</color>	Assets/Product/Texture/Image/UiDrawLog/UiDrawLog22.png	Assets/Product/Texture/Image/UiDrawLog/UiDrawLog23.png	Rate in S-Rank pool:	70%									
2272	9940	<color=#26bbf9>70% rate in S-Rank pool</color>	Assets/Product/Texture/Image/UiDrawLog/UiDrawLog22.png	Assets/Product/Texture/Image/UiDrawLog/UiDrawLog23.png	Rate in S-Rank pool:	70%									
2273	9930	<color=#26bbf9>70% rate in S-Rank pool</color>	Assets/Product/Texture/Image/UiDrawLog/UiDrawLog22.png	Assets/Product/Texture/Image/UiDrawLog/UiDrawLog23.png	Rate in S-Rank pool:	70%									
2274	9920	<color=#26bbf9>70% rate in S-Rank pool</color>	Assets/Product/Texture/Image/UiDrawLog/UiDrawLog22.png	Assets/Product/Texture/Image/UiDrawLog/UiDrawLog23.png	Rate in S-Rank pool:	70%									
2275	10000	<color=#26bbf9>70% rate in S-Rank pool</color>	Assets/Product/Texture/Image/UiDrawLog/UiDrawLog22.png	Assets/Product/Texture/Image/UiDrawLog/UiDrawLog23.png	Rate in S-Rank pool:	70%									
2276	9990	<color=#26bbf9>70% rate in S-Rank pool</color>	Assets/Product/Texture/Image/UiDrawLog/UiDrawLog22.png	Assets/Product/Texture/Image/UiDrawLog/UiDrawLog23.png	Rate in S-Rank pool:	70%									
2277	9980	<color=#26bbf9>70% rate in S-Rank pool</color>	Assets/Product/Texture/Image/UiDrawLog/UiDrawLog22.png	Assets/Product/Texture/Image/UiDrawLog/UiDrawLog23.png	Rate in S-Rank pool:	70%									
2278	9970	<color=#26bbf9>70% rate in S-Rank pool</color>	Assets/Product/Texture/Image/UiDrawLog/UiDrawLog22.png	Assets/Product/Texture/Image/UiDrawLog/UiDrawLog23.png	Rate in S-Rank pool:	70%									
2279	9960	<color=#26bbf9>70% rate in S-Rank pool</color>	Assets/Product/Texture/Image/UiDrawLog/UiDrawLog22.png	Assets/Product/Texture/Image/UiDrawLog/UiDrawLog23.png	Rate in S-Rank pool:	70%									
2280	9950	<color=#26bbf9>70% rate in S-Rank pool</color>	Assets/Product/Texture/Image/UiDrawLog/UiDrawLog22.png	Assets/Product/Texture/Image/UiDrawLog/UiDrawLog23.png	Rate in S-Rank pool:	70%									
2281	9940	<color=#26bbf9>70% rate in S-Rank pool</color>	Assets/Product/Texture/Image/UiDrawLog/UiDrawLog22.png	Assets/Product/Texture/Image/UiDrawLog/UiDrawLog23.png	Rate in S-Rank pool:	70%									
2282	9930	<color=#26bbf9>70% rate in S-Rank pool</color>	Assets/Product/Texture/Image/UiDrawLog/UiDrawLog22.png	Assets/Product/Texture/Image/UiDrawLog/UiDrawLog23.png	Rate in S-Rank pool:	70%									
2283	9920	<color=#26bbf9>70% rate in S-Rank pool</color>	Assets/Product/Texture/Image/UiDrawLog/UiDrawLog22.png	Assets/Product/Texture/Image/UiDrawLog/UiDrawLog23.png	Rate in S-Rank pool:	70%									
2284	10000	<color=#ff8d1e>100% rate in S-Rank pool</color>	Assets/Product/Texture/Image/UiDrawLog/UiDrawLog22.png	Assets/Product/Texture/Image/UiDrawLog/UiDrawLog23.png	Rate in S-Rank pool:	100%									
2285	10000	<color=#26bbf9>70% rate in S-Rank pool</color>	Assets/Product/Texture/Image/UiDrawLog/UiDrawLog22.png	Assets/Product/Texture/Image/UiDrawLog/UiDrawLog23.png	Rate in S-Rank pool:	70%									
2286	9990	<color=#26bbf9>70% rate in S-Rank pool</color>	Assets/Product/Texture/Image/UiDrawLog/UiDrawLog22.png	Assets/Product/Texture/Image/UiDrawLog/UiDrawLog23.png	Rate in S-Rank pool:	70%									
2287	9980	<color=#26bbf9>70% rate in S-Rank pool</color>	Assets/Product/Texture/Image/UiDrawLog/UiDrawLog22.png	Assets/Product/Texture/Image/UiDrawLog/UiDrawLog23.png	Rate in S-Rank pool:	70%									
2288	9970	<color=#26bbf9>70% rate in S-Rank pool</color>	Assets/Product/Texture/Image/UiDrawLog/UiDrawLog22.png	Assets/Product/Texture/Image/UiDrawLog/UiDrawLog23.png	Rate in S-Rank pool:	70%									
2289	9960	<color=#26bbf9>70% rate in S-Rank pool</color>	Assets/Product/Texture/Image/UiDrawLog/UiDrawLog22.png	Assets/Product/Texture/Image/UiDrawLog/UiDrawLog23.png	Rate in S-Rank pool:	70%									
2290	9950	<color=#26bbf9>70% rate in S-Rank pool</color>	Assets/Product/Texture/Image/UiDrawLog/UiDrawLog22.png	Assets/Product/Texture/Image/UiDrawLog/UiDrawLog23.png	Rate in S-Rank pool:	70%									
2291	9940	<color=#26bbf9>70% rate in S-Rank pool</color>	Assets/Product/Texture/Image/UiDrawLog/UiDrawLog22.png	Assets/Product/Texture/Image/UiDrawLog/UiDrawLog23.png	Rate in S-Rank pool:	70%									
2292	9930	<color=#26bbf9>70% rate in S-Rank pool</color>	Assets/Product/Texture/Image/UiDrawLog/UiDrawLog22.png	Assets/Product/Texture/Image/UiDrawLog/UiDrawLog23.png	Rate in S-Rank pool:	70%									
2293	9920	<color=#26bbf9>70% rate in S-Rank pool</color>	Assets/Product/Texture/Image/UiDrawLog/UiDrawLog22.png	Assets/Product/Texture/Image/UiDrawLog/UiDrawLog23.png	Rate in S-Rank pool:	70%									
2294	10000	<color=#26bbf9>70% rate in S-Rank pool</color>	Assets/Product/Texture/Image/UiDrawLog/UiDrawLog22.png	Assets/Product/Texture/Image/UiDrawLog/UiDrawLog23.png	Rate in S-Rank pool:	70%									
2295	9990	<color=#26bbf9>70% rate in S-Rank pool</color>	Assets/Product/Texture/Image/UiDrawLog/UiDrawLog22.png	Assets/Product/Texture/Image/UiDrawLog/UiDrawLog23.png	Rate in S-Rank pool:	70%									
2296	9980	<color=#26bbf9>70% rate in S-Rank pool</color>	Assets/Product/Texture/Image/UiDrawLog/UiDrawLog22.png	Assets/Product/Texture/Image/UiDrawLog/UiDrawLog23.png	Rate in S-Rank pool:	70%									
2297	9970	<color=#26bbf9>70% rate in S-Rank pool</color>	Assets/Product/Texture/Image/UiDrawLog/UiDrawLog22.png	Assets/Product/Texture/Image/UiDrawLog/UiDrawLog23.png	Rate in S-Rank pool:	70%									
2298	9960	<color=#26bbf9>70% rate in S-Rank pool</color>	Assets/Product/Texture/Image/UiDrawLog/UiDrawLog22.png	Assets/Product/Texture/Image/UiDrawLog/UiDrawLog23.png	Rate in S-Rank pool:	70%									
2299	9950	<color=#26bbf9>70% rate in S-Rank pool</color>	Assets/Product/Texture/Image/UiDrawLog/UiDrawLog22.png	Assets/Product/Texture/Image/UiDrawLog/UiDrawLog23.png	Rate in S-Rank pool:	70%									
2300	9940	<color=#26bbf9>70% rate in S-Rank pool</color>	Assets/Product/Texture/Image/UiDrawLog/UiDrawLog22.png	Assets/Product/Texture/Image/UiDrawLog/UiDrawLog23.png	Rate in S-Rank pool:	70%									
2301	9930	<color=#26bbf9>70% rate in S-Rank pool</color>	Assets/Product/Texture/Image/UiDrawLog/UiDrawLog22.png	Assets/Product/Texture/Image/UiDrawLog/UiDrawLog23.png	Rate in S-Rank pool:	70%									
2302	9920	<color=#26bbf9>70% rate in S-Rank pool</color>	Assets/Product/Texture/Image/UiDrawLog/UiDrawLog22.png	Assets/Product/Texture/Image/UiDrawLog/UiDrawLog23.png	Rate in S-Rank pool:	70%									
2303	10000	<color=#26bbf9>70% rate in S-Rank pool</color>	Assets/Product/Texture/Image/UiDrawLog/UiDrawLog22.png	Assets/Product/Texture/Image/UiDrawLog/UiDrawLog23.png	Rate in S-Rank pool:	70%									
2304	9990	<color=#26bbf9>70% rate in S-Rank pool</color>	Assets/Product/Texture/Image/UiDrawLog/UiDrawLog22.png	Assets/Product/Texture/Image/UiDrawLog/UiDrawLog23.png	Rate in S-Rank pool:	70%									
2305	9980	<color=#26bbf9>70% rate in S-Rank pool</color>	Assets/Product/Texture/Image/UiDrawLog/UiDrawLog22.png	Assets/Product/Texture/Image/UiDrawLog/UiDrawLog23.png	Rate in S-Rank pool:	70%									
2306	9970	<color=#26bbf9>70% rate in S-Rank pool</color>	Assets/Product/Texture/Image/UiDrawLog/UiDrawLog22.png	Assets/Product/Texture/Image/UiDrawLog/UiDrawLog23.png	Rate in S-Rank pool:	70%									
2307	9960	<color=#26bbf9>70% rate in S-Rank pool</color>	Assets/Product/Texture/Image/UiDrawLog/UiDrawLog22.png	Assets/Product/Texture/Image/UiDrawLog/UiDrawLog23.png	Rate in S-Rank pool:	70%									
2308	9950	<color=#26bbf9>70% rate in S-Rank pool</color>	Assets/Product/Texture/Image/UiDrawLog/UiDrawLog22.png	Assets/Product/Texture/Image/UiDrawLog/UiDrawLog23.png	Rate in S-Rank pool:	70%									
2309	9940	<color=#26bbf9>70% rate in S-Rank pool</color>	Assets/Product/Texture/Image/UiDrawLog/UiDrawLog22.png	Assets/Product/Texture/Image/UiDrawLog/UiDrawLog23.png	Rate in S-Rank pool:	70%									
2310	9930	<color=#26bbf9>70% rate in S-Rank pool</color>	Assets/Product/Texture/Image/UiDrawLog/UiDrawLog22.png	Assets/Product/Texture/Image/UiDrawLog/UiDrawLog23.png	Rate in S-Rank pool:	70%									
2311	9920	<color=#26bbf9>70% rate in S-Rank pool</color>	Assets/Product/Texture/Image/UiDrawLog/UiDrawLog22.png	Assets/Product/Texture/Image/UiDrawLog/UiDrawLog23.png	Rate in S-Rank pool:	70%									
2312	10000	<color=#ff8d1e>100% rate in S-Rank pool</color>	Assets/Product/Texture/Image/UiDrawLog/UiDrawLog22.png	Assets/Product/Texture/Image/UiDrawLog/UiDrawLog23.png	Rate in S-Rank pool:	100%									
2313	10000	<color=#26bbf9>70% rate in S-Rank pool</color>	Assets/Product/Texture/Image/UiDrawLog/UiDrawLog22.png	Assets/Product/Texture/Image/UiDrawLog/UiDrawLog23.png	Rate in S-Rank pool:	70%									
2314	9990	<color=#26bbf9>70% rate in S-Rank pool</color>	Assets/Product/Texture/Image/UiDrawLog/UiDrawLog22.png	Assets/Product/Texture/Image/UiDrawLog/UiDrawLog23.png	Rate in S-Rank pool:	70%									
2315	9980	<color=#26bbf9>70% rate in S-Rank pool</color>	Assets/Product/Texture/Image/UiDrawLog/UiDrawLog22.png	Assets/Product/Texture/Image/UiDrawLog/UiDrawLog23.png	Rate in S-Rank pool:	70%									
2316	9970	<color=#26bbf9>70% rate in S-Rank pool</color>	Assets/Product/Texture/Image/UiDrawLog/UiDrawLog22.png	Assets/Product/Texture/Image/UiDrawLog/UiDrawLog23.png	Rate in S-Rank pool:	70%									
2317	9960	<color=#26bbf9>70% rate in S-Rank pool</color>	Assets/Product/Texture/Image/UiDrawLog/UiDrawLog22.png	Assets/Product/Texture/Image/UiDrawLog/UiDrawLog23.png	Rate in S-Rank pool:	70%									
2318	9950	<color=#26bbf9>70% rate in S-Rank pool</color>	Assets/Product/Texture/Image/UiDrawLog/UiDrawLog22.png	Assets/Product/Texture/Image/UiDrawLog/UiDrawLog23.png	Rate in S-Rank pool:	70%									
2319	9940	<color=#26bbf9>70% rate in S-Rank pool</color>	Assets/Product/Texture/Image/UiDrawLog/UiDrawLog22.png	Assets/Product/Texture/Image/UiDrawLog/UiDrawLog23.png	Rate in S-Rank pool:	70%									
2320	9930	<color=#26bbf9>70% rate in S-Rank pool</color>	Assets/Product/Texture/Image/UiDrawLog/UiDrawLog22.png	Assets/Product/Texture/Image/UiDrawLog/UiDrawLog23.png	Rate in S-Rank pool:	70%									
2321	9920	<color=#26bbf9>70% rate in S-Rank pool</color>	Assets/Product/Texture/Image/UiDrawLog/UiDrawLog22.png	Assets/Product/Texture/Image/UiDrawLog/UiDrawLog23.png	Rate in S-Rank pool:	70%									
2322	10000	<color=#ff8d1e>100% rate in S-Rank pool</color>	Assets/Product/Texture/Image/UiDrawLog/UiDrawLog22.png	Assets/Product/Texture/Image/UiDrawLog/UiDrawLog23.png	Rate in S-Rank pool:	100%									
2323	10000	<color=#26bbf9>70% rate in S-Rank pool</color>	Assets/Product/Texture/Image/UiDrawLog/UiDrawLog22.png	Assets/Product/Texture/Image/UiDrawLog/UiDrawLog23.png	Rate in S-Rank pool:	70%									
2324	9990	<color=#26bbf9>70% rate in S-Rank pool</color>	Assets/Product/Texture/Image/UiDrawLog/UiDrawLog22.png	Assets/Product/Texture/Image/UiDrawLog/UiDrawLog23.png	Rate in S-Rank pool:	70%									
2325	9980	<color=#26bbf9>70% rate in S-Rank pool</color>	Assets/Product/Texture/Image/UiDrawLog/UiDrawLog22.png	Assets/Product/Texture/Image/UiDrawLog/UiDrawLog23.png	Rate in S-Rank pool:	70%									
2326	9970	<color=#26bbf9>70% rate in S-Rank pool</color>	Assets/Product/Texture/Image/UiDrawLog/UiDrawLog22.png	Assets/Product/Texture/Image/UiDrawLog/UiDrawLog23.png	Rate in S-Rank pool:	70%									
2327	9960	<color=#26bbf9>70% rate in S-Rank pool</color>	Assets/Product/Texture/Image/UiDrawLog/UiDrawLog22.png	Assets/Product/Texture/Image/UiDrawLog/UiDrawLog23.png	Rate in S-Rank pool:	70%									
2328	9950	<color=#26bbf9>70% rate in S-Rank pool</color>	Assets/Product/Texture/Image/UiDrawLog/UiDrawLog22.png	Assets/Product/Texture/Image/UiDrawLog/UiDrawLog23.png	Rate in S-Rank pool:	70%									
2329	9940	<color=#26bbf9>70% rate in S-Rank pool</color>	Assets/Product/Texture/Image/UiDrawLog/UiDrawLog22.png	Assets/Product/Texture/Image/UiDrawLog/UiDrawLog23.png	Rate in S-Rank pool:	70%									
2330	9930	<color=#26bbf9>70% rate in S-Rank pool</color>	Assets/Product/Texture/Image/UiDrawLog/UiDrawLog22.png	Assets/Product/Texture/Image/UiDrawLog/UiDrawLog23.png	Rate in S-Rank pool:	70%									
2331	9920	<color=#26bbf9>70% rate in S-Rank pool</color>	Assets/Product/Texture/Image/UiDrawLog/UiDrawLog22.png	Assets/Product/Texture/Image/UiDrawLog/UiDrawLog23.png	Rate in S-Rank pool:	70%									
2332	10000	<color=#ff8d1e>100% rate in S-Rank pool</color>	Assets/Product/Texture/Image/UiDrawLog/UiDrawLog22.png	Assets/Product/Texture/Image/UiDrawLog/UiDrawLog23.png	Rate in S-Rank pool:	100%									
2333	10000	<color=#26bbf9>70% rate in S-Rank pool</color>	Assets/Product/Texture/Image/UiDrawLog/UiDrawLog22.png	Assets/Product/Texture/Image/UiDrawLog/UiDrawLog23.png	Rate in S-Rank pool:	70%									
2334	9990	<color=#26bbf9>70% rate in S-Rank pool</color>	Assets/Product/Texture/Image/UiDrawLog/UiDrawLog22.png	Assets/Product/Texture/Image/UiDrawLog/UiDrawLog23.png	Rate in S-Rank pool:	70%									
2335	9980	<color=#26bbf9>70% rate in S-Rank pool</color>	Assets/Product/Texture/Image/UiDrawLog/UiDrawLog22.png	Assets/Product/Texture/Image/UiDrawLog/UiDrawLog23.png	Rate in S-Rank pool:	70%									
2336	9970	<color=#26bbf9>70% rate in S-Rank pool</color>	Assets/Product/Texture/Image/UiDrawLog/UiDrawLog22.png	Assets/Product/Texture/Image/UiDrawLog/UiDrawLog23.png	Rate in S-Rank pool:	70%									
2337	9960	<color=#26bbf9>70% rate in S-Rank pool</color>	Assets/Product/Texture/Image/UiDrawLog/UiDrawLog22.png	Assets/Product/Texture/Image/UiDrawLog/UiDrawLog23.png	Rate in S-Rank pool:	70%									
2338	9950	<color=#26bbf9>70% rate in S-Rank pool</color>	Assets/Product/Texture/Image/UiDrawLog/UiDrawLog22.png	Assets/Product/Texture/Image/UiDrawLog/UiDrawLog23.png	Rate in S-Rank pool:	70%									
2339	10000	<color=#26bbf9>70% rate in S-Rank pool</color>	Assets/Product/Texture/Image/UiDrawLog/UiDrawLog22.png	Assets/Product/Texture/Image/UiDrawLog/UiDrawLog23.png	Rate in S-Rank pool:	70%									
2340	9990	<color=#26bbf9>70% rate in S-Rank pool</color>	Assets/Product/Texture/Image/UiDrawLog/UiDrawLog22.png	Assets/Product/Texture/Image/UiDrawLog/UiDrawLog23.png	Rate in S-Rank pool:	70%									
2341	9980	<color=#26bbf9>70% rate in S-Rank pool</color>	Assets/Product/Texture/Image/UiDrawLog/UiDrawLog22.png	Assets/Product/Texture/Image/UiDrawLog/UiDrawLog23.png	Rate in S-Rank pool:	70%									
2342	9970	<color=#26bbf9>70% rate in S-Rank pool</color>	Assets/Product/Texture/Image/UiDrawLog/UiDrawLog22.png	Assets/Product/Texture/Image/UiDrawLog/UiDrawLog23.png	Rate in S-Rank pool:	70%									
2343	9960	<color=#26bbf9>70% rate in S-Rank pool</color>	Assets/Product/Texture/Image/UiDrawLog/UiDrawLog22.png	Assets/Product/Texture/Image/UiDrawLog/UiDrawLog23.png	Rate in S-Rank pool:	70%									
2344	9950	<color=#26bbf9>70% rate in S-Rank pool</color>	Assets/Product/Texture/Image/UiDrawLog/UiDrawLog22.png	Assets/Product/Texture/Image/UiDrawLog/UiDrawLog23.png	Rate in S-Rank pool:	70%									
2345	9940	<color=#26bbf9>70% rate in S-Rank pool</color>	Assets/Product/Texture/Image/UiDrawLog/UiDrawLog22.png	Assets/Product/Texture/Image/UiDrawLog/UiDrawLog23.png	Rate in S-Rank pool:	70%									
2346	9930	<color=#26bbf9>70% rate in S-Rank pool</color>	Assets/Product/Texture/Image/UiDrawLog/UiDrawLog22.png	Assets/Product/Texture/Image/UiDrawLog/UiDrawLog23.png	Rate in S-Rank pool:	70%									
2347	9920	<color=#26bbf9>70% rate in S-Rank pool</color>	Assets/Product/Texture/Image/UiDrawLog/UiDrawLog22.png	Assets/Product/Texture/Image/UiDrawLog/UiDrawLog23.png	Rate in S-Rank pool:	70%									
2348	10000	<color=#ff8d1e>100% rate in S-Rank pool</color>	Assets/Product/Texture/Image/UiDrawLog/UiDrawLog22.png	Assets/Product/Texture/Image/UiDrawLog/UiDrawLog23.png	Rate in S-Rank pool:	100%									
2349	10000	<color=#26bbf9>70% rate in S-Rank pool</color>	Assets/Product/Texture/Image/UiDrawLog/UiDrawLog22.png	Assets/Product/Texture/Image/UiDrawLog/UiDrawLog23.png	Rate in S-Rank pool:	70%									
2350	9990	<color=#26bbf9>70% rate in S-Rank pool</color>	Assets/Product/Texture/Image/UiDrawLog/UiDrawLog22.png	Assets/Product/Texture/Image/UiDrawLog/UiDrawLog23.png	Rate in S-Rank pool:	70%									
2351	9980	<color=#26bbf9>70% rate in S-Rank pool</color>	Assets/Product/Texture/Image/UiDrawLog/UiDrawLog22.png	Assets/Product/Texture/Image/UiDrawLog/UiDrawLog23.png	Rate in S-Rank pool:	70%									
2352	9970	<color=#26bbf9>70% rate in S-Rank pool</color>	Assets/Product/Texture/Image/UiDrawLog/UiDrawLog22.png	Assets/Product/Texture/Image/UiDrawLog/UiDrawLog23.png	Rate in S-Rank pool:	70%									
2353	9960	<color=#26bbf9>70% rate in S-Rank pool</color>	Assets/Product/Texture/Image/UiDrawLog/UiDrawLog22.png	Assets/Product/Texture/Image/UiDrawLog/UiDrawLog23.png	Rate in S-Rank pool:	70%									
2354	9950	<color=#26bbf9>70% rate in S-Rank pool</color>	Assets/Product/Texture/Image/UiDrawLog/UiDrawLog22.png	Assets/Product/Texture/Image/UiDrawLog/UiDrawLog23.png	Rate in S-Rank pool:	70%									
2355	9940	<color=#26bbf9>70% rate in S-Rank pool</color>	Assets/Product/Texture/Image/UiDrawLog/UiDrawLog22.png	Assets/Product/Texture/Image/UiDrawLog/UiDrawLog23.png	Rate in S-Rank pool:	70%									
2356	9930	<color=#26bbf9>70% rate in S-Rank pool</color>	Assets/Product/Texture/Image/UiDrawLog/UiDrawLog22.png	Assets/Product/Texture/Image/UiDrawLog/UiDrawLog23.png	Rate in S-Rank pool:	70%									
2357	9920	<color=#26bbf9>70% rate in S-Rank pool</color>	Assets/Product/Texture/Image/UiDrawLog/UiDrawLog22.png	Assets/Product/Texture/Image/UiDrawLog/UiDrawLog23.png	Rate in S-Rank pool:	70%									
2358	10000	<color=#ff8d1e>100% rate in S-Rank pool</color>	Assets/Product/Texture/Image/UiDrawLog/UiDrawLog22.png	Assets/Product/Texture/Image/UiDrawLog/UiDrawLog23.png	Rate in S-Rank pool:	100%									
2359	10000	<color=#26bbf9>70% rate in S-Rank pool</color>	Assets/Product/Texture/Image/UiDrawLog/UiDrawLog22.png	Assets/Product/Texture/Image/UiDrawLog/UiDrawLog23.png	Rate in S-Rank pool:	70%									
2360	9990	<color=#26bbf9>70% rate in S-Rank pool</color>	Assets/Product/Texture/Image/UiDrawLog/UiDrawLog22.png	Assets/Product/Texture/Image/UiDrawLog/UiDrawLog23.png	Rate in S-Rank pool:	70%									
2361	9980	<color=#26bbf9>70% rate in S-Rank pool</color>	Assets/Product/Texture/Image/UiDrawLog/UiDrawLog22.png	Assets/Product/Texture/Image/UiDrawLog/UiDrawLog23.png	Rate in S-Rank pool:	70%									
2362	9970	<color=#26bbf9>70% rate in S-Rank pool</color>	Assets/Product/Texture/Image/UiDrawLog/UiDrawLog22.png	Assets/Product/Texture/Image/UiDrawLog/UiDrawLog23.png	Rate in S-Rank pool:	70%									
2363	9960	<color=#26bbf9>70% rate in S-Rank pool</color>	Assets/Product/Texture/Image/UiDrawLog/UiDrawLog22.png	Assets/Product/Texture/Image/UiDrawLog/UiDrawLog23.png	Rate in S-Rank pool:	70%									
2364	9950	<color=#26bbf9>70% rate in S-Rank pool</color>	Assets/Product/Texture/Image/UiDrawLog/UiDrawLog22.png	Assets/Product/Texture/Image/UiDrawLog/UiDrawLog23.png	Rate in S-Rank pool:	70%									
2365	9940	<color=#26bbf9>70% rate in S-Rank pool</color>	Assets/Product/Texture/Image/UiDrawLog/UiDrawLog22.png	Assets/Product/Texture/Image/UiDrawLog/UiDrawLog23.png	Rate in S-Rank pool:	70%									
2366	9930	<color=#26bbf9>70% rate in S-Rank pool</color>	Assets/Product/Texture/Image/UiDrawLog/UiDrawLog22.png	Assets/Product/Texture/Image/UiDrawLog/UiDrawLog23.png	Rate in S-Rank pool:	70%									
2367	9920	<color=#26bbf9>70% rate in S-Rank pool</color>	Assets/Product/Texture/Image/UiDrawLog/UiDrawLog22.png	Assets/Product/Texture/Image/UiDrawLog/UiDrawLog23.png	Rate in S-Rank pool:	70%									
2368	10000	<color=#26bbf9>70% rate in S-Rank pool</color>	Assets/Product/Texture/Image/UiDrawLog/UiDrawLog22.png	Assets/Product/Texture/Image/UiDrawLog/UiDrawLog23.png	Rate in S-Rank pool:	70%									
2369	9990	<color=#26bbf9>70% rate in S-Rank pool</color>	Assets/Product/Texture/Image/UiDrawLog/UiDrawLog22.png	Assets/Product/Texture/Image/UiDrawLog/UiDrawLog23.png	Rate in S-Rank pool:	70%									
2370	9980	<color=#26bbf9>70% rate in S-Rank pool</color>	Assets/Product/Texture/Image/UiDrawLog/UiDrawLog22.png	Assets/Product/Texture/Image/UiDrawLog/UiDrawLog23.png	Rate in S-Rank pool:	70%									
2371	9970	<color=#26bbf9>70% rate in S-Rank pool</color>	Assets/Product/Texture/Image/UiDrawLog/UiDrawLog22.png	Assets/Product/Texture/Image/UiDrawLog/UiDrawLog23.png	Rate in S-Rank pool:	70%									
2372	9960	<color=#26bbf9>70% rate in S-Rank pool</color>	Assets/Product/Texture/Image/UiDrawLog/UiDrawLog22.png	Assets/Product/Texture/Image/UiDrawLog/UiDrawLog23.png	Rate in S-Rank pool:	70%									
2373	9950	<color=#26bbf9>70% rate in S-Rank pool</color>	Assets/Product/Texture/Image/UiDrawLog/UiDrawLog22.png	Assets/Product/Texture/Image/UiDrawLog/UiDrawLog23.png	Rate in S-Rank pool:	70%									
2374	9940	<color=#26bbf9>70% rate in S-Rank pool</color>	Assets/Product/Texture/Image/UiDrawLog/UiDrawLog22.png	Assets/Product/Texture/Image/UiDrawLog/UiDrawLog23.png	Rate in S-Rank pool:	70%									
2375	9930	<color=#26bbf9>70% rate in S-Rank pool</color>	Assets/Product/Texture/Image/UiDrawLog/UiDrawLog22.png	Assets/Product/Texture/Image/UiDrawLog/UiDrawLog23.png	Rate in S-Rank pool:	70%									
2376	9920	<color=#26bbf9>70% rate in S-Rank pool</color>	Assets/Product/Texture/Image/UiDrawLog/UiDrawLog22.png	Assets/Product/Texture/Image/UiDrawLog/UiDrawLog23.png	Rate in S-Rank pool:	70%									
2377	10000	<color=#ff8d1e>100% rate in S-Rank pool</color>	Assets/Product/Texture/Image/UiDrawLog/UiDrawLog22.png	Assets/Product/Texture/Image/UiDrawLog/UiDrawLog23.png	Rate in S-Rank pool:	100%									
2378	10000	<color=#26bbf9>70% rate in S-Rank pool</color>	Assets/Product/Texture/Image/UiDrawLog/UiDrawLog22.png	Assets/Product/Texture/Image/UiDrawLog/UiDrawLog23.png	Rate in S-Rank pool:	70%									
2379	9990	<color=#26bbf9>70% rate in S-Rank pool</color>	Assets/Product/Texture/Image/UiDrawLog/UiDrawLog22.png	Assets/Product/Texture/Image/UiDrawLog/UiDrawLog23.png	Rate in S-Rank pool:	70%									
2380	9980	<color=#26bbf9>70% rate in S-Rank pool</color>	Assets/Product/Texture/Image/UiDrawLog/UiDrawLog22.png	Assets/Product/Texture/Image/UiDrawLog/UiDrawLog23.png	Rate in S-Rank pool:	70%									
2381	9970	<color=#26bbf9>70% rate in S-Rank pool</color>	Assets/Product/Texture/Image/UiDrawLog/UiDrawLog22.png	Assets/Product/Texture/Image/UiDrawLog/UiDrawLog23.png	Rate in S-Rank pool:	70%									
2382	9960	<color=#26bbf9>70% rate in S-Rank pool</color>	Assets/Product/Texture/Image/UiDrawLog/UiDrawLog22.png	Assets/Product/Texture/Image/UiDrawLog/UiDrawLog23.png	Rate in S-Rank pool:	70%									
2383	9950	<color=#26bbf9>70% rate in S-Rank pool</color>	Assets/Product/Texture/Image/UiDrawLog/UiDrawLog22.png	Assets/Product/Texture/Image/UiDrawLog/UiDrawLog23.png	Rate in S-Rank pool:	70%									
2384	10000	<color=#26bbf9>70% rate in S-Rank pool</color>	Assets/Product/Texture/Image/UiDrawLog/UiDrawLog22.png	Assets/Product/Texture/Image/UiDrawLog/UiDrawLog23.png	Rate in S-Rank pool:	70%									
2385	9990	<color=#26bbf9>70% rate in S-Rank pool</color>	Assets/Product/Texture/Image/UiDrawLog/UiDrawLog22.png	Assets/Product/Texture/Image/UiDrawLog/UiDrawLog23.png	Rate in S-Rank pool:	70%									
2386	9980	<color=#26bbf9>70% rate in S-Rank pool</color>	Assets/Product/Texture/Image/UiDrawLog/UiDrawLog22.png	Assets/Product/Texture/Image/UiDrawLog/UiDrawLog23.png	Rate in S-Rank pool:	70%									
2387	9970	<color=#26bbf9>70% rate in S-Rank pool</color>	Assets/Product/Texture/Image/UiDrawLog/UiDrawLog22.png	Assets/Product/Texture/Image/UiDrawLog/UiDrawLog23.png	Rate in S-Rank pool:	70%									
2388	9960	<color=#26bbf9>70% rate in S-Rank pool</color>	Assets/Product/Texture/Image/UiDrawLog/UiDrawLog22.png	Assets/Product/Texture/Image/UiDrawLog/UiDrawLog23.png	Rate in S-Rank pool:	70%									
2389	9950	<color=#26bbf9>70% rate in S-Rank pool</color>	Assets/Product/Texture/Image/UiDrawLog/UiDrawLog22.png	Assets/Product/Texture/Image/UiDrawLog/UiDrawLog23.png	Rate in S-Rank pool:	70%									
2390	9940	<color=#26bbf9>70% rate in S-Rank pool</color>	Assets/Product/Texture/Image/UiDrawLog/UiDrawLog22.png	Assets/Product/Texture/Image/UiDrawLog/UiDrawLog23.png	Rate in S-Rank pool:	70%									
2391	9930	<color=#26bbf9>70% rate in S-Rank pool</color>	Assets/Product/Texture/Image/UiDrawLog/UiDrawLog22.png	Assets/Product/Texture/Image/UiDrawLog/UiDrawLog23.png	Rate in S-Rank pool:	70%									
2392	9920	<color=#26bbf9>70% rate in S-Rank pool</color>	Assets/Product/Texture/Image/UiDrawLog/UiDrawLog22.png	Assets/Product/Texture/Image/UiDrawLog/UiDrawLog23.png	Rate in S-Rank pool:	70%									
2393	10000	<color=#ff8d1e>100% rate in S-Rank pool</color>	Assets/Product/Texture/Image/UiDrawLog/UiDrawLog22.png	Assets/Product/Texture/Image/UiDrawLog/UiDrawLog23.png	Rate in S-Rank pool:	100%									
2394	10000	<color=#26bbf9>70% rate in S-Rank pool</color>	Assets/Product/Texture/Image/UiDrawLog/UiDrawLog22.png	Assets/Product/Texture/Image/UiDrawLog/UiDrawLog23.png	Rate in S-Rank pool:	70%									
2395	9990	<color=#26bbf9>70% rate in S-Rank pool</color>	Assets/Product/Texture/Image/UiDrawLog/UiDrawLog22.png	Assets/Product/Texture/Image/UiDrawLog/UiDrawLog23.png	Rate in S-Rank pool:	70%									
2396	9980	<color=#26bbf9>70% rate in S-Rank pool</color>	Assets/Product/Texture/Image/UiDrawLog/UiDrawLog22.png	Assets/Product/Texture/Image/UiDrawLog/UiDrawLog23.png	Rate in S-Rank pool:	70%									
2397	9970	<color=#26bbf9>70% rate in S-Rank pool</color>	Assets/Product/Texture/Image/UiDrawLog/UiDrawLog22.png	Assets/Product/Texture/Image/UiDrawLog/UiDrawLog23.png	Rate in S-Rank pool:	70%									
2398	9960	<color=#26bbf9>70% rate in S-Rank pool</color>	Assets/Product/Texture/Image/UiDrawLog/UiDrawLog22.png	Assets/Product/Texture/Image/UiDrawLog/UiDrawLog23.png	Rate in S-Rank pool:	70%									
2399	9950	<color=#26bbf9>70% rate in S-Rank pool</color>	Assets/Product/Texture/Image/UiDrawLog/UiDrawLog22.png	Assets/Product/Texture/Image/UiDrawLog/UiDrawLog23.png	Rate in S-Rank pool:	70%									
2400	9940	<color=#26bbf9>70% rate in S-Rank pool</color>	Assets/Product/Texture/Image/UiDrawLog/UiDrawLog22.png	Assets/Product/Texture/Image/UiDrawLog/UiDrawLog23.png	Rate in S-Rank pool:	70%									
2401	9930	<color=#26bbf9>70% rate in S-Rank pool</color>	Assets/Product/Texture/Image/UiDrawLog/UiDrawLog22.png	Assets/Product/Texture/Image/UiDrawLog/UiDrawLog23.png	Rate in S-Rank pool:	70%									
2402	9920	<color=#26bbf9>70% rate in S-Rank pool</color>	Assets/Product/Texture/Image/UiDrawLog/UiDrawLog22.png	Assets/Product/Texture/Image/UiDrawLog/UiDrawLog23.png	Rate in S-Rank pool:	70%									
2403	10000	<color=#26bbf9>70% rate in S-Rank pool</color>	Assets/Product/Texture/Image/UiDrawLog/UiDrawLog22.png	Assets/Product/Texture/Image/UiDrawLog/UiDrawLog23.png	Rate in S-Rank pool:	70%									
2404	9990	<color=#26bbf9>70% rate in S-Rank pool</color>	Assets/Product/Texture/Image/UiDrawLog/UiDrawLog22.png	Assets/Product/Texture/Image/UiDrawLog/UiDrawLog23.png	Rate in S-Rank pool:	70%									
2405	9980	<color=#26bbf9>70% rate in S-Rank pool</color>	Assets/Product/Texture/Image/UiDrawLog/UiDrawLog22.png	Assets/Product/Texture/Image/UiDrawLog/UiDrawLog23.png	Rate in S-Rank pool:	70%									
2406	9970	<color=#26bbf9>70% rate in S-Rank pool</color>	Assets/Product/Texture/Image/UiDrawLog/UiDrawLog22.png	Assets/Product/Texture/Image/UiDrawLog/UiDrawLog23.png	Rate in S-Rank pool:	70%									
2407	9960	<color=#26bbf9>70% rate in S-Rank pool</color>	Assets/Product/Texture/Image/UiDrawLog/UiDrawLog22.png	Assets/Product/Texture/Image/UiDrawLog/UiDrawLog23.png	Rate in S-Rank pool:	70%									
2408	9950	<color=#26bbf9>70% rate in S-Rank pool</color>	Assets/Product/Texture/Image/UiDrawLog/UiDrawLog22.png	Assets/Product/Texture/Image/UiDrawLog/UiDrawLog23.png	Rate in S-Rank pool:	70%									
2409	9940	<color=#26bbf9>70% rate in S-Rank pool</color>	Assets/Product/Texture/Image/UiDrawLog/UiDrawLog22.png	Assets/Product/Texture/Image/UiDrawLog/UiDrawLog23.png	Rate in S-Rank pool:	70%									
2410	9930	<color=#26bbf9>70% rate in S-Rank pool</color>	Assets/Product/Texture/Image/UiDrawLog/UiDrawLog22.png	Assets/Product/Texture/Image/UiDrawLog/UiDrawLog23.png	Rate in S-Rank pool:	70%									
2411	9920	<color=#26bbf9>70% rate in S-Rank pool</color>	Assets/Product/Texture/Image/UiDrawLog/UiDrawLog22.png	Assets/Product/Texture/Image/UiDrawLog/UiDrawLog23.png	Rate in S-Rank pool:	70%									
2412	10000	<color=#26bbf9>70% rate in S-Rank pool</color>	Assets/Product/Texture/Image/UiDrawLog/UiDrawLog22.png	Assets/Product/Texture/Image/UiDrawLog/UiDrawLog23.png	Rate in S-Rank pool:	70%									
2413	9990	<color=#26bbf9>70% rate in S-Rank pool</color>	Assets/Product/Texture/Image/UiDrawLog/UiDrawLog22.png	Assets/Product/Texture/Image/UiDrawLog/UiDrawLog23.png	Rate in S-Rank pool:	70%									
2414	9980	<color=#26bbf9>70% rate in S-Rank pool</color>	Assets/Product/Texture/Image/UiDrawLog/UiDrawLog22.png	Assets/Product/Texture/Image/UiDrawLog/UiDrawLog23.png	Rate in S-Rank pool:	70%									
2415	10000	<color=#ff8d1e>100% rate in S-Rank pool</color>	Assets/Product/Texture/Image/UiDrawLog/UiDrawLog22.png	Assets/Product/Texture/Image/UiDrawLog/UiDrawLog23.png	Rate in S-Rank pool:	100%									
2416	10000	<color=#26bbf9>70% rate in S-Rank pool</color>	Assets/Product/Texture/Image/UiDrawLog/UiDrawLog22.png	Assets/Product/Texture/Image/UiDrawLog/UiDrawLog23.png	Rate in S-Rank pool:	70%									
2417	9990	<color=#26bbf9>70% rate in S-Rank pool</color>	Assets/Product/Texture/Image/UiDrawLog/UiDrawLog22.png	Assets/Product/Texture/Image/UiDrawLog/UiDrawLog23.png	Rate in S-Rank pool:	70%									
2418	9980	<color=#26bbf9>70% rate in S-Rank pool</color>	Assets/Product/Texture/Image/UiDrawLog/UiDrawLog22.png	Assets/Product/Texture/Image/UiDrawLog/UiDrawLog23.png	Rate in S-Rank pool:	70%									
2419	9970	<color=#26bbf9>70% rate in S-Rank pool</color>	Assets/Product/Texture/Image/UiDrawLog/UiDrawLog22.png	Assets/Product/Texture/Image/UiDrawLog/UiDrawLog23.png	Rate in S-Rank pool:	70%									
2420	9960	<color=#26bbf9>70% rate in S-Rank pool</color>	Assets/Product/Texture/Image/UiDrawLog/UiDrawLog22.png	Assets/Product/Texture/Image/UiDrawLog/UiDrawLog23.png	Rate in S-Rank pool:	70%									
2421	9950	<color=#26bbf9>70% rate in S-Rank pool</color>	Assets/Product/Texture/Image/UiDrawLog/UiDrawLog22.png	Assets/Product/Texture/Image/UiDrawLog/UiDrawLog23.png	Rate in S-Rank pool:	70%									
2422	10000	<color=#ff8d1e>100% rate in S-Rank pool</color>	Assets/Product/Texture/Image/UiDrawLog/UiDrawLog22.png	Assets/Product/Texture/Image/UiDrawLog/UiDrawLog23.png	Rate in S-Rank pool:	100%									
2423	9990	<color=#26bbf9>70% rate in S-Rank pool</color>	Assets/Product/Texture/Image/UiDrawLog/UiDrawLog22.png	Assets/Product/Texture/Image/UiDrawLog/UiDrawLog23.png	Rate in S-Rank pool:	70%									
2424	9980	<color=#26bbf9>70% rate in S-Rank pool</color>	Assets/Product/Texture/Image/UiDrawLog/UiDrawLog22.png	Assets/Product/Texture/Image/UiDrawLog/UiDrawLog23.png	Rate in S-Rank pool:	70%									
2425	9970	<color=#26bbf9>70% rate in S-Rank pool</color>	Assets/Product/Texture/Image/UiDrawLog/UiDrawLog22.png	Assets/Product/Texture/Image/UiDrawLog/UiDrawLog23.png	Rate in S-Rank pool:	70%									
2426	9960	<color=#26bbf9>70% rate in S-Rank pool</color>	Assets/Product/Texture/Image/UiDrawLog/UiDrawLog22.png	Assets/Product/Texture/Image/UiDrawLog/UiDrawLog23.png	Rate in S-Rank pool:	70%									
2427	9950	<color=#26bbf9>70% rate in S-Rank pool</color>	Assets/Product/Texture/Image/UiDrawLog/UiDrawLog22.png	Assets/Product/Texture/Image/UiDrawLog/UiDrawLog23.png	Rate in S-Rank pool:	70%									
2428	9940	<color=#26bbf9>70% rate in S-Rank pool</color>	Assets/Product/Texture/Image/UiDrawLog/UiDrawLog22.png	Assets/Product/Texture/Image/UiDrawLog/UiDrawLog23.png	Rate in S-Rank pool:	70%									
2429	9930	<color=#26bbf9>70% rate in S-Rank pool</color>	Assets/Product/Texture/Image/UiDrawLog/UiDrawLog22.png	Assets/Product/Texture/Image/UiDrawLog/UiDrawLog23.png	Rate in S-Rank pool:	70%									
2430	9920	<color=#26bbf9>70% rate in S-Rank pool</color>	Assets/Product/Texture/Image/UiDrawLog/UiDrawLog22.png	Assets/Product/Texture/Image/UiDrawLog/UiDrawLog23.png	Rate in S-Rank pool:	70%									
2431	9910	<color=#26bbf9>70% rate in S-Rank pool</color>	Assets/Product/Texture/Image/UiDrawLog/UiDrawLog22.png	Assets/Product/Texture/Image/UiDrawLog/UiDrawLog23.png	Rate in S-Rank pool:	70%									
2432	10000	<color=#ff8d1e>100% rate in S-Rank pool</color>	Assets/Product/Texture/Image/UiDrawLog/UiDrawLog22.png	Assets/Product/Texture/Image/UiDrawLog/UiDrawLog23.png	Rate in S-Rank pool:	100%									
2433	9990	<color=#26bbf9>70% rate in S-Rank pool</color>	Assets/Product/Texture/Image/UiDrawLog/UiDrawLog22.png	Assets/Product/Texture/Image/UiDrawLog/UiDrawLog23.png	Rate in S-Rank pool:	70%									
2434	9980	<color=#26bbf9>70% rate in S-Rank pool</color>	Assets/Product/Texture/Image/UiDrawLog/UiDrawLog22.png	Assets/Product/Texture/Image/UiDrawLog/UiDrawLog23.png	Rate in S-Rank pool:	70%									
2435	9970	<color=#26bbf9>70% rate in S-Rank pool</color>	Assets/Product/Texture/Image/UiDrawLog/UiDrawLog22.png	Assets/Product/Texture/Image/UiDrawLog/UiDrawLog23.png	Rate in S-Rank pool:	70%									
2436	9960	<color=#26bbf9>70% rate in S-Rank pool</color>	Assets/Product/Texture/Image/UiDrawLog/UiDrawLog22.png	Assets/Product/Texture/Image/UiDrawLog/UiDrawLog23.png	Rate in S-Rank pool:	70%									
2437	9950	<color=#26bbf9>70% rate in S-Rank pool</color>	Assets/Product/Texture/Image/UiDrawLog/UiDrawLog22.png	Assets/Product/Texture/Image/UiDrawLog/UiDrawLog23.png	Rate in S-Rank pool:	70%									
2438	9940	<color=#26bbf9>70% rate in S-Rank pool</color>	Assets/Product/Texture/Image/UiDrawLog/UiDrawLog22.png	Assets/Product/Texture/Image/UiDrawLog/UiDrawLog23.png	Rate in S-Rank pool:	70%									
2439	9930	<color=#26bbf9>70% rate in S-Rank pool</color>	Assets/Product/Texture/Image/UiDrawLog/UiDrawLog22.png	Assets/Product/Texture/Image/UiDrawLog/UiDrawLog23.png	Rate in S-Rank pool:	70%									
2440	9920	<color=#26bbf9>70% rate in S-Rank pool</color>	Assets/Product/Texture/Image/UiDrawLog/UiDrawLog22.png	Assets/Product/Texture/Image/UiDrawLog/UiDrawLog23.png	Rate in S-Rank pool:	70%									
2441	9910	<color=#26bbf9>70% rate in S-Rank pool</color>	Assets/Product/Texture/Image/UiDrawLog/UiDrawLog22.png	Assets/Product/Texture/Image/UiDrawLog/UiDrawLog23.png	Rate in S-Rank pool:	70%									
2442	10000	<color=#ff8d1e>100% rate in S-Rank pool</color>	Assets/Product/Texture/Image/UiDrawLog/UiDrawLog22.png	Assets/Product/Texture/Image/UiDrawLog/UiDrawLog23.png	Rate in S-Rank pool:	100%									
2443	9990	<color=#26bbf9>70% rate in S-Rank pool</color>	Assets/Product/Texture/Image/UiDrawLog/UiDrawLog22.png	Assets/Product/Texture/Image/UiDrawLog/UiDrawLog23.png	Rate in S-Rank pool:	70%									
2444	9980	<color=#26bbf9>70% rate in S-Rank pool</color>	Assets/Product/Texture/Image/UiDrawLog/UiDrawLog22.png	Assets/Product/Texture/Image/UiDrawLog/UiDrawLog23.png	Rate in S-Rank pool:	70%									
2445	9970	<color=#26bbf9>70% rate in S-Rank pool</color>	Assets/Product/Texture/Image/UiDrawLog/UiDrawLog22.png	Assets/Product/Texture/Image/UiDrawLog/UiDrawLog23.png	Rate in S-Rank pool:	70%									
2446	9960	<color=#26bbf9>70% rate in S-Rank pool</color>	Assets/Product/Texture/Image/UiDrawLog/UiDrawLog22.png	Assets/Product/Texture/Image/UiDrawLog/UiDrawLog23.png	Rate in S-Rank pool:	70%									
2447	9950	<color=#26bbf9>70% rate in S-Rank pool</color>	Assets/Product/Texture/Image/UiDrawLog/UiDrawLog22.png	Assets/Product/Texture/Image/UiDrawLog/UiDrawLog23.png	Rate in S-Rank pool:	70%									
2448	9940	<color=#26bbf9>70% rate in S-Rank pool</color>	Assets/Product/Texture/Image/UiDrawLog/UiDrawLog22.png	Assets/Product/Texture/Image/UiDrawLog/UiDrawLog23.png	Rate in S-Rank pool:	70%									
2449	9930	<color=#26bbf9>70% rate in S-Rank pool</color>	Assets/Product/Texture/Image/UiDrawLog/UiDrawLog22.png	Assets/Product/Texture/Image/UiDrawLog/UiDrawLog23.png	Rate in S-Rank pool:	70%									
2450	9920	<color=#26bbf9>70% rate in S-Rank pool</color>	Assets/Product/Texture/Image/UiDrawLog/UiDrawLog22.png	Assets/Product/Texture/Image/UiDrawLog/UiDrawLog23.png	Rate in S-Rank pool:	70%									
2451	9910	<color=#26bbf9>70% rate in S-Rank pool</color>	Assets/Product/Texture/Image/UiDrawLog/UiDrawLog22.png	Assets/Product/Texture/Image/UiDrawLog/UiDrawLog23.png	Rate in S-Rank pool:	70%									
2452	10000	<color=#ff8d1e>100% rate in S-Rank pool</color>	Assets/Product/Texture/Image/UiDrawLog/UiDrawLog22.png	Assets/Product/Texture/Image/UiDrawLog/UiDrawLog23.png	Rate in S-Rank pool:	100%									
2453	9990	<color=#26bbf9>70% rate in S-Rank pool</color>	Assets/Product/Texture/Image/UiDrawLog/UiDrawLog22.png	Assets/Product/Texture/Image/UiDrawLog/UiDrawLog23.png	Rate in S-Rank pool:	70%									
2454	9980	<color=#26bbf9>70% rate in S-Rank pool</color>	Assets/Product/Texture/Image/UiDrawLog/UiDrawLog22.png	Assets/Product/Texture/Image/UiDrawLog/UiDrawLog23.png	Rate in S-Rank pool:	70%									
2455	9970	<color=#26bbf9>70% rate in S-Rank pool</color>	Assets/Product/Texture/Image/UiDrawLog/UiDrawLog22.png	Assets/Product/Texture/Image/UiDrawLog/UiDrawLog23.png	Rate in S-Rank pool:	70%									
2456	9960	<color=#26bbf9>70% rate in S-Rank pool</color>	Assets/Product/Texture/Image/UiDrawLog/UiDrawLog22.png	Assets/Product/Texture/Image/UiDrawLog/UiDrawLog23.png	Rate in S-Rank pool:	70%									
2457	9950	<color=#26bbf9>70% rate in S-Rank pool</color>	Assets/Product/Texture/Image/UiDrawLog/UiDrawLog22.png	Assets/Product/Texture/Image/UiDrawLog/UiDrawLog23.png	Rate in S-Rank pool:	70%									
2458	9940	<color=#26bbf9>70% rate in S-Rank pool</color>	Assets/Product/Texture/Image/UiDrawLog/UiDrawLog22.png	Assets/Product/Texture/Image/UiDrawLog/UiDrawLog23.png	Rate in S-Rank pool:	70%									
2459	9930	<color=#26bbf9>70% rate in S-Rank pool</color>	Assets/Product/Texture/Image/UiDrawLog/UiDrawLog22.png	Assets/Product/Texture/Image/UiDrawLog/UiDrawLog23.png	Rate in S-Rank pool:	70%									
2460	9920	<color=#26bbf9>70% rate in S-Rank pool</color>	Assets/Product/Texture/Image/UiDrawLog/UiDrawLog22.png	Assets/Product/Texture/Image/UiDrawLog/UiDrawLog23.png	Rate in S-Rank pool:	70%									
2461	9910	<color=#26bbf9>70% rate in S-Rank pool</color>	Assets/Product/Texture/Image/UiDrawLog/UiDrawLog22.png	Assets/Product/Texture/Image/UiDrawLog/UiDrawLog23.png	Rate in S-Rank pool:	70%									
2462	10000	<color=#ff8d1e>100% rate in S-Rank pool</color>	Assets/Product/Texture/Image/UiDrawLog/UiDrawLog22.png	Assets/Product/Texture/Image/UiDrawLog/UiDrawLog23.png	Rate in S-Rank pool:	100%									
2463	9990	<color=#26bbf9>70% rate in S-Rank pool</color>	Assets/Product/Texture/Image/UiDrawLog/UiDrawLog22.png	Assets/Product/Texture/Image/UiDrawLog/UiDrawLog23.png	Rate in S-Rank pool:	70%									
2464	9980	<color=#26bbf9>70% rate in S-Rank pool</color>	Assets/Product/Texture/Image/UiDrawLog/UiDrawLog22.png	Assets/Product/Texture/Image/UiDrawLog/UiDrawLog23.png	Rate in S-Rank pool:	70%									
2465	9970	<color=#26bbf9>70% rate in S-Rank pool</color>	Assets/Product/Texture/Image/UiDrawLog/UiDrawLog22.png	Assets/Product/Texture/Image/UiDrawLog/UiDrawLog23.png	Rate in S-Rank pool:	70%									
2466	9960	<color=#26bbf9>70% rate in S-Rank pool</color>	Assets/Product/Texture/Image/UiDrawLog/UiDrawLog22.png	Assets/Product/Texture/Image/UiDrawLog/UiDrawLog23.png	Rate in S-Rank pool:	70%									
2467	9950	<color=#26bbf9>70% rate in S-Rank pool</color>	Assets/Product/Texture/Image/UiDrawLog/UiDrawLog22.png	Assets/Product/Texture/Image/UiDrawLog/UiDrawLog23.png	Rate in S-Rank pool:	70%									
2468	9940	<color=#26bbf9>70% rate in S-Rank pool</color>	Assets/Product/Texture/Image/UiDrawLog/UiDrawLog22.png	Assets/Product/Texture/Image/UiDrawLog/UiDrawLog23.png	Rate in S-Rank pool:	70%									
2469	9930	<color=#26bbf9>70% rate in S-Rank pool</color>	Assets/Product/Texture/Image/UiDrawLog/UiDrawLog22.png	Assets/Product/Texture/Image/UiDrawLog/UiDrawLog23.png	Rate in S-Rank pool:	70%									
2470	9920	<color=#26bbf9>70% rate in S-Rank pool</color>	Assets/Product/Texture/Image/UiDrawLog/UiDrawLog22.png	Assets/Product/Texture/Image/UiDrawLog/UiDrawLog23.png	Rate in S-Rank pool:	70%									
2471	9910	<color=#26bbf9>70% rate in S-Rank pool</color>	Assets/Product/Texture/Image/UiDrawLog/UiDrawLog22.png	Assets/Product/Texture/Image/UiDrawLog/UiDrawLog23.png	Rate in S-Rank pool:	70%									
2472	10000	<color=#ff8d1e>100% rate in S-Rank pool</color>	Assets/Product/Texture/Image/UiDrawLog/UiDrawLog22.png	Assets/Product/Texture/Image/UiDrawLog/UiDrawLog23.png	Rate in S-Rank pool:	100%									
2473	9990	<color=#26bbf9>70% rate in S-Rank pool</color>	Assets/Product/Texture/Image/UiDrawLog/UiDrawLog22.png	Assets/Product/Texture/Image/UiDrawLog/UiDrawLog23.png	Rate in S-Rank pool:	70%									
2474	9980	<color=#26bbf9>70% rate in S-Rank pool</color>	Assets/Product/Texture/Image/UiDrawLog/UiDrawLog22.png	Assets/Product/Texture/Image/UiDrawLog/UiDrawLog23.png	Rate in S-Rank pool:	70%									
2475	9970	<color=#26bbf9>70% rate in S-Rank pool</color>	Assets/Product/Texture/Image/UiDrawLog/UiDrawLog22.png	Assets/Product/Texture/Image/UiDrawLog/UiDrawLog23.png	Rate in S-Rank pool:	70%									
2476	9960	<color=#26bbf9>70% rate in S-Rank pool</color>	Assets/Product/Texture/Image/UiDrawLog/UiDrawLog22.png	Assets/Product/Texture/Image/UiDrawLog/UiDrawLog23.png	Rate in S-Rank pool:	70%									
2477	9950	<color=#26bbf9>70% rate in S-Rank pool</color>	Assets/Product/Texture/Image/UiDrawLog/UiDrawLog22.png	Assets/Product/Texture/Image/UiDrawLog/UiDrawLog23.png	Rate in S-Rank pool:	70%									
2478	9940	<color=#26bbf9>70% rate in S-Rank pool</color>	Assets/Product/Texture/Image/UiDrawLog/UiDrawLog22.png	Assets/Product/Texture/Image/UiDrawLog/UiDrawLog23.png	Rate in S-Rank pool:	70%									
2479	9930	<color=#26bbf9>70% rate in S-Rank pool</color>	Assets/Product/Texture/Image/UiDrawLog/UiDrawLog22.png	Assets/Product/Texture/Image/UiDrawLog/UiDrawLog23.png	Rate in S-Rank pool:	70%									
2480	9920	<color=#26bbf9>70% rate in S-Rank pool</color>	Assets/Product/Texture/Image/UiDrawLog/UiDrawLog22.png	Assets/Product/Texture/Image/UiDrawLog/UiDrawLog23.png	Rate in S-Rank pool:	70%									
2481	9910	<color=#26bbf9>70% rate in S-Rank pool</color>	Assets/Product/Texture/Image/UiDrawLog/UiDrawLog22.png	Assets/Product/Texture/Image/UiDrawLog/UiDrawLog23.png	Rate in S-Rank pool:	70%									
2482	10000	<color=#ff8d1e>100% rate in S-Rank pool</color>	Assets/Product/Texture/Image/UiDrawLog/UiDrawLog22.png	Assets/Product/Texture/Image/UiDrawLog/UiDrawLog23.png	Rate in S-Rank pool:	100%									
2483	9990	<color=#26bbf9>70% rate in S-Rank pool</color>	Assets/Product/Texture/Image/UiDrawLog/UiDrawLog22.png	Assets/Product/Texture/Image/UiDrawLog/UiDrawLog23.png	Rate in S-Rank pool:	70%									
2484	9980	<color=#26bbf9>70% rate in S-Rank pool</color>	Assets/Product/Texture/Image/UiDrawLog/UiDrawLog22.png	Assets/Product/Texture/Image/UiDrawLog/UiDrawLog23.png	Rate in S-Rank pool:	70%									
2485	9970	<color=#26bbf9>70% rate in S-Rank pool</color>	Assets/Product/Texture/Image/UiDrawLog/UiDrawLog22.png	Assets/Product/Texture/Image/UiDrawLog/UiDrawLog23.png	Rate in S-Rank pool:	70%									
2486	9960	<color=#26bbf9>70% rate in S-Rank pool</color>	Assets/Product/Texture/Image/UiDrawLog/UiDrawLog22.png	Assets/Product/Texture/Image/UiDrawLog/UiDrawLog23.png	Rate in S-Rank pool:	70%									
2487	9950	<color=#26bbf9>70% rate in S-Rank pool</color>	Assets/Product/Texture/Image/UiDrawLog/UiDrawLog22.png	Assets/Product/Texture/Image/UiDrawLog/UiDrawLog23.png	Rate in S-Rank pool:	70%									
2488	9940	<color=#26bbf9>70% rate in S-Rank pool</color>	Assets/Product/Texture/Image/UiDrawLog/UiDrawLog22.png	Assets/Product/Texture/Image/UiDrawLog/UiDrawLog23.png	Rate in S-Rank pool:	70%									
2489	9930	<color=#26bbf9>70% rate in S-Rank pool</color>	Assets/Product/Texture/Image/UiDrawLog/UiDrawLog22.png	Assets/Product/Texture/Image/UiDrawLog/UiDrawLog23.png	Rate in S-Rank pool:	70%									
2490	9920	<color=#26bbf9>70% rate in S-Rank pool</color>	Assets/Product/Texture/Image/UiDrawLog/UiDrawLog22.png	Assets/Product/Texture/Image/UiDrawLog/UiDrawLog23.png	Rate in S-Rank pool:	70%									
2491	9910	<color=#26bbf9>70% rate in S-Rank pool</color>	Assets/Product/Texture/Image/UiDrawLog/UiDrawLog22.png	Assets/Product/Texture/Image/UiDrawLog/UiDrawLog23.png	Rate in S-Rank pool:	70%									
2492	9900	<color=#ff8d1e>100% rate in S-Rank pool</color>	Assets/Product/Texture/Image/UiDrawLog/UiDrawLog22.png	Assets/Product/Texture/Image/UiDrawLog/UiDrawLog23.png	Rate in S-Rank pool:	100%									
2493	10000	<color=#ff8d1e>100% rate in S-Rank pool</color>	Assets/Product/Texture/Image/UiDrawLog/UiDrawLog22.png	Assets/Product/Texture/Image/UiDrawLog/UiDrawLog23.png	Rate in S-Rank pool:	100%									
2494	9990	<color=#26bbf9>70% rate in S-Rank pool</color>	Assets/Product/Texture/Image/UiDrawLog/UiDrawLog22.png	Assets/Product/Texture/Image/UiDrawLog/UiDrawLog23.png	Rate in S-Rank pool:	70%									
2495	9980	<color=#26bbf9>70% rate in S-Rank pool</color>	Assets/Product/Texture/Image/UiDrawLog/UiDrawLog22.png	Assets/Product/Texture/Image/UiDrawLog/UiDrawLog23.png	Rate in S-Rank pool:	70%									
2496	9970	<color=#26bbf9>70% rate in S-Rank pool</color>	Assets/Product/Texture/Image/UiDrawLog/UiDrawLog22.png	Assets/Product/Texture/Image/UiDrawLog/UiDrawLog23.png	Rate in S-Rank pool:	70%									
2497	9960	<color=#26bbf9>70% rate in S-Rank pool</color>	Assets/Product/Texture/Image/UiDrawLog/UiDrawLog22.png	Assets/Product/Texture/Image/UiDrawLog/UiDrawLog23.png	Rate in S-Rank pool:	70%									
2498	9950	<color=#26bbf9>70% rate in S-Rank pool</color>	Assets/Product/Texture/Image/UiDrawLog/UiDrawLog22.png	Assets/Product/Texture/Image/UiDrawLog/UiDrawLog23.png	Rate in S-Rank pool:	70%									
2499	9940	<color=#26bbf9>70% rate in S-Rank pool</color>	Assets/Product/Texture/Image/UiDrawLog/UiDrawLog22.png	Assets/Product/Texture/Image/UiDrawLog/UiDrawLog23.png	Rate in S-Rank pool:	70%									
2500	9930	<color=#26bbf9>70% rate in S-Rank pool</color>	Assets/Product/Texture/Image/UiDrawLog/UiDrawLog22.png	Assets/Product/Texture/Image/UiDrawLog/UiDrawLog23.png	Rate in S-Rank pool:	70%									
2501	9920	<color=#26bbf9>70% rate in S-Rank pool</color>	Assets/Product/Texture/Image/UiDrawLog/UiDrawLog22.png	Assets/Product/Texture/Image/UiDrawLog/UiDrawLog23.png	Rate in S-Rank pool:	70%									
2502	9910	<color=#26bbf9>70% rate in S-Rank pool</color>	Assets/Product/Texture/Image/UiDrawLog/UiDrawLog22.png	Assets/Product/Texture/Image/UiDrawLog/UiDrawLog23.png	Rate in S-Rank pool:	70%									
2503	10000	<color=#ff8d1e>100% rate in S-Rank pool</color>	Assets/Product/Texture/Image/UiDrawLog/UiDrawLog22.png	Assets/Product/Texture/Image/UiDrawLog/UiDrawLog23.png	Rate in S-Rank pool:	100%									
2504	9990	<color=#26bbf9>70% rate in S-Rank pool</color>	Assets/Product/Texture/Image/UiDrawLog/UiDrawLog22.png	Assets/Product/Texture/Image/UiDrawLog/UiDrawLog23.png	Rate in S-Rank pool:	70%									
2505	9980	<color=#26bbf9>70% rate in S-Rank pool</color>	Assets/Product/Texture/Image/UiDrawLog/UiDrawLog22.png	Assets/Product/Texture/Image/UiDrawLog/UiDrawLog23.png	Rate in S-Rank pool:	70%									
2506	9970	<color=#26bbf9>70% rate in S-Rank pool</color>	Assets/Product/Texture/Image/UiDrawLog/UiDrawLog22.png	Assets/Product/Texture/Image/UiDrawLog/UiDrawLog23.png	Rate in S-Rank pool:	70%									
2507	9960	<color=#26bbf9>70% rate in S-Rank pool</color>	Assets/Product/Texture/Image/UiDrawLog/UiDrawLog22.png	Assets/Product/Texture/Image/UiDrawLog/UiDrawLog23.png	Rate in S-Rank pool:	70%									
2508	9950	<color=#26bbf9>70% rate in S-Rank pool</color>	Assets/Product/Texture/Image/UiDrawLog/UiDrawLog22.png	Assets/Product/Texture/Image/UiDrawLog/UiDrawLog23.png	Rate in S-Rank pool:	70%									
2509	9940	<color=#26bbf9>70% rate in S-Rank pool</color>	Assets/Product/Texture/Image/UiDrawLog/UiDrawLog22.png	Assets/Product/Texture/Image/UiDrawLog/UiDrawLog23.png	Rate in S-Rank pool:	70%									
3000	8000	<color=#26bbf9>80% rate in A-Rank pool</color>	Assets/Product/Texture/Image/UiDrawLog/UiDrawLog18.png	Assets/Product/Texture/Image/UiDrawLog/UiDrawLog20.png	Rate in A-Rank pool:	80%									
3001	8001	<color=#26bbf9>80% rate in A-Rank pool</color>	Assets/Product/Texture/Image/UiDrawLog/UiDrawLog18.png	Assets/Product/Texture/Image/UiDrawLog/UiDrawLog20.png	Rate in A-Rank pool:	80%									
3002	8002	<color=#26bbf9>80% rate in A-Rank pool</color>	Assets/Product/Texture/Image/UiDrawLog/UiDrawLog18.png	Assets/Product/Texture/Image/UiDrawLog/UiDrawLog20.png	Rate in A-Rank pool:	80%									
3003	8003	<color=#26bbf9>80% rate in A-Rank pool</color>	Assets/Product/Texture/Image/UiDrawLog/UiDrawLog18.png	Assets/Product/Texture/Image/UiDrawLog/UiDrawLog20.png	Rate in A-Rank pool:	80%									
3004	8004	<color=#26bbf9>80% rate in A-Rank pool</color>	Assets/Product/Texture/Image/UiDrawLog/UiDrawLog18.png	Assets/Product/Texture/Image/UiDrawLog/UiDrawLog20.png	Rate in A-Rank pool:	80%									
3005	8005	<color=#26bbf9>80% rate in A-Rank pool</color>	Assets/Product/Texture/Image/UiDrawLog/UiDrawLog18.png	Assets/Product/Texture/Image/UiDrawLog/UiDrawLog20.png	Rate in A-Rank pool:	80%									
3006	8006	<color=#26bbf9>80% rate in A-Rank pool</color>	Assets/Product/Texture/Image/UiDrawLog/UiDrawLog18.png	Assets/Product/Texture/Image/UiDrawLog/UiDrawLog20.png	Rate in A-Rank pool:	80%									
3007	8007	<color=#26bbf9>80% rate in A-Rank pool</color>	Assets/Product/Texture/Image/UiDrawLog/UiDrawLog18.png	Assets/Product/Texture/Image/UiDrawLog/UiDrawLog20.png	Rate in A-Rank pool:	80%									
3008	8008	<color=#26bbf9>80% rate in A-Rank pool</color>	Assets/Product/Texture/Image/UiDrawLog/UiDrawLog18.png	Assets/Product/Texture/Image/UiDrawLog/UiDrawLog20.png	Rate in A-Rank pool:	80%									
3009	9000	<color=#ff8d1e>100% rate in A-Rank pool</color>	Assets/Product/Texture/Image/UiDrawLog/UiDrawLog18.png	Assets/Product/Texture/Image/UiDrawLog/UiDrawLog20.png	Rate in A-Rank pool:	100%									
3010	8009	<color=#26bbf9>80% rate in A-Rank pool</color>	Assets/Product/Texture/Image/UiDrawLog/UiDrawLog18.png	Assets/Product/Texture/Image/UiDrawLog/UiDrawLog20.png	Rate in A-Rank pool:	80%									
3011	9001	<color=#ff8d1e>100% rate in A-Rank pool</color>	Assets/Product/Texture/Image/UiDrawLog/UiDrawLog18.png	Assets/Product/Texture/Image/UiDrawLog/UiDrawLog20.png	Rate in A-Rank pool:	100%									
3012	8010	<color=#26bbf9>80% rate in A-Rank pool</color>	Assets/Product/Texture/Image/UiDrawLog/UiDrawLog18.png	Assets/Product/Texture/Image/UiDrawLog/UiDrawLog20.png	Rate in A-Rank pool:	80%									
3013	9002	<color=#ff8d1e>100% rate in A-Rank pool</color>	Assets/Product/Texture/Image/UiDrawLog/UiDrawLog18.png	Assets/Product/Texture/Image/UiDrawLog/UiDrawLog20.png	Rate in A-Rank pool:	100%									
3014	8011	<color=#26bbf9>80% rate in A-Rank pool</color>	Assets/Product/Texture/Image/UiDrawLog/UiDrawLog18.png	Assets/Product/Texture/Image/UiDrawLog/UiDrawLog20.png	Rate in A-Rank pool:	80%									
3015	9004	<color=#ff8d1e>100% rate in A-Rank pool</color>	Assets/Product/Texture/Image/UiDrawLog/UiDrawLog18.png	Assets/Product/Texture/Image/UiDrawLog/UiDrawLog20.png	Rate in A-Rank pool:	100%									
3016	8013	<color=#26bbf9>80% rate in A-Rank pool</color>	Assets/Product/Texture/Image/UiDrawLog/UiDrawLog18.png	Assets/Product/Texture/Image/UiDrawLog/UiDrawLog20.png	Rate in A-Rank pool:	80%									
3017	9005	<color=#ff8d1e>100% rate in A-Rank pool</color>	Assets/Product/Texture/Image/UiDrawLog/UiDrawLog18.png	Assets/Product/Texture/Image/UiDrawLog/UiDrawLog20.png	Rate in A-Rank pool:	100%									
3018	8015	<color=#26bbf9>80% rate in A-Rank pool</color>	Assets/Product/Texture/Image/UiDrawLog/UiDrawLog18.png	Assets/Product/Texture/Image/UiDrawLog/UiDrawLog20.png	Rate in A-Rank pool:	80%									
3019	9006	<color=#ff8d1e>100% rate in A-Rank pool</color>	Assets/Product/Texture/Image/UiDrawLog/UiDrawLog18.png	Assets/Product/Texture/Image/UiDrawLog/UiDrawLog20.png	Rate in A-Rank pool:	100%									
3020	8016	<color=#26bbf9>80% rate in A-Rank pool</color>	Assets/Product/Texture/Image/UiDrawLog/UiDrawLog18.png	Assets/Product/Texture/Image/UiDrawLog/UiDrawLog20.png	Rate in A-Rank pool:	80%									
3021	9007	<color=#ff8d1e>100% rate in A-Rank pool</color>	Assets/Product/Texture/Image/UiDrawLog/UiDrawLog18.png	Assets/Product/Texture/Image/UiDrawLog/UiDrawLog20.png	Rate in A-Rank pool:	100%									
3022	8017	<color=#26bbf9>80% rate in A-Rank pool</color>	Assets/Product/Texture/Image/UiDrawLog/UiDrawLog18.png	Assets/Product/Texture/Image/UiDrawLog/UiDrawLog20.png	Rate in A-Rank pool:	80%									
3023	9008	<color=#ff8d1e>100% rate in A-Rank pool</color>	Assets/Product/Texture/Image/UiDrawLog/UiDrawLog18.png	Assets/Product/Texture/Image/UiDrawLog/UiDrawLog20.png	Rate in A-Rank pool:	100%									
3024	8018	<color=#26bbf9>80% rate in A-Rank pool</color>	Assets/Product/Texture/Image/UiDrawLog/UiDrawLog18.png	Assets/Product/Texture/Image/UiDrawLog/UiDrawLog20.png	Rate in A-Rank pool:	80%									
3025	9009	<color=#ff8d1e>100% rate in A-Rank pool</color>	Assets/Product/Texture/Image/UiDrawLog/UiDrawLog18.png	Assets/Product/Texture/Image/UiDrawLog/UiDrawLog20.png	Rate in A-Rank pool:	100%									
3026	8019	<color=#26bbf9>80% rate in A-Rank pool</color>	Assets/Product/Texture/Image/UiDrawLog/UiDrawLog18.png	Assets/Product/Texture/Image/UiDrawLog/UiDrawLog20.png	Rate in A-Rank pool:	80%									
3027	9010	<color=#ff8d1e>100% rate in A-Rank pool</color>	Assets/Product/Texture/Image/UiDrawLog/UiDrawLog18.png	Assets/Product/Texture/Image/UiDrawLog/UiDrawLog20.png	Rate in A-Rank pool:	100%									
3028	8020	<color=#26bbf9>80% rate in A-Rank pool</color>	Assets/Product/Texture/Image/UiDrawLog/UiDrawLog18.png	Assets/Product/Texture/Image/UiDrawLog/UiDrawLog20.png	Rate in A-Rank pool:	80%									
3029	9011	<color=#ff8d1e>100% rate in A-Rank pool</color>	Assets/Product/Texture/Image/UiDrawLog/UiDrawLog18.png	Assets/Product/Texture/Image/UiDrawLog/UiDrawLog20.png	Rate in A-Rank pool:	100%									
3030	8021	<color=#26bbf9>80% rate in A-Rank pool</color>	Assets/Product/Texture/Image/UiDrawLog/UiDrawLog18.png	Assets/Product/Texture/Image/UiDrawLog/UiDrawLog20.png	Rate in A-Rank pool:	80%									
3031	9012	<color=#ff8d1e>100% rate in A-Rank pool</color>	Assets/Product/Texture/Image/UiDrawLog/UiDrawLog18.png	Assets/Product/Texture/Image/UiDrawLog/UiDrawLog20.png	Rate in A-Rank pool:	100%									
3032	8022	<color=#26bbf9>80% rate in A-Rank pool</color>	Assets/Product/Texture/Image/UiDrawLog/UiDrawLog18.png	Assets/Product/Texture/Image/UiDrawLog/UiDrawLog20.png	Rate in A-Rank pool:	80%									
3033	9013	<color=#ff8d1e>100% rate in A-Rank pool</color>	Assets/Product/Texture/Image/UiDrawLog/UiDrawLog18.png	Assets/Product/Texture/Image/UiDrawLog/UiDrawLog20.png	Rate in A-Rank pool:	100%									
3034	8023	<color=#26bbf9>80% rate in A-Rank pool</color>	Assets/Product/Texture/Image/UiDrawLog/UiDrawLog18.png	Assets/Product/Texture/Image/UiDrawLog/UiDrawLog20.png	Rate in A-Rank pool:	80%									
3035	9014	<color=#ff8d1e>100% rate in A-Rank pool</color>	Assets/Product/Texture/Image/UiDrawLog/UiDrawLog18.png	Assets/Product/Texture/Image/UiDrawLog/UiDrawLog20.png	Rate in A-Rank pool:	100%									
3036	8024	<color=#26bbf9>80% rate in A-Rank pool</color>	Assets/Product/Texture/Image/UiDrawLog/UiDrawLog18.png	Assets/Product/Texture/Image/UiDrawLog/UiDrawLog20.png	Rate in A-Rank pool:	80%									
4000	9500	<color=#26bbf9>占S级出率100%</color>	Assets/Product/Texture/Image/UiDrawLog/UiDrawLog22.png	Assets/Product/Texture/Image/UiDrawLog/UiDrawLog23.png	Rate in S-Rank pool:	100%									
4001	9501	<color=#26bbf9>80% rate in S-Rank pool</color>	Assets/Product/Texture/Image/UiDrawLog/UiDrawLog22.png	Assets/Product/Texture/Image/UiDrawLog/UiDrawLog23.png	Rate in S-Rank pool:	80%									
4002	9800	<color=#ff8d1e>100% rate in S-Rank pool</color>	Assets/Product/Texture/Image/UiDrawLog/UiDrawLog22.png	Assets/Product/Texture/Image/UiDrawLog/UiDrawLog23.png	Rate in S-Rank pool:	100%									
4003	9502	<color=#26bbf9>80% rate in S-Rank pool</color>	Assets/Product/Texture/Image/UiDrawLog/UiDrawLog22.png	Assets/Product/Texture/Image/UiDrawLog/UiDrawLog23.png	Rate in S-Rank pool:	80%									
4004	9790	<color=#ff8d1e>100% rate in S-Rank pool</color>	Assets/Product/Texture/Image/UiDrawLog/UiDrawLog22.png	Assets/Product/Texture/Image/UiDrawLog/UiDrawLog23.png	Rate in S-Rank pool:	100%									
4005	9501	<color=#26bbf9>80% rate in S-Rank pool</color>	Assets/Product/Texture/Image/UiDrawLog/UiDrawLog22.png	Assets/Product/Texture/Image/UiDrawLog/UiDrawLog23.png	Rate in S-Rank pool:	80%									
4006	9780	<color=#ff8d1e>100% rate in S-Rank pool</color>	Assets/Product/Texture/Image/UiDrawLog/UiDrawLog22.png	Assets/Product/Texture/Image/UiDrawLog/UiDrawLog23.png	Rate in S-Rank pool:	100%									
4007	9503	<color=#26bbf9>80% rate in S-Rank pool</color>	Assets/Product/Texture/Image/UiDrawLog/UiDrawLog22.png	Assets/Product/Texture/Image/UiDrawLog/UiDrawLog23.png	Rate in S-Rank pool:	80%									
4008	9770	<color=#ff8d1e>100% rate in S-Rank pool</color>	Assets/Product/Texture/Image/UiDrawLog/UiDrawLog22.png	Assets/Product/Texture/Image/UiDrawLog/UiDrawLog23.png	Rate in S-Rank pool:	100%									
4009	9504	<color=#26bbf9>80% rate in S-Rank pool</color>	Assets/Product/Texture/Image/UiDrawLog/UiDrawLog22.png	Assets/Product/Texture/Image/UiDrawLog/UiDrawLog23.png	Rate in S-Rank pool:	80%									
4010	9760	<color=#ff8d1e>100% rate in S-Rank pool</color>	Assets/Product/Texture/Image/UiDrawLog/UiDrawLog22.png	Assets/Product/Texture/Image/UiDrawLog/UiDrawLog23.png	Rate in S-Rank pool:	100%									
4011	9505	<color=#26bbf9>80% rate in S-Rank pool</color>	Assets/Product/Texture/Image/UiDrawLog/UiDrawLog22.png	Assets/Product/Texture/Image/UiDrawLog/UiDrawLog23.png	Rate in S-Rank pool:	80%									
4012	9750	<color=#ff8d1e>100% rate in S-Rank pool</color>	Assets/Product/Texture/Image/UiDrawLog/UiDrawLog22.png	Assets/Product/Texture/Image/UiDrawLog/UiDrawLog23.png	Rate in S-Rank pool:	100%									
4013	9506	<color=#26bbf9>80% rate in S-Rank pool</color>	Assets/Product/Texture/Image/UiDrawLog/UiDrawLog22.png	Assets/Product/Texture/Image/UiDrawLog/UiDrawLog23.png	Rate in S-Rank pool:	80%									
5000	10000	<color=#ff8d1e>100% rate in S-Rank pool</color>	Assets/Product/Texture/Image/UiDrawLog/UiDrawLog22.png	Assets/Product/Texture/Image/UiDrawLog/UiDrawLog23.png	Rate in S-Rank pool:	100%									
5001	9999	<color=#ff8d1e>100% rate in S-Rank pool</color>	Assets/Product/Texture/Image/UiDrawLog/UiDrawLog22.png	Assets/Product/Texture/Image/UiDrawLog/UiDrawLog23.png	Rate in S-Rank pool:	100%									
5002	9998	<color=#ff8d1e>100% rate in S-Rank pool</color>	Assets/Product/Texture/Image/UiDrawLog/UiDrawLog22.png	Assets/Product/Texture/Image/UiDrawLog/UiDrawLog23.png	Rate in S-Rank pool:	100%									
5003	9997	<color=#ff8d1e>100% rate in S-Rank pool</color>	Assets/Product/Texture/Image/UiDrawLog/UiDrawLog22.png	Assets/Product/Texture/Image/UiDrawLog/UiDrawLog23.png	Rate in S-Rank pool:	100%									
5004	9996	<color=#ff8d1e>100% rate in S-Rank pool</color>	Assets/Product/Texture/Image/UiDrawLog/UiDrawLog22.png	Assets/Product/Texture/Image/UiDrawLog/UiDrawLog23.png	Rate in S-Rank pool:	100%									
5005	9995	<color=#ff8d1e>100% rate in S-Rank pool</color>	Assets/Product/Texture/Image/UiDrawLog/UiDrawLog22.png	Assets/Product/Texture/Image/UiDrawLog/UiDrawLog23.png	Rate in S-Rank pool:	100%									
5006	9994	<color=#ff8d1e>100% rate in S-Rank pool</color>	Assets/Product/Texture/Image/UiDrawLog/UiDrawLog22.png	Assets/Product/Texture/Image/UiDrawLog/UiDrawLog23.png	Rate in S-Rank pool:	100%									
5007	9993	<color=#ff8d1e>100% rate in S-Rank pool</color>	Assets/Product/Texture/Image/UiDrawLog/UiDrawLog22.png	Assets/Product/Texture/Image/UiDrawLog/UiDrawLog23.png	Rate in S-Rank pool:	100%									
5008	9992	<color=#ff8d1e>100% rate in S-Rank pool</color>	Assets/Product/Texture/Image/UiDrawLog/UiDrawLog22.png	Assets/Product/Texture/Image/UiDrawLog/UiDrawLog23.png	Rate in S-Rank pool:	100%									
5009	10000	<color=#ff8d1e>100% rate in S-Rank pool</color>	Assets/Product/Texture/Image/UiDrawLog/UiDrawLog22.png	Assets/Product/Texture/Image/UiDrawLog/UiDrawLog23.png	Rate in S-Rank pool:	100%									
5010	9999	<color=#ff8d1e>100% rate in S-Rank pool</color>	Assets/Product/Texture/Image/UiDrawLog/UiDrawLog22.png	Assets/Product/Texture/Image/UiDrawLog/UiDrawLog23.png	Rate in S-Rank pool:	100%									
5011	9998	<color=#ff8d1e>100% rate in S-Rank pool</color>	Assets/Product/Texture/Image/UiDrawLog/UiDrawLog22.png	Assets/Product/Texture/Image/UiDrawLog/UiDrawLog23.png	Rate in S-Rank pool:	100%									
5012	9997	<color=#ff8d1e>100% rate in S-Rank pool</color>	Assets/Product/Texture/Image/UiDrawLog/UiDrawLog22.png	Assets/Product/Texture/Image/UiDrawLog/UiDrawLog23.png	Rate in S-Rank pool:	100%									
5013	9996	<color=#ff8d1e>100% rate in S-Rank pool</color>	Assets/Product/Texture/Image/UiDrawLog/UiDrawLog22.png	Assets/Product/Texture/Image/UiDrawLog/UiDrawLog23.png	Rate in S-Rank pool:	100%									
5014	9995	<color=#ff8d1e>100% rate in S-Rank pool</color>	Assets/Product/Texture/Image/UiDrawLog/UiDrawLog22.png	Assets/Product/Texture/Image/UiDrawLog/UiDrawLog23.png	Rate in S-Rank pool:	100%									
5015	9994	<color=#ff8d1e>100% rate in S-Rank pool</color>	Assets/Product/Texture/Image/UiDrawLog/UiDrawLog22.png	Assets/Product/Texture/Image/UiDrawLog/UiDrawLog23.png	Rate in S-Rank pool:	100%									
5016	9993	<color=#ff8d1e>100% rate in S-Rank pool</color>	Assets/Product/Texture/Image/UiDrawLog/UiDrawLog22.png	Assets/Product/Texture/Image/UiDrawLog/UiDrawLog23.png	Rate in S-Rank pool:	100%									
5017	9992	<color=#ff8d1e>100% rate in S-Rank pool</color>	Assets/Product/Texture/Image/UiDrawLog/UiDrawLog22.png	Assets/Product/Texture/Image/UiDrawLog/UiDrawLog23.png	Rate in S-Rank pool:	100%									
5018	9991	<color=#ff8d1e>100% rate in S-Rank pool</color>	Assets/Product/Texture/Image/UiDrawLog/UiDrawLog22.png	Assets/Product/Texture/Image/UiDrawLog/UiDrawLog23.png	Rate in S-Rank pool:	100%									
5019	9990	<color=#ff8d1e>100% rate in S-Rank pool</color>	Assets/Product/Texture/Image/UiDrawLog/UiDrawLog22.png	Assets/Product/Texture/Image/UiDrawLog/UiDrawLog23.png	Rate in S-Rank pool:	100%									
5020	9989	<color=#ff8d1e>100% rate in S-Rank pool</color>	Assets/Product/Texture/Image/UiDrawLog/UiDrawLog22.png	Assets/Product/Texture/Image/UiDrawLog/UiDrawLog23.png	Rate in S-Rank pool:	100%									
5021	10000	<color=#ff8d1e>100% rate in S-Rank pool</color>	Assets/Product/Texture/Image/UiDrawLog/UiDrawLog22.png	Assets/Product/Texture/Image/UiDrawLog/UiDrawLog23.png	Rate in S-Rank pool:	100%									
5022	9999	<color=#ff8d1e>100% rate in S-Rank pool</color>	Assets/Product/Texture/Image/UiDrawLog/UiDrawLog22.png	Assets/Product/Texture/Image/UiDrawLog/UiDrawLog23.png	Rate in S-Rank pool:	100%									
5023	9998	<color=#ff8d1e>100% rate in S-Rank pool</color>	Assets/Product/Texture/Image/UiDrawLog/UiDrawLog22.png	Assets/Product/Texture/Image/UiDrawLog/UiDrawLog23.png	Rate in S-Rank pool:	100%									
5024	9997	<color=#ff8d1e>100% rate in S-Rank pool</color>	Assets/Product/Texture/Image/UiDrawLog/UiDrawLog22.png	Assets/Product/Texture/Image/UiDrawLog/UiDrawLog23.png	Rate in S-Rank pool:	100%									
5025	9996	<color=#ff8d1e>100% rate in S-Rank pool</color>	Assets/Product/Texture/Image/UiDrawLog/UiDrawLog22.png	Assets/Product/Texture/Image/UiDrawLog/UiDrawLog23.png	Rate in S-Rank pool:	100%									
5026	9995	<color=#ff8d1e>100% rate in S-Rank pool</color>	Assets/Product/Texture/Image/UiDrawLog/UiDrawLog22.png	Assets/Product/Texture/Image/UiDrawLog/UiDrawLog23.png	Rate in S-Rank pool:	100%									
5027	9994	<color=#ff8d1e>100% rate in S-Rank pool</color>	Assets/Product/Texture/Image/UiDrawLog/UiDrawLog22.png	Assets/Product/Texture/Image/UiDrawLog/UiDrawLog23.png	Rate in S-Rank pool:	100%									
5028	9993	<color=#ff8d1e>100% rate in S-Rank pool</color>	Assets/Product/Texture/Image/UiDrawLog/UiDrawLog22.png	Assets/Product/Texture/Image/UiDrawLog/UiDrawLog23.png	Rate in S-Rank pool:	100%									
5029	9992	<color=#ff8d1e>100% rate in S-Rank pool</color>	Assets/Product/Texture/Image/UiDrawLog/UiDrawLog22.png	Assets/Product/Texture/Image/UiDrawLog/UiDrawLog23.png	Rate in S-Rank pool:	100%									
5030	9991	<color=#ff8d1e>100% rate in S-Rank pool</color>	Assets/Product/Texture/Image/UiDrawLog/UiDrawLog22.png	Assets/Product/Texture/Image/UiDrawLog/UiDrawLog23.png	Rate in S-Rank pool:	100%									
5031	9990	<color=#ff8d1e>100% rate in S-Rank pool</color>	Assets/Product/Texture/Image/UiDrawLog/UiDrawLog22.png	Assets/Product/Texture/Image/UiDrawLog/UiDrawLog23.png	Rate in S-Rank pool:	100%									
5032	9989	<color=#ff8d1e>100% rate in S-Rank pool</color>	Assets/Product/Texture/Image/UiDrawLog/UiDrawLog22.png	Assets/Product/Texture/Image/UiDrawLog/UiDrawLog23.png	Rate in S-Rank pool:	100%									
5033	9988	<color=#ff8d1e>100% rate in S-Rank pool</color>	Assets/Product/Texture/Image/UiDrawLog/UiDrawLog22.png	Assets/Product/Texture/Image/UiDrawLog/UiDrawLog23.png	Rate in S-Rank pool:	100%									
5034	9987	<color=#ff8d1e>100% rate in S-Rank pool</color>	Assets/Product/Texture/Image/UiDrawLog/UiDrawLog22.png	Assets/Product/Texture/Image/UiDrawLog/UiDrawLog23.png	Rate in S-Rank pool:	100%									
5035	9986	<color=#ff8d1e>100% rate in S-Rank pool</color>	Assets/Product/Texture/Image/UiDrawLog/UiDrawLog22.png	Assets/Product/Texture/Image/UiDrawLog/UiDrawLog23.png	Rate in S-Rank pool:	100%									
5036	9985	<color=#ff8d1e>100% rate in S-Rank pool</color>	Assets/Product/Texture/Image/UiDrawLog/UiDrawLog22.png	Assets/Product/Texture/Image/UiDrawLog/UiDrawLog23.png	Rate in S-Rank pool:	100%									
5037	9984	<color=#ff8d1e>100% rate in S-Rank pool</color>	Assets/Product/Texture/Image/UiDrawLog/UiDrawLog22.png	Assets/Product/Texture/Image/UiDrawLog/UiDrawLog23.png	Rate in S-Rank pool:	100%									
5038	10000	<color=#ff8d1e>100% rate in S-Rank pool</color>	Assets/Product/Texture/Image/UiDrawLog/UiDrawLog22.png	Assets/Product/Texture/Image/UiDrawLog/UiDrawLog23.png	Rate in S-Rank pool:	100%									
5039	9999	<color=#ff8d1e>100% rate in S-Rank pool</color>	Assets/Product/Texture/Image/UiDrawLog/UiDrawLog22.png	Assets/Product/Texture/Image/UiDrawLog/UiDrawLog23.png	Rate in S-Rank pool:	100%									
5040	9998	<color=#ff8d1e>100% rate in S-Rank pool</color>	Assets/Product/Texture/Image/UiDrawLog/UiDrawLog22.png	Assets/Product/Texture/Image/UiDrawLog/UiDrawLog23.png	Rate in S-Rank pool:	100%									
5041	9997	<color=#ff8d1e>100% rate in S-Rank pool</color>	Assets/Product/Texture/Image/UiDrawLog/UiDrawLog22.png	Assets/Product/Texture/Image/UiDrawLog/UiDrawLog23.png	Rate in S-Rank pool:	100%									
5042	9996	<color=#ff8d1e>100% rate in S-Rank pool</color>	Assets/Product/Texture/Image/UiDrawLog/UiDrawLog22.png	Assets/Product/Texture/Image/UiDrawLog/UiDrawLog23.png	Rate in S-Rank pool:	100%									
5043	9995	<color=#ff8d1e>100% rate in S-Rank pool</color>	Assets/Product/Texture/Image/UiDrawLog/UiDrawLog22.png	Assets/Product/Texture/Image/UiDrawLog/UiDrawLog23.png	Rate in S-Rank pool:	100%									
5044	9994	<color=#ff8d1e>100% rate in S-Rank pool</color>	Assets/Product/Texture/Image/UiDrawLog/UiDrawLog22.png	Assets/Product/Texture/Image/UiDrawLog/UiDrawLog23.png	Rate in S-Rank pool:	100%									
5045	9993	<color=#ff8d1e>100% rate in S-Rank pool</color>	Assets/Product/Texture/Image/UiDrawLog/UiDrawLog22.png	Assets/Product/Texture/Image/UiDrawLog/UiDrawLog23.png	Rate in S-Rank pool:	100%									
5046	9992	<color=#ff8d1e>100% rate in S-Rank pool</color>	Assets/Product/Texture/Image/UiDrawLog/UiDrawLog22.png	Assets/Product/Texture/Image/UiDrawLog/UiDrawLog23.png	Rate in S-Rank pool:	100%									
5047	9991	<color=#ff8d1e>100% rate in S-Rank pool</color>	Assets/Product/Texture/Image/UiDrawLog/UiDrawLog22.png	Assets/Product/Texture/Image/UiDrawLog/UiDrawLog23.png	Rate in S-Rank pool:	100%									
5048	9990	<color=#ff8d1e>100% rate in S-Rank pool</color>	Assets/Product/Texture/Image/UiDrawLog/UiDrawLog22.png	Assets/Product/Texture/Image/UiDrawLog/UiDrawLog23.png	Rate in S-Rank pool:	100%									
5049	9989	<color=#ff8d1e>100% rate in S-Rank pool</color>	Assets/Product/Texture/Image/UiDrawLog/UiDrawLog22.png	Assets/Product/Texture/Image/UiDrawLog/UiDrawLog23.png	Rate in S-Rank pool:	100%									
5050	9988	<color=#ff8d1e>100% rate in S-Rank pool</color>	Assets/Product/Texture/Image/UiDrawLog/UiDrawLog22.png	Assets/Product/Texture/Image/UiDrawLog/UiDrawLog23.png	Rate in S-Rank pool:	100%									
5051	9987	<color=#ff8d1e>100% rate in S-Rank pool</color>	Assets/Product/Texture/Image/UiDrawLog/UiDrawLog22.png	Assets/Product/Texture/Image/UiDrawLog/UiDrawLog23.png	Rate in S-Rank pool:	100%									
5052	9986	<color=#ff8d1e>100% rate in S-Rank pool</color>	Assets/Product/Texture/Image/UiDrawLog/UiDrawLog22.png	Assets/Product/Texture/Image/UiDrawLog/UiDrawLog23.png	Rate in S-Rank pool:	100%									
5053	9985	<color=#ff8d1e>100% rate in S-Rank pool</color>	Assets/Product/Texture/Image/UiDrawLog/UiDrawLog22.png	Assets/Product/Texture/Image/UiDrawLog/UiDrawLog23.png	Rate in S-Rank pool:	100%									
5054	9984	<color=#ff8d1e>100% rate in S-Rank pool</color>	Assets/Product/Texture/Image/UiDrawLog/UiDrawLog22.png	Assets/Product/Texture/Image/UiDrawLog/UiDrawLog23.png	Rate in S-Rank pool:	100%									
5055	9983	<color=#ff8d1e>100% rate in S-Rank pool</color>	Assets/Product/Texture/Image/UiDrawLog/UiDrawLog22.png	Assets/Product/Texture/Image/UiDrawLog/UiDrawLog23.png	Rate in S-Rank pool:	100%									
5056	9982	<color=#ff8d1e>100% rate in S-Rank pool</color>	Assets/Product/Texture/Image/UiDrawLog/UiDrawLog22.png	Assets/Product/Texture/Image/UiDrawLog/UiDrawLog23.png	Rate in S-Rank pool:	100%									
5057	9981	<color=#ff8d1e>100% rate in S-Rank pool</color>	Assets/Product/Texture/Image/UiDrawLog/UiDrawLog22.png	Assets/Product/Texture/Image/UiDrawLog/UiDrawLog23.png	Rate in S-Rank pool:	100%									
5058	9980	<color=#ff8d1e>100% rate in S-Rank pool</color>	Assets/Product/Texture/Image/UiDrawLog/UiDrawLog22.png	Assets/Product/Texture/Image/UiDrawLog/UiDrawLog23.png	Rate in S-Rank pool:	100%									
5059	9979	<color=#ff8d1e>100% rate in S-Rank pool</color>	Assets/Product/Texture/Image/UiDrawLog/UiDrawLog22.png	Assets/Product/Texture/Image/UiDrawLog/UiDrawLog23.png	Rate in S-Rank pool:	100%									
5060	9978	<color=#ff8d1e>100% rate in S-Rank pool</color>	Assets/Product/Texture/Image/UiDrawLog/UiDrawLog22.png	Assets/Product/Texture/Image/UiDrawLog/UiDrawLog23.png	Rate in S-Rank pool:	100%									
5061	10000	<color=#ff8d1e>100% rate in S-Rank pool</color>	Assets/Product/Texture/Image/UiDrawLog/UiDrawLog22.png	Assets/Product/Texture/Image/UiDrawLog/UiDrawLog23.png	Rate in S-Rank pool:	100%									
5062	9990	<color=#ff8d1e>100% rate in S-Rank pool</color>	Assets/Product/Texture/Image/UiDrawLog/UiDrawLog22.png	Assets/Product/Texture/Image/UiDrawLog/UiDrawLog23.png	Rate in S-Rank pool:	100%									
5063	9980	<color=#ff8d1e>100% rate in S-Rank pool</color>	Assets/Product/Texture/Image/UiDrawLog/UiDrawLog22.png	Assets/Product/Texture/Image/UiDrawLog/UiDrawLog23.png	Rate in S-Rank pool:	100%									
5064	9970	<color=#ff8d1e>100% rate in S-Rank pool</color>	Assets/Product/Texture/Image/UiDrawLog/UiDrawLog22.png	Assets/Product/Texture/Image/UiDrawLog/UiDrawLog23.png	Rate in S-Rank pool:	100%									
5065	9960	<color=#ff8d1e>100% rate in S-Rank pool</color>	Assets/Product/Texture/Image/UiDrawLog/UiDrawLog22.png	Assets/Product/Texture/Image/UiDrawLog/UiDrawLog23.png	Rate in S-Rank pool:	100%									
5066	9950	<color=#ff8d1e>100% rate in S-Rank pool</color>	Assets/Product/Texture/Image/UiDrawLog/UiDrawLog22.png	Assets/Product/Texture/Image/UiDrawLog/UiDrawLog23.png	Rate in S-Rank pool:	100%									
5067	9940	<color=#ff8d1e>100% rate in S-Rank pool</color>	Assets/Product/Texture/Image/UiDrawLog/UiDrawLog22.png	Assets/Product/Texture/Image/UiDrawLog/UiDrawLog23.png	Rate in S-Rank pool:	100%									
5068	9930	<color=#ff8d1e>100% rate in S-Rank pool</color>	Assets/Product/Texture/Image/UiDrawLog/UiDrawLog22.png	Assets/Product/Texture/Image/UiDrawLog/UiDrawLog23.png	Rate in S-Rank pool:	100%									
5069	9920	<color=#ff8d1e>100% rate in S-Rank pool</color>	Assets/Product/Texture/Image/UiDrawLog/UiDrawLog22.png	Assets/Product/Texture/Image/UiDrawLog/UiDrawLog23.png	Rate in S-Rank pool:	100%									
5070	9910	<color=#ff8d1e>100% rate in S-Rank pool</color>	Assets/Product/Texture/Image/UiDrawLog/UiDrawLog22.png	Assets/Product/Texture/Image/UiDrawLog/UiDrawLog23.png	Rate in S-Rank pool:	100%									
5071	9900	<color=#ff8d1e>100% rate in S-Rank pool</color>	Assets/Product/Texture/Image/UiDrawLog/UiDrawLog22.png	Assets/Product/Texture/Image/UiDrawLog/UiDrawLog23.png	Rate in S-Rank pool:	100%									
5072	9890	<color=#ff8d1e>100% rate in S-Rank pool</color>	Assets/Product/Texture/Image/UiDrawLog/UiDrawLog22.png	Assets/Product/Texture/Image/UiDrawLog/UiDrawLog23.png	Rate in S-Rank pool:	100%									
5073	9880	<color=#ff8d1e>100% rate in S-Rank pool</color>	Assets/Product/Texture/Image/UiDrawLog/UiDrawLog22.png	Assets/Product/Texture/Image/UiDrawLog/UiDrawLog23.png	Rate in S-Rank pool:	100%									
5074	9870	<color=#ff8d1e>100% rate in S-Rank pool</color>	Assets/Product/Texture/Image/UiDrawLog/UiDrawLog22.png	Assets/Product/Texture/Image/UiDrawLog/UiDrawLog23.png	Rate in S-Rank pool:	100%									
5075	9860	<color=#ff8d1e>100% rate in S-Rank pool</color>	Assets/Product/Texture/Image/UiDrawLog/UiDrawLog22.png	Assets/Product/Texture/Image/UiDrawLog/UiDrawLog23.png	Rate in S-Rank pool:	100%									
5076	9850	<color=#ff8d1e>100% rate in S-Rank pool</color>	Assets/Product/Texture/Image/UiDrawLog/UiDrawLog22.png	Assets/Product/Texture/Image/UiDrawLog/UiDrawLog23.png	Rate in S-Rank pool:	100%									
5077	9840	<color=#ff8d1e>100% rate in S-Rank pool</color>	Assets/Product/Texture/Image/UiDrawLog/UiDrawLog22.png	Assets/Product/Texture/Image/UiDrawLog/UiDrawLog23.png	Rate in S-Rank pool:	100%									
5078	9830	<color=#ff8d1e>100% rate in S-Rank pool</color>	Assets/Product/Texture/Image/UiDrawLog/UiDrawLog22.png	Assets/Product/Texture/Image/UiDrawLog/UiDrawLog23.png	Rate in S-Rank pool:	100%									
5079	9820	<color=#ff8d1e>100% rate in S-Rank pool</color>	Assets/Product/Texture/Image/UiDrawLog/UiDrawLog22.png	Assets/Product/Texture/Image/UiDrawLog/UiDrawLog23.png	Rate in S-Rank pool:	100%									
5080	9810	<color=#ff8d1e>100% rate in S-Rank pool</color>	Assets/Product/Texture/Image/UiDrawLog/UiDrawLog22.png	Assets/Product/Texture/Image/UiDrawLog/UiDrawLog23.png	Rate in S-Rank pool:	100%									
5081	9800	<color=#ff8d1e>100% rate in S-Rank pool</color>	Assets/Product/Texture/Image/UiDrawLog/UiDrawLog22.png	Assets/Product/Texture/Image/UiDrawLog/UiDrawLog23.png	Rate in S-Rank pool:	100%									
5082	9790	<color=#ff8d1e>100% rate in S-Rank pool</color>	Assets/Product/Texture/Image/UiDrawLog/UiDrawLog22.png	Assets/Product/Texture/Image/UiDrawLog/UiDrawLog23.png	Rate in S-Rank pool:	100%									
5083	9780	<color=#ff8d1e>100% rate in S-Rank pool</color>	Assets/Product/Texture/Image/UiDrawLog/UiDrawLog22.png	Assets/Product/Texture/Image/UiDrawLog/UiDrawLog23.png	Rate in S-Rank pool:	100%									
5084	9770	<color=#ff8d1e>100% rate in S-Rank pool</color>	Assets/Product/Texture/Image/UiDrawLog/UiDrawLog22.png	Assets/Product/Texture/Image/UiDrawLog/UiDrawLog23.png	Rate in S-Rank pool:	100%									
5085	9760	<color=#ff8d1e>100% rate in S-Rank pool</color>	Assets/Product/Texture/Image/UiDrawLog/UiDrawLog22.png	Assets/Product/Texture/Image/UiDrawLog/UiDrawLog23.png	Rate in S-Rank pool:	100%									
5086	9750	<color=#ff8d1e>100% rate in S-Rank pool</color>	Assets/Product/Texture/Image/UiDrawLog/UiDrawLog22.png	Assets/Product/Texture/Image/UiDrawLog/UiDrawLog23.png	Rate in S-Rank pool:	100%									
5087	9740	<color=#ff8d1e>100% rate in S-Rank pool</color>	Assets/Product/Texture/Image/UiDrawLog/UiDrawLog22.png	Assets/Product/Texture/Image/UiDrawLog/UiDrawLog23.png	Rate in S-Rank pool:	100%									
5088	9730	<color=#ff8d1e>100% rate in S-Rank pool</color>	Assets/Product/Texture/Image/UiDrawLog/UiDrawLog22.png	Assets/Product/Texture/Image/UiDrawLog/UiDrawLog23.png	Rate in S-Rank pool:	100%									
5089	9720	<color=#ff8d1e>100% rate in S-Rank pool</color>	Assets/Product/Texture/Image/UiDrawLog/UiDrawLog22.png	Assets/Product/Texture/Image/UiDrawLog/UiDrawLog23.png	Rate in S-Rank pool:	100%									
5090	10000	<color=#ff8d1e>100% rate in S-Rank pool</color>	Assets/Product/Texture/Image/UiDrawLog/UiDrawLog22.png	Assets/Product/Texture/Image/UiDrawLog/UiDrawLog23.png	Rate in S-Rank pool:	100%									
5091	9990	<color=#ff8d1e>100% rate in S-Rank pool</color>	Assets/Product/Texture/Image/UiDrawLog/UiDrawLog22.png	Assets/Product/Texture/Image/UiDrawLog/UiDrawLog23.png	Rate in S-Rank pool:	100%									
5092	9980	<color=#ff8d1e>100% rate in S-Rank pool</color>	Assets/Product/Texture/Image/UiDrawLog/UiDrawLog22.png	Assets/Product/Texture/Image/UiDrawLog/UiDrawLog23.png	Rate in S-Rank pool:	100%									
5093	9970	<color=#ff8d1e>100% rate in S-Rank pool</color>	Assets/Product/Texture/Image/UiDrawLog/UiDrawLog22.png	Assets/Product/Texture/Image/UiDrawLog/UiDrawLog23.png	Rate in S-Rank pool:	100%									
5094	9960	<color=#ff8d1e>100% rate in S-Rank pool</color>	Assets/Product/Texture/Image/UiDrawLog/UiDrawLog22.png	Assets/Product/Texture/Image/UiDrawLog/UiDrawLog23.png	Rate in S-Rank pool:	100%									
5095	9950	<color=#ff8d1e>100% rate in S-Rank pool</color>	Assets/Product/Texture/Image/UiDrawLog/UiDrawLog22.png	Assets/Product/Texture/Image/UiDrawLog/UiDrawLog23.png	Rate in S-Rank pool:	100%									
5096	9940	<color=#ff8d1e>100% rate in S-Rank pool</color>	Assets/Product/Texture/Image/UiDrawLog/UiDrawLog22.png	Assets/Product/Texture/Image/UiDrawLog/UiDrawLog23.png	Rate in S-Rank pool:	100%									
5097	9930	<color=#ff8d1e>100% rate in S-Rank pool</color>	Assets/Product/Texture/Image/UiDrawLog/UiDrawLog22.png	Assets/Product/Texture/Image/UiDrawLog/UiDrawLog23.png	Rate in S-Rank pool:	100%									
5098	9920	<color=#ff8d1e>100% rate in S-Rank pool</color>	Assets/Product/Texture/Image/UiDrawLog/UiDrawLog22.png	Assets/Product/Texture/Image/UiDrawLog/UiDrawLog23.png	Rate in S-Rank pool:	100%									
5099	9910	<color=#ff8d1e>100% rate in S-Rank pool</color>	Assets/Product/Texture/Image/UiDrawLog/UiDrawLog22.png	Assets/Product/Texture/Image/UiDrawLog/UiDrawLog23.png	Rate in S-Rank pool:	100%									
5100	9900	<color=#ff8d1e>100% rate in S-Rank pool</color>	Assets/Product/Texture/Image/UiDrawLog/UiDrawLog22.png	Assets/Product/Texture/Image/UiDrawLog/UiDrawLog23.png	Rate in S-Rank pool:	100%									
5101	9890	<color=#ff8d1e>100% rate in S-Rank pool</color>	Assets/Product/Texture/Image/UiDrawLog/UiDrawLog22.png	Assets/Product/Texture/Image/UiDrawLog/UiDrawLog23.png	Rate in S-Rank pool:	100%									
5102	9880	<color=#ff8d1e>100% rate in S-Rank pool</color>	Assets/Product/Texture/Image/UiDrawLog/UiDrawLog22.png	Assets/Product/Texture/Image/UiDrawLog/UiDrawLog23.png	Rate in S-Rank pool:	100%									
5103	9870	<color=#ff8d1e>100% rate in S-Rank pool</color>	Assets/Product/Texture/Image/UiDrawLog/UiDrawLog22.png	Assets/Product/Texture/Image/UiDrawLog/UiDrawLog23.png	Rate in S-Rank pool:	100%									
5104	9860	<color=#ff8d1e>100% rate in S-Rank pool</color>	Assets/Product/Texture/Image/UiDrawLog/UiDrawLog22.png	Assets/Product/Texture/Image/UiDrawLog/UiDrawLog23.png	Rate in S-Rank pool:	100%									
5105	9850	<color=#ff8d1e>100% rate in S-Rank pool</color>	Assets/Product/Texture/Image/UiDrawLog/UiDrawLog22.png	Assets/Product/Texture/Image/UiDrawLog/UiDrawLog23.png	Rate in S-Rank pool:	100%									
5106	9840	<color=#ff8d1e>100% rate in S-Rank pool</color>	Assets/Product/Texture/Image/UiDrawLog/UiDrawLog22.png	Assets/Product/Texture/Image/UiDrawLog/UiDrawLog23.png	Rate in S-Rank pool:	100%									
5107	9830	<color=#ff8d1e>100% rate in S-Rank pool</color>	Assets/Product/Texture/Image/UiDrawLog/UiDrawLog22.png	Assets/Product/Texture/Image/UiDrawLog/UiDrawLog23.png	Rate in S-Rank pool:	100%									
5108	9820	<color=#ff8d1e>100% rate in S-Rank pool</color>	Assets/Product/Texture/Image/UiDrawLog/UiDrawLog22.png	Assets/Product/Texture/Image/UiDrawLog/UiDrawLog23.png	Rate in S-Rank pool:	100%									
5109	9810	<color=#ff8d1e>100% rate in S-Rank pool</color>	Assets/Product/Texture/Image/UiDrawLog/UiDrawLog22.png	Assets/Product/Texture/Image/UiDrawLog/UiDrawLog23.png	Rate in S-Rank pool:	100%									
5110	9800	<color=#ff8d1e>100% rate in S-Rank pool</color>	Assets/Product/Texture/Image/UiDrawLog/UiDrawLog22.png	Assets/Product/Texture/Image/UiDrawLog/UiDrawLog23.png	Rate in S-Rank pool:	100%									
5111	9790	<color=#ff8d1e>100% rate in S-Rank pool</color>	Assets/Product/Texture/Image/UiDrawLog/UiDrawLog22.png	Assets/Product/Texture/Image/UiDrawLog/UiDrawLog23.png	Rate in S-Rank pool:	100%									
5112	9780	<color=#ff8d1e>100% rate in S-Rank pool</color>	Assets/Product/Texture/Image/UiDrawLog/UiDrawLog22.png	Assets/Product/Texture/Image/UiDrawLog/UiDrawLog23.png	Rate in S-Rank pool:	100%									
5113	9770	<color=#ff8d1e>100% rate in S-Rank pool</color>	Assets/Product/Texture/Image/UiDrawLog/UiDrawLog22.png	Assets/Product/Texture/Image/UiDrawLog/UiDrawLog23.png	Rate in S-Rank pool:	100%									
5114	9760	<color=#ff8d1e>100% rate in S-Rank pool</color>	Assets/Product/Texture/Image/UiDrawLog/UiDrawLog22.png	Assets/Product/Texture/Image/UiDrawLog/UiDrawLog23.png	Rate in S-Rank pool:	100%									
5115	9750	<color=#ff8d1e>100% rate in S-Rank pool</color>	Assets/Product/Texture/Image/UiDrawLog/UiDrawLog22.png	Assets/Product/Texture/Image/UiDrawLog/UiDrawLog23.png	Rate in S-Rank pool:	100%									
5116	9740	<color=#ff8d1e>100% rate in S-Rank pool</color>	Assets/Product/Texture/Image/UiDrawLog/UiDrawLog22.png	Assets/Product/Texture/Image/UiDrawLog/UiDrawLog23.png	Rate in S-Rank pool:	100%									
5117	9730	<color=#ff8d1e>100% rate in S-Rank pool</color>	Assets/Product/Texture/Image/UiDrawLog/UiDrawLog22.png	Assets/Product/Texture/Image/UiDrawLog/UiDrawLog23.png	Rate in S-Rank pool:	100%									
5118	9720	<color=#ff8d1e>100% rate in S-Rank pool</color>	Assets/Product/Texture/Image/UiDrawLog/UiDrawLog22.png	Assets/Product/Texture/Image/UiDrawLog/UiDrawLog23.png	Rate in S-Rank pool:	100%									
5119	9710	<color=#ff8d1e>100% rate in S-Rank pool</color>	Assets/Product/Texture/Image/UiDrawLog/UiDrawLog22.png	Assets/Product/Texture/Image/UiDrawLog/UiDrawLog23.png	Rate in S-Rank pool:	100%									
5120	9700	<color=#ff8d1e>100% rate in S-Rank pool</color>	Assets/Product/Texture/Image/UiDrawLog/UiDrawLog22.png	Assets/Product/Texture/Image/UiDrawLog/UiDrawLog23.png	Rate in S-Rank pool:	100%									
5121	9690	<color=#ff8d1e>100% rate in S-Rank pool</color>	Assets/Product/Texture/Image/UiDrawLog/UiDrawLog22.png	Assets/Product/Texture/Image/UiDrawLog/UiDrawLog23.png	Rate in S-Rank pool:	100%									
5122	9680	<color=#ff8d1e>100% rate in S-Rank pool</color>	Assets/Product/Texture/Image/UiDrawLog/UiDrawLog22.png	Assets/Product/Texture/Image/UiDrawLog/UiDrawLog23.png	Rate in S-Rank pool:	100%									
5123	9670	<color=#ff8d1e>100% rate in S-Rank pool</color>	Assets/Product/Texture/Image/UiDrawLog/UiDrawLog22.png	Assets/Product/Texture/Image/UiDrawLog/UiDrawLog23.png	Rate in S-Rank pool:	100%									
5124	9660	<color=#ff8d1e>100% rate in S-Rank pool</color>	Assets/Product/Texture/Image/UiDrawLog/UiDrawLog22.png	Assets/Product/Texture/Image/UiDrawLog/UiDrawLog23.png	Rate in S-Rank pool:	100%									
5500	10000	<color=#ff8d1e>100% rate in S-Rank pool</color>	Assets/Product/Texture/Image/UiDrawLog/UiDrawLog22.png	Assets/Product/Texture/Image/UiDrawLog/UiDrawLog23.png	Rate in S-Rank pool:	100%									
5501	9999	<color=#ff8d1e>100% rate in S-Rank pool</color>	Assets/Product/Texture/Image/UiDrawLog/UiDrawLog22.png	Assets/Product/Texture/Image/UiDrawLog/UiDrawLog23.png	Rate in S-Rank pool:	100%									
5502	9998	<color=#ff8d1e>100% rate in S-Rank pool</color>	Assets/Product/Texture/Image/UiDrawLog/UiDrawLog22.png	Assets/Product/Texture/Image/UiDrawLog/UiDrawLog23.png	Rate in S-Rank pool:	100%									
5503	9997	<color=#ff8d1e>100% rate in S-Rank pool</color>	Assets/Product/Texture/Image/UiDrawLog/UiDrawLog22.png	Assets/Product/Texture/Image/UiDrawLog/UiDrawLog23.png	Rate in S-Rank pool:	100%									
5504	9996	<color=#ff8d1e>100% rate in S-Rank pool</color>	Assets/Product/Texture/Image/UiDrawLog/UiDrawLog22.png	Assets/Product/Texture/Image/UiDrawLog/UiDrawLog23.png	Rate in S-Rank pool:	100%									
5505	9995	<color=#ff8d1e>100% rate in S-Rank pool</color>	Assets/Product/Texture/Image/UiDrawLog/UiDrawLog22.png	Assets/Product/Texture/Image/UiDrawLog/UiDrawLog23.png	Rate in S-Rank pool:	100%									
5506	9994	<color=#ff8d1e>100% rate in S-Rank pool</color>	Assets/Product/Texture/Image/UiDrawLog/UiDrawLog22.png	Assets/Product/Texture/Image/UiDrawLog/UiDrawLog23.png	Rate in S-Rank pool:	100%									
5507	9993	<color=#ff8d1e>100% rate in S-Rank pool</color>	Assets/Product/Texture/Image/UiDrawLog/UiDrawLog22.png	Assets/Product/Texture/Image/UiDrawLog/UiDrawLog23.png	Rate in S-Rank pool:	100%									
5508	10000	<color=#ff8d1e>100% rate in A-Rank pool</color>	Assets/Product/Texture/Image/UiDrawLog/UiDrawLog18.png	Assets/Product/Texture/Image/UiDrawLog/UiDrawLog20.png	Rate in A-Rank pool:	100%									
5600	9990		Assets/Product/Texture/Image/UiDrawLog/UiDrawLog18.png												
5601	9989		Assets/Product/Texture/Image/UiDrawLog/UiDrawLog18.png												
5602	9988		Assets/Product/Texture/Image/UiDrawLog/UiDrawLog18.png												
5603	9987		Assets/Product/Texture/Image/UiDrawLog/UiDrawLog18.png												
5604	9986		Assets/Product/Texture/Image/UiDrawLog/UiDrawLog18.png												
5605	9985		Assets/Product/Texture/Image/UiDrawLog/UiDrawLog18.png												
5606	9984		Assets/Product/Texture/Image/UiDrawLog/UiDrawLog18.png												
5607	9983		Assets/Product/Texture/Image/UiDrawLog/UiDrawLog18.png												
5608	10000	<color=#ff8d1e>100% rate in S-Rank pool</color>	Assets/Product/Texture/Image/UiDrawLog/UiDrawLog22.png	Assets/Product/Texture/Image/UiDrawLog/UiDrawLog23.png	Rate in S-Rank pool:	100%									
5609	9999	<color=#ff8d1e>100% rate in S-Rank pool</color>	Assets/Product/Texture/Image/UiDrawLog/UiDrawLog22.png	Assets/Product/Texture/Image/UiDrawLog/UiDrawLog23.png	Rate in S-Rank pool:	100%									
5610	9998	<color=#ff8d1e>100% rate in S-Rank pool</color>	Assets/Product/Texture/Image/UiDrawLog/UiDrawLog22.png	Assets/Product/Texture/Image/UiDrawLog/UiDrawLog23.png	Rate in S-Rank pool:	100%									
5611	9997	<color=#ff8d1e>100% rate in S-Rank pool</color>	Assets/Product/Texture/Image/UiDrawLog/UiDrawLog22.png	Assets/Product/Texture/Image/UiDrawLog/UiDrawLog23.png	Rate in S-Rank pool:	100%									
6000	9991	<color=#ff8d1e>100% rate in S-Rank pool</color>	Assets/Product/Texture/Image/UiDrawLog/UiDrawLog22.png	Assets/Product/Texture/Image/UiDrawLog/UiDrawLog23.png	Rate in S-Rank pool:	100%									
6001	9990	<color=#ff8d1e>100% rate in S-Rank pool</color>	Assets/Product/Texture/Image/UiDrawLog/UiDrawLog22.png	Assets/Product/Texture/Image/UiDrawLog/UiDrawLog23.png	Rate in S-Rank pool:	100%									
6002	9989	<color=#ff8d1e>100% rate in S-Rank pool</color>	Assets/Product/Texture/Image/UiDrawLog/UiDrawLog22.png	Assets/Product/Texture/Image/UiDrawLog/UiDrawLog23.png	Rate in S-Rank pool:	100%									
6003	9988	<color=#ff8d1e>100% rate in S-Rank pool</color>	Assets/Product/Texture/Image/UiDrawLog/UiDrawLog22.png	Assets/Product/Texture/Image/UiDrawLog/UiDrawLog23.png	Rate in S-Rank pool:	100%									
6004	9987	<color=#ff8d1e>100% rate in S-Rank pool</color>	Assets/Product/Texture/Image/UiDrawLog/UiDrawLog22.png	Assets/Product/Texture/Image/UiDrawLog/UiDrawLog23.png	Rate in S-Rank pool:	100%									
6005	9986	<color=#ff8d1e>100% rate in S-Rank pool</color>	Assets/Product/Texture/Image/UiDrawLog/UiDrawLog22.png	Assets/Product/Texture/Image/UiDrawLog/UiDrawLog23.png	Rate in S-Rank pool:	100%									
6006	9985	<color=#ff8d1e>100% rate in S-Rank pool</color>	Assets/Product/Texture/Image/UiDrawLog/UiDrawLog22.png	Assets/Product/Texture/Image/UiDrawLog/UiDrawLog23.png	Rate in S-Rank pool:	100%									
6007	9984	<color=#ff8d1e>100% rate in S-Rank pool</color>	Assets/Product/Texture/Image/UiDrawLog/UiDrawLog22.png	Assets/Product/Texture/Image/UiDrawLog/UiDrawLog23.png	Rate in S-Rank pool:	100%									
6008	9983	<color=#ff8d1e>100% rate in S-Rank pool</color>	Assets/Product/Texture/Image/UiDrawLog/UiDrawLog22.png	Assets/Product/Texture/Image/UiDrawLog/UiDrawLog23.png	Rate in S-Rank pool:	100%									
6009	10000	<color=#ff8d1e>100% rate in S-Rank pool</color>	Assets/Product/Texture/Image/UiDrawLog/UiDrawLog22.png	Assets/Product/Texture/Image/UiDrawLog/UiDrawLog23.png	Rate in S-Rank pool:	100%									
6010	9999	<color=#ff8d1e>100% rate in S-Rank pool</color>	Assets/Product/Texture/Image/UiDrawLog/UiDrawLog22.png	Assets/Product/Texture/Image/UiDrawLog/UiDrawLog23.png	Rate in S-Rank pool:	100%									
6011	9998	<color=#ff8d1e>100% rate in S-Rank pool</color>	Assets/Product/Texture/Image/UiDrawLog/UiDrawLog22.png	Assets/Product/Texture/Image/UiDrawLog/UiDrawLog23.png	Rate in S-Rank pool:	100%									
6012	9997	<color=#ff8d1e>100% rate in S-Rank pool</color>	Assets/Product/Texture/Image/UiDrawLog/UiDrawLog22.png	Assets/Product/Texture/Image/UiDrawLog/UiDrawLog23.png	Rate in S-Rank pool:	100%									
6013	9996	<color=#ff8d1e>100% rate in S-Rank pool</color>	Assets/Product/Texture/Image/UiDrawLog/UiDrawLog22.png	Assets/Product/Texture/Image/UiDrawLog/UiDrawLog23.png	Rate in S-Rank pool:	100%									
6014	9995	<color=#ff8d1e>100% rate in S-Rank pool</color>	Assets/Product/Texture/Image/UiDrawLog/UiDrawLog22.png	Assets/Product/Texture/Image/UiDrawLog/UiDrawLog23.png	Rate in S-Rank pool:	100%									
6015	9994	<color=#ff8d1e>100% rate in S-Rank pool</color>	Assets/Product/Texture/Image/UiDrawLog/UiDrawLog22.png	Assets/Product/Texture/Image/UiDrawLog/UiDrawLog23.png	Rate in S-Rank pool:	100%									
6016	9993	<color=#ff8d1e>100% rate in S-Rank pool</color>	Assets/Product/Texture/Image/UiDrawLog/UiDrawLog22.png	Assets/Product/Texture/Image/UiDrawLog/UiDrawLog23.png	Rate in S-Rank pool:	100%									
6017	9992	<color=#ff8d1e>100% rate in S-Rank pool</color>	Assets/Product/Texture/Image/UiDrawLog/UiDrawLog22.png	Assets/Product/Texture/Image/UiDrawLog/UiDrawLog23.png	Rate in S-Rank pool:	100%									
6018	9991	<color=#ff8d1e>100% rate in S-Rank pool</color>	Assets/Product/Texture/Image/UiDrawLog/UiDrawLog22.png	Assets/Product/Texture/Image/UiDrawLog/UiDrawLog23.png	Rate in S-Rank pool:	100%									
6019	9990	<color=#ff8d1e>100% rate in S-Rank pool</color>	Assets/Product/Texture/Image/UiDrawLog/UiDrawLog22.png	Assets/Product/Texture/Image/UiDrawLog/UiDrawLog23.png	Rate in S-Rank pool:	100%									
6020	9989	<color=#ff8d1e>100% rate in S-Rank pool</color>	Assets/Product/Texture/Image/UiDrawLog/UiDrawLog22.png	Assets/Product/Texture/Image/UiDrawLog/UiDrawLog23.png	Rate in S-Rank pool:	100%									
6021	10000	<color=#ff8d1e>100% rate in S-Rank pool</color>	Assets/Product/Texture/Image/UiDrawLog/UiDrawLog22.png	Assets/Product/Texture/Image/UiDrawLog/UiDrawLog23.png	Rate in S-Rank pool:	100%									
6022	9999	<color=#ff8d1e>100% rate in S-Rank pool</color>	Assets/Product/Texture/Image/UiDrawLog/UiDrawLog22.png	Assets/Product/Texture/Image/UiDrawLog/UiDrawLog23.png	Rate in S-Rank pool:	100%									
6023	9998	<color=#ff8d1e>100% rate in S-Rank pool</color>	Assets/Product/Texture/Image/UiDrawLog/UiDrawLog22.png	Assets/Product/Texture/Image/UiDrawLog/UiDrawLog23.png	Rate in S-Rank pool:	100%									
6024	9997	<color=#ff8d1e>100% rate in S-Rank pool</color>	Assets/Product/Texture/Image/UiDrawLog/UiDrawLog22.png	Assets/Product/Texture/Image/UiDrawLog/UiDrawLog23.png	Rate in S-Rank pool:	100%									
6025	9996	<color=#ff8d1e>100% rate in S-Rank pool</color>	Assets/Product/Texture/Image/UiDrawLog/UiDrawLog22.png	Assets/Product/Texture/Image/UiDrawLog/UiDrawLog23.png	Rate in S-Rank pool:	100%									
6026	9995	<color=#ff8d1e>100% rate in S-Rank pool</color>	Assets/Product/Texture/Image/UiDrawLog/UiDrawLog22.png	Assets/Product/Texture/Image/UiDrawLog/UiDrawLog23.png	Rate in S-Rank pool:	100%									
6027	9994	<color=#ff8d1e>100% rate in S-Rank pool</color>	Assets/Product/Texture/Image/UiDrawLog/UiDrawLog22.png	Assets/Product/Texture/Image/UiDrawLog/UiDrawLog23.png	Rate in S-Rank pool:	100%									
6028	9993	<color=#ff8d1e>100% rate in S-Rank pool</color>	Assets/Product/Texture/Image/UiDrawLog/UiDrawLog22.png	Assets/Product/Texture/Image/UiDrawLog/UiDrawLog23.png	Rate in S-Rank pool:	100%									
6029	9992	<color=#ff8d1e>100% rate in S-Rank pool</color>	Assets/Product/Texture/Image/UiDrawLog/UiDrawLog22.png	Assets/Product/Texture/Image/UiDrawLog/UiDrawLog23.png	Rate in S-Rank pool:	100%									
6030	9991	<color=#ff8d1e>100% rate in S-Rank pool</color>	Assets/Product/Texture/Image/UiDrawLog/UiDrawLog22.png	Assets/Product/Texture/Image/UiDrawLog/UiDrawLog23.png	Rate in S-Rank pool:	100%									
6031	9990	<color=#ff8d1e>100% rate in S-Rank pool</color>	Assets/Product/Texture/Image/UiDrawLog/UiDrawLog22.png	Assets/Product/Texture/Image/UiDrawLog/UiDrawLog23.png	Rate in S-Rank pool:	100%									
6032	9989	<color=#ff8d1e>100% rate in S-Rank pool</color>	Assets/Product/Texture/Image/UiDrawLog/UiDrawLog22.png	Assets/Product/Texture/Image/UiDrawLog/UiDrawLog23.png	Rate in S-Rank pool:	100%									
6033	9988	<color=#ff8d1e>100% rate in S-Rank pool</color>	Assets/Product/Texture/Image/UiDrawLog/UiDrawLog22.png	Assets/Product/Texture/Image/UiDrawLog/UiDrawLog23.png	Rate in S-Rank pool:	100%									
6034	9987	<color=#ff8d1e>100% rate in S-Rank pool</color>	Assets/Product/Texture/Image/UiDrawLog/UiDrawLog22.png	Assets/Product/Texture/Image/UiDrawLog/UiDrawLog23.png	Rate in S-Rank pool:	100%									
6035	9986	<color=#ff8d1e>100% rate in S-Rank pool</color>	Assets/Product/Texture/Image/UiDrawLog/UiDrawLog22.png	Assets/Product/Texture/Image/UiDrawLog/UiDrawLog23.png	Rate in S-Rank pool:	100%									
6036	9985	<color=#ff8d1e>100% rate in S-Rank pool</color>	Assets/Product/Texture/Image/UiDrawLog/UiDrawLog22.png	Assets/Product/Texture/Image/UiDrawLog/UiDrawLog23.png	Rate in S-Rank pool:	100%									
6037	9984	<color=#ff8d1e>100% rate in S-Rank pool</color>	Assets/Product/Texture/Image/UiDrawLog/UiDrawLog22.png	Assets/Product/Texture/Image/UiDrawLog/UiDrawLog23.png	Rate in S-Rank pool:	100%									
6038	10000	<color=#ff8d1e>100% rate in S-Rank pool</color>	Assets/Product/Texture/Image/UiDrawLog/UiDrawLog22.png	Assets/Product/Texture/Image/UiDrawLog/UiDrawLog23.png	Rate in S-Rank pool:	100%									
6039	9999	<color=#ff8d1e>100% rate in S-Rank pool</color>	Assets/Product/Texture/Image/UiDrawLog/UiDrawLog22.png	Assets/Product/Texture/Image/UiDrawLog/UiDrawLog23.png	Rate in S-Rank pool:	100%									
6040	9998	<color=#ff8d1e>100% rate in S-Rank pool</color>	Assets/Product/Texture/Image/UiDrawLog/UiDrawLog22.png	Assets/Product/Texture/Image/UiDrawLog/UiDrawLog23.png	Rate in S-Rank pool:	100%									
6041	9997	<color=#ff8d1e>100% rate in S-Rank pool</color>	Assets/Product/Texture/Image/UiDrawLog/UiDrawLog22.png	Assets/Product/Texture/Image/UiDrawLog/UiDrawLog23.png	Rate in S-Rank pool:	100%									
6042	9996	<color=#ff8d1e>100% rate in S-Rank pool</color>	Assets/Product/Texture/Image/UiDrawLog/UiDrawLog22.png	Assets/Product/Texture/Image/UiDrawLog/UiDrawLog23.png	Rate in S-Rank pool:	100%									
6043	9995	<color=#ff8d1e>100% rate in S-Rank pool</color>	Assets/Product/Texture/Image/UiDrawLog/UiDrawLog22.png	Assets/Product/Texture/Image/UiDrawLog/UiDrawLog23.png	Rate in S-Rank pool:	100%									
6044	9994	<color=#ff8d1e>100% rate in S-Rank pool</color>	Assets/Product/Texture/Image/UiDrawLog/UiDrawLog22.png	Assets/Product/Texture/Image/UiDrawLog/UiDrawLog23.png	Rate in S-Rank pool:	100%									
6045	9993	<color=#ff8d1e>100% rate in S-Rank pool</color>	Assets/Product/Texture/Image/UiDrawLog/UiDrawLog22.png	Assets/Product/Texture/Image/UiDrawLog/UiDrawLog23.png	Rate in S-Rank pool:	100%									
6046	9992	<color=#ff8d1e>100% rate in S-Rank pool</color>	Assets/Product/Texture/Image/UiDrawLog/UiDrawLog22.png	Assets/Product/Texture/Image/UiDrawLog/UiDrawLog23.png	Rate in S-Rank pool:	100%									
6047	9991	<color=#ff8d1e>100% rate in S-Rank pool</color>	Assets/Product/Texture/Image/UiDrawLog/UiDrawLog22.png	Assets/Product/Texture/Image/UiDrawLog/UiDrawLog23.png	Rate in S-Rank pool:	100%									
6048	9990	<color=#ff8d1e>100% rate in S-Rank pool</color>	Assets/Product/Texture/Image/UiDrawLog/UiDrawLog22.png	Assets/Product/Texture/Image/UiDrawLog/UiDrawLog23.png	Rate in S-Rank pool:	100%									
6049	9989	<color=#ff8d1e>100% rate in S-Rank pool</color>	Assets/Product/Texture/Image/UiDrawLog/UiDrawLog22.png	Assets/Product/Texture/Image/UiDrawLog/UiDrawLog23.png	Rate in S-Rank pool:	100%									
6050	9988	<color=#ff8d1e>100% rate in S-Rank pool</color>	Assets/Product/Texture/Image/UiDrawLog/UiDrawLog22.png	Assets/Product/Texture/Image/UiDrawLog/UiDrawLog23.png	Rate in S-Rank pool:	100%									
6051	9987	<color=#ff8d1e>100% rate in S-Rank pool</color>	Assets/Product/Texture/Image/UiDrawLog/UiDrawLog22.png	Assets/Product/Texture/Image/UiDrawLog/UiDrawLog23.png	Rate in S-Rank pool:	100%									
6052	9986	<color=#ff8d1e>100% rate in S-Rank pool</color>	Assets/Product/Texture/Image/UiDrawLog/UiDrawLog22.png	Assets/Product/Texture/Image/UiDrawLog/UiDrawLog23.png	Rate in S-Rank pool:	100%									
6053	9985	<color=#ff8d1e>100% rate in S-Rank pool</color>	Assets/Product/Texture/Image/UiDrawLog/UiDrawLog22.png	Assets/Product/Texture/Image/UiDrawLog/UiDrawLog23.png	Rate in S-Rank pool:	100%									
6054	9984	<color=#ff8d1e>100% rate in S-Rank pool</color>	Assets/Product/Texture/Image/UiDrawLog/UiDrawLog22.png	Assets/Product/Texture/Image/UiDrawLog/UiDrawLog23.png	Rate in S-Rank pool:	100%									
6055	9983	<color=#ff8d1e>100% rate in S-Rank pool</color>	Assets/Product/Texture/Image/UiDrawLog/UiDrawLog22.png	Assets/Product/Texture/Image/UiDrawLog/UiDrawLog23.png	Rate in S-Rank pool:	100%									
6056	9982	<color=#ff8d1e>100% rate in S-Rank pool</color>	Assets/Product/Texture/Image/UiDrawLog/UiDrawLog22.png	Assets/Product/Texture/Image/UiDrawLog/UiDrawLog23.png	Rate in S-Rank pool:	100%									
6057	9981	<color=#ff8d1e>100% rate in S-Rank pool</color>	Assets/Product/Texture/Image/UiDrawLog/UiDrawLog22.png	Assets/Product/Texture/Image/UiDrawLog/UiDrawLog23.png	Rate in S-Rank pool:	100%									
6058	9980	<color=#ff8d1e>100% rate in S-Rank pool</color>	Assets/Product/Texture/Image/UiDrawLog/UiDrawLog22.png	Assets/Product/Texture/Image/UiDrawLog/UiDrawLog23.png	Rate in S-Rank pool:	100%									
6059	9979	<color=#ff8d1e>100% rate in S-Rank pool</color>	Assets/Product/Texture/Image/UiDrawLog/UiDrawLog22.png	Assets/Product/Texture/Image/UiDrawLog/UiDrawLog23.png	Rate in S-Rank pool:	100%									
6060	9978	<color=#ff8d1e>100% rate in S-Rank pool</color>	Assets/Product/Texture/Image/UiDrawLog/UiDrawLog22.png	Assets/Product/Texture/Image/UiDrawLog/UiDrawLog23.png	Rate in S-Rank pool:	100%									
6061	10000	<color=#ff8d1e>100% rate in S-Rank pool</color>	Assets/Product/Texture/Image/UiDrawLog/UiDrawLog22.png	Assets/Product/Texture/Image/UiDrawLog/UiDrawLog23.png	Rate in S-Rank pool:	100%									
6062	9990	<color=#ff8d1e>100% rate in S-Rank pool</color>	Assets/Product/Texture/Image/UiDrawLog/UiDrawLog22.png	Assets/Product/Texture/Image/UiDrawLog/UiDrawLog23.png	Rate in S-Rank pool:	100%									
6063	9980	<color=#ff8d1e>100% rate in S-Rank pool</color>	Assets/Product/Texture/Image/UiDrawLog/UiDrawLog22.png	Assets/Product/Texture/Image/UiDrawLog/UiDrawLog23.png	Rate in S-Rank pool:	100%									
6064	9970	<color=#ff8d1e>100% rate in S-Rank pool</color>	Assets/Product/Texture/Image/UiDrawLog/UiDrawLog22.png	Assets/Product/Texture/Image/UiDrawLog/UiDrawLog23.png	Rate in S-Rank pool:	100%									
6065	9960	<color=#ff8d1e>100% rate in S-Rank pool</color>	Assets/Product/Texture/Image/UiDrawLog/UiDrawLog22.png	Assets/Product/Texture/Image/UiDrawLog/UiDrawLog23.png	Rate in S-Rank pool:	100%									
6066	9950	<color=#ff8d1e>100% rate in S-Rank pool</color>	Assets/Product/Texture/Image/UiDrawLog/UiDrawLog22.png	Assets/Product/Texture/Image/UiDrawLog/UiDrawLog23.png	Rate in S-Rank pool:	100%									
6067	9940	<color=#ff8d1e>100% rate in S-Rank pool</color>	Assets/Product/Texture/Image/UiDrawLog/UiDrawLog22.png	Assets/Product/Texture/Image/UiDrawLog/UiDrawLog23.png	Rate in S-Rank pool:	100%									
6068	9930	<color=#ff8d1e>100% rate in S-Rank pool</color>	Assets/Product/Texture/Image/UiDrawLog/UiDrawLog22.png	Assets/Product/Texture/Image/UiDrawLog/UiDrawLog23.png	Rate in S-Rank pool:	100%									
6069	9920	<color=#ff8d1e>100% rate in S-Rank pool</color>	Assets/Product/Texture/Image/UiDrawLog/UiDrawLog22.png	Assets/Product/Texture/Image/UiDrawLog/UiDrawLog23.png	Rate in S-Rank pool:	100%									
6070	9910	<color=#ff8d1e>100% rate in S-Rank pool</color>	Assets/Product/Texture/Image/UiDrawLog/UiDrawLog22.png	Assets/Product/Texture/Image/UiDrawLog/UiDrawLog23.png	Rate in S-Rank pool:	100%									
6071	9900	<color=#ff8d1e>100% rate in S-Rank pool</color>	Assets/Product/Texture/Image/UiDrawLog/UiDrawLog22.png	Assets/Product/Texture/Image/UiDrawLog/UiDrawLog23.png	Rate in S-Rank pool:	100%									
6072	9890	<color=#ff8d1e>100% rate in S-Rank pool</color>	Assets/Product/Texture/Image/UiDrawLog/UiDrawLog22.png	Assets/Product/Texture/Image/UiDrawLog/UiDrawLog23.png	Rate in S-Rank pool:	100%									
6073	9880	<color=#ff8d1e>100% rate in S-Rank pool</color>	Assets/Product/Texture/Image/UiDrawLog/UiDrawLog22.png	Assets/Product/Texture/Image/UiDrawLog/UiDrawLog23.png	Rate in S-Rank pool:	100%									
6074	9870	<color=#ff8d1e>100% rate in S-Rank pool</color>	Assets/Product/Texture/Image/UiDrawLog/UiDrawLog22.png	Assets/Product/Texture/Image/UiDrawLog/UiDrawLog23.png	Rate in S-Rank pool:	100%									
6075	9860	<color=#ff8d1e>100% rate in S-Rank pool</color>	Assets/Product/Texture/Image/UiDrawLog/UiDrawLog22.png	Assets/Product/Texture/Image/UiDrawLog/UiDrawLog23.png	Rate in S-Rank pool:	100%									
6076	9850	<color=#ff8d1e>100% rate in S-Rank pool</color>	Assets/Product/Texture/Image/UiDrawLog/UiDrawLog22.png	Assets/Product/Texture/Image/UiDrawLog/UiDrawLog23.png	Rate in S-Rank pool:	100%									
6077	9840	<color=#ff8d1e>100% rate in S-Rank pool</color>	Assets/Product/Texture/Image/UiDrawLog/UiDrawLog22.png	Assets/Product/Texture/Image/UiDrawLog/UiDrawLog23.png	Rate in S-Rank pool:	100%									
6078	9830	<color=#ff8d1e>100% rate in S-Rank pool</color>	Assets/Product/Texture/Image/UiDrawLog/UiDrawLog22.png	Assets/Product/Texture/Image/UiDrawLog/UiDrawLog23.png	Rate in S-Rank pool:	100%									
6079	9820	<color=#ff8d1e>100% rate in S-Rank pool</color>	Assets/Product/Texture/Image/UiDrawLog/UiDrawLog22.png	Assets/Product/Texture/Image/UiDrawLog/UiDrawLog23.png	Rate in S-Rank pool:	100%									
6080	9810	<color=#ff8d1e>100% rate in S-Rank pool</color>	Assets/Product/Texture/Image/UiDrawLog/UiDrawLog22.png	Assets/Product/Texture/Image/UiDrawLog/UiDrawLog23.png	Rate in S-Rank pool:	100%									
6081	9800	<color=#ff8d1e>100% rate in S-Rank pool</color>	Assets/Product/Texture/Image/UiDrawLog/UiDrawLog22.png	Assets/Product/Texture/Image/UiDrawLog/UiDrawLog23.png	Rate in S-Rank pool:	100%									
6082	9790	<color=#ff8d1e>100% rate in S-Rank pool</color>	Assets/Product/Texture/Image/UiDrawLog/UiDrawLog22.png	Assets/Product/Texture/Image/UiDrawLog/UiDrawLog23.png	Rate in S-Rank pool:	100%									
6083	9780	<color=#ff8d1e>100% rate in S-Rank pool</color>	Assets/Product/Texture/Image/UiDrawLog/UiDrawLog22.png	Assets/Product/Texture/Image/UiDrawLog/UiDrawLog23.png	Rate in S-Rank pool:	100%									
6084	9770	<color=#ff8d1e>100% rate in S-Rank pool</color>	Assets/Product/Texture/Image/UiDrawLog/UiDrawLog22.png	Assets/Product/Texture/Image/UiDrawLog/UiDrawLog23.png	Rate in S-Rank pool:	100%									
6085	9760	<color=#ff8d1e>100% rate in S-Rank pool</color>	Assets/Product/Texture/Image/UiDrawLog/UiDrawLog22.png	Assets/Product/Texture/Image/UiDrawLog/UiDrawLog23.png	Rate in S-Rank pool:	100%									
6086	9750	<color=#ff8d1e>100% rate in S-Rank pool</color>	Assets/Product/Texture/Image/UiDrawLog/UiDrawLog22.png	Assets/Product/Texture/Image/UiDrawLog/UiDrawLog23.png	Rate in S-Rank pool:	100%									
6087	9740	<color=#ff8d1e>100% rate in S-Rank pool</color>	Assets/Product/Texture/Image/UiDrawLog/UiDrawLog22.png	Assets/Product/Texture/Image/UiDrawLog/UiDrawLog23.png	Rate in S-Rank pool:	100%									
6088	9730	<color=#ff8d1e>100% rate in S-Rank pool</color>	Assets/Product/Texture/Image/UiDrawLog/UiDrawLog22.png	Assets/Product/Texture/Image/UiDrawLog/UiDrawLog23.png	Rate in S-Rank pool:	100%									
6089	9720	<color=#ff8d1e>100% rate in S-Rank pool</color>	Assets/Product/Texture/Image/UiDrawLog/UiDrawLog22.png	Assets/Product/Texture/Image/UiDrawLog/UiDrawLog23.png	Rate in S-Rank pool:	100%									
6090	10000	<color=#ff8d1e>100% rate in S-Rank pool</color>	Assets/Product/Texture/Image/UiDrawLog/UiDrawLog22.png	Assets/Product/Texture/Image/UiDrawLog/UiDrawLog23.png	Rate in S-Rank pool:	100%									
6091	9990	<color=#ff8d1e>100% rate in S-Rank pool</color>	Assets/Product/Texture/Image/UiDrawLog/UiDrawLog22.png	Assets/Product/Texture/Image/UiDrawLog/UiDrawLog23.png	Rate in S-Rank pool:	100%									
6092	9980	<color=#ff8d1e>100% rate in S-Rank pool</color>	Assets/Product/Texture/Image/UiDrawLog/UiDrawLog22.png	Assets/Product/Texture/Image/UiDrawLog/UiDrawLog23.png	Rate in S-Rank pool:	100%									
6093	9970	<color=#ff8d1e>100% rate in S-Rank pool</color>	Assets/Product/Texture/Image/UiDrawLog/UiDrawLog22.png	Assets/Product/Texture/Image/UiDrawLog/UiDrawLog23.png	Rate in S-Rank pool:	100%									
6094	9960	<color=#ff8d1e>100% rate in S-Rank pool</color>	Assets/Product/Texture/Image/UiDrawLog/UiDrawLog22.png	Assets/Product/Texture/Image/UiDrawLog/UiDrawLog23.png	Rate in S-Rank pool:	100%									
6095	9950	<color=#ff8d1e>100% rate in S-Rank pool</color>	Assets/Product/Texture/Image/UiDrawLog/UiDrawLog22.png	Assets/Product/Texture/Image/UiDrawLog/UiDrawLog23.png	Rate in S-Rank pool:	100%									
6096	9940	<color=#ff8d1e>100% rate in S-Rank pool</color>	Assets/Product/Texture/Image/UiDrawLog/UiDrawLog22.png	Assets/Product/Texture/Image/UiDrawLog/UiDrawLog23.png	Rate in S-Rank pool:	100%									
6097	9930	<color=#ff8d1e>100% rate in S-Rank pool</color>	Assets/Product/Texture/Image/UiDrawLog/UiDrawLog22.png	Assets/Product/Texture/Image/UiDrawLog/UiDrawLog23.png	Rate in S-Rank pool:	100%									
6098	9920	<color=#ff8d1e>100% rate in S-Rank pool</color>	Assets/Product/Texture/Image/UiDrawLog/UiDrawLog22.png	Assets/Product/Texture/Image/UiDrawLog/UiDrawLog23.png	Rate in S-Rank pool:	100%									
6099	9910	<color=#ff8d1e>100% rate in S-Rank pool</color>	Assets/Product/Texture/Image/UiDrawLog/UiDrawLog22.png	Assets/Product/Texture/Image/UiDrawLog/UiDrawLog23.png	Rate in S-Rank pool:	100%									
6100	9900	<color=#ff8d1e>100% rate in S-Rank pool</color>	Assets/Product/Texture/Image/UiDrawLog/UiDrawLog22.png	Assets/Product/Texture/Image/UiDrawLog/UiDrawLog23.png	Rate in S-Rank pool:	100%									
6101	9890	<color=#ff8d1e>100% rate in S-Rank pool</color>	Assets/Product/Texture/Image/UiDrawLog/UiDrawLog22.png	Assets/Product/Texture/Image/UiDrawLog/UiDrawLog23.png	Rate in S-Rank pool:	100%									
6102	9880	<color=#ff8d1e>100% rate in S-Rank pool</color>	Assets/Product/Texture/Image/UiDrawLog/UiDrawLog22.png	Assets/Product/Texture/Image/UiDrawLog/UiDrawLog23.png	Rate in S-Rank pool:	100%									
6103	9870	<color=#ff8d1e>100% rate in S-Rank pool</color>	Assets/Product/Texture/Image/UiDrawLog/UiDrawLog22.png	Assets/Product/Texture/Image/UiDrawLog/UiDrawLog23.png	Rate in S-Rank pool:	100%									
6104	9860	<color=#ff8d1e>100% rate in S-Rank pool</color>	Assets/Product/Texture/Image/UiDrawLog/UiDrawLog22.png	Assets/Product/Texture/Image/UiDrawLog/UiDrawLog23.png	Rate in S-Rank pool:	100%									
6105	9850	<color=#ff8d1e>100% rate in S-Rank pool</color>	Assets/Product/Texture/Image/UiDrawLog/UiDrawLog22.png	Assets/Product/Texture/Image/UiDrawLog/UiDrawLog23.png	Rate in S-Rank pool:	100%									
6106	9840	<color=#ff8d1e>100% rate in S-Rank pool</color>	Assets/Product/Texture/Image/UiDrawLog/UiDrawLog22.png	Assets/Product/Texture/Image/UiDrawLog/UiDrawLog23.png	Rate in S-Rank pool:	100%									
6107	9830	<color=#ff8d1e>100% rate in S-Rank pool</color>	Assets/Product/Texture/Image/UiDrawLog/UiDrawLog22.png	Assets/Product/Texture/Image/UiDrawLog/UiDrawLog23.png	Rate in S-Rank pool:	100%									
6108	9820	<color=#ff8d1e>100% rate in S-Rank pool</color>	Assets/Product/Texture/Image/UiDrawLog/UiDrawLog22.png	Assets/Product/Texture/Image/UiDrawLog/UiDrawLog23.png	Rate in S-Rank pool:	100%									
6109	9810	<color=#ff8d1e>100% rate in S-Rank pool</color>	Assets/Product/Texture/Image/UiDrawLog/UiDrawLog22.png	Assets/Product/Texture/Image/UiDrawLog/UiDrawLog23.png	Rate in S-Rank pool:	100%									
6110	9800	<color=#ff8d1e>100% rate in S-Rank pool</color>	Assets/Product/Texture/Image/UiDrawLog/UiDrawLog22.png	Assets/Product/Texture/Image/UiDrawLog/UiDrawLog23.png	Rate in S-Rank pool:	100%									
6111	9790	<color=#ff8d1e>100% rate in S-Rank pool</color>	Assets/Product/Texture/Image/UiDrawLog/UiDrawLog22.png	Assets/Product/Texture/Image/UiDrawLog/UiDrawLog23.png	Rate in S-Rank pool:	100%									
6112	9780	<color=#ff8d1e>100% rate in S-Rank pool</color>	Assets/Product/Texture/Image/UiDrawLog/UiDrawLog22.png	Assets/Product/Texture/Image/UiDrawLog/UiDrawLog23.png	Rate in S-Rank pool:	100%									
6113	9770	<color=#ff8d1e>100% rate in S-Rank pool</color>	Assets/Product/Texture/Image/UiDrawLog/UiDrawLog22.png	Assets/Product/Texture/Image/UiDrawLog/UiDrawLog23.png	Rate in S-Rank pool:	100%									
6114	9760	<color=#ff8d1e>100% rate in S-Rank pool</color>	Assets/Product/Texture/Image/UiDrawLog/UiDrawLog22.png	Assets/Product/Texture/Image/UiDrawLog/UiDrawLog23.png	Rate in S-Rank pool:	100%									
6115	9750	<color=#ff8d1e>100% rate in S-Rank pool</color>	Assets/Product/Texture/Image/UiDrawLog/UiDrawLog22.png	Assets/Product/Texture/Image/UiDrawLog/UiDrawLog23.png	Rate in S-Rank pool:	100%									
6116	9740	<color=#ff8d1e>100% rate in S-Rank pool</color>	Assets/Product/Texture/Image/UiDrawLog/UiDrawLog22.png	Assets/Product/Texture/Image/UiDrawLog/UiDrawLog23.png	Rate in S-Rank pool:	100%									
6117	9730	<color=#ff8d1e>100% rate in S-Rank pool</color>	Assets/Product/Texture/Image/UiDrawLog/UiDrawLog22.png	Assets/Product/Texture/Image/UiDrawLog/UiDrawLog23.png	Rate in S-Rank pool:	100%									
6118	9720	<color=#ff8d1e>100% rate in S-Rank pool</color>	Assets/Product/Texture/Image/UiDrawLog/UiDrawLog22.png	Assets/Product/Texture/Image/UiDrawLog/UiDrawLog23.png	Rate in S-Rank pool:	100%									
6119	9710	<color=#ff8d1e>100% rate in S-Rank pool</color>	Assets/Product/Texture/Image/UiDrawLog/UiDrawLog22.png	Assets/Product/Texture/Image/UiDrawLog/UiDrawLog23.png	Rate in S-Rank pool:	100%									
6120	9700	<color=#ff8d1e>100% rate in S-Rank pool</color>	Assets/Product/Texture/Image/UiDrawLog/UiDrawLog22.png	Assets/Product/Texture/Image/UiDrawLog/UiDrawLog23.png	Rate in S-Rank pool:	100%									
6121	9690	<color=#ff8d1e>100% rate in S-Rank pool</color>	Assets/Product/Texture/Image/UiDrawLog/UiDrawLog22.png	Assets/Product/Texture/Image/UiDrawLog/UiDrawLog23.png	Rate in S-Rank pool:	100%									
6122	9680	<color=#ff8d1e>100% rate in S-Rank pool</color>	Assets/Product/Texture/Image/UiDrawLog/UiDrawLog22.png	Assets/Product/Texture/Image/UiDrawLog/UiDrawLog23.png	Rate in S-Rank pool:	100%									
6123	9670	<color=#ff8d1e>100% rate in S-Rank pool</color>	Assets/Product/Texture/Image/UiDrawLog/UiDrawLog22.png	Assets/Product/Texture/Image/UiDrawLog/UiDrawLog23.png	Rate in S-Rank pool:	100%									
6124	9660	<color=#ff8d1e>100% rate in S-Rank pool</color>	Assets/Product/Texture/Image/UiDrawLog/UiDrawLog22.png	Assets/Product/Texture/Image/UiDrawLog/UiDrawLog23.png	Rate in S-Rank pool:	100%									
6500	9995	<color=#ff8d1e>100% rate in S-Rank pool</color>	Assets/Product/Texture/Image/UiDrawLog/UiDrawLog22.png	Assets/Product/Texture/Image/UiDrawLog/UiDrawLog23.png	Rate in S-Rank pool:	100%									
6501	9994	<color=#ff8d1e>100% rate in S-Rank pool</color>	Assets/Product/Texture/Image/UiDrawLog/UiDrawLog22.png	Assets/Product/Texture/Image/UiDrawLog/UiDrawLog23.png	Rate in S-Rank pool:	100%									
6502	9993	<color=#ff8d1e>100% rate in S-Rank pool</color>	Assets/Product/Texture/Image/UiDrawLog/UiDrawLog22.png	Assets/Product/Texture/Image/UiDrawLog/UiDrawLog23.png	Rate in S-Rank pool:	100%									
6503	9992	<color=#ff8d1e>100% rate in S-Rank pool</color>	Assets/Product/Texture/Image/UiDrawLog/UiDrawLog22.png	Assets/Product/Texture/Image/UiDrawLog/UiDrawLog23.png	Rate in S-Rank pool:	100%									
6504	9991	<color=#ff8d1e>100% rate in S-Rank pool</color>	Assets/Product/Texture/Image/UiDrawLog/UiDrawLog22.png	Assets/Product/Texture/Image/UiDrawLog/UiDrawLog23.png	Rate in S-Rank pool:	100%									
6505	9990	<color=#ff8d1e>100% rate in S-Rank pool</color>	Assets/Product/Texture/Image/UiDrawLog/UiDrawLog22.png	Assets/Product/Texture/Image/UiDrawLog/UiDrawLog23.png	Rate in S-Rank pool:	100%									
6506	9989	<color=#ff8d1e>100% rate in S-Rank pool</color>	Assets/Product/Texture/Image/UiDrawLog/UiDrawLog22.png	Assets/Product/Texture/Image/UiDrawLog/UiDrawLog23.png	Rate in S-Rank pool:	100%									
6507	9988	<color=#ff8d1e>100% rate in S-Rank pool</color>	Assets/Product/Texture/Image/UiDrawLog/UiDrawLog22.png	Assets/Product/Texture/Image/UiDrawLog/UiDrawLog23.png	Rate in S-Rank pool:	100%									
7001	5000	<color=#ff8d1e>100% rate in S-Rank pool</color>	Assets/Product/Texture/Image/UiDrawLog/UiDrawLog15.png	Assets/Product/Texture/Image/UiDrawLog/UiDrawLog4.png	Rate in S-Rank pool:	100%	1	-48.0	-47.0	1	613.94	664.4099	1		
7002	1000	<color=#26bbf9>80% rate in S-Rank pool</color>	Assets/Product/Texture/Image/UiDrawLog/UiDrawLog15.png	Assets/Product/Texture/Image/UiDrawLog/UiDrawLog4.png	Rate in S-Rank pool:	80%	1	-48.0	-47.0	1	613.94	664.4099	1		
7003	5001	<color=#ff8d1e>100% rate in S-Rank pool</color>	Assets/Product/Texture/Image/UiDrawLog/UiDrawLog15.png	Assets/Product/Texture/Image/UiDrawLog/UiDrawLog4.png	Rate in S-Rank pool:	100%	1	-65.5	-11.1999	1	548.1199	593.1799	1		
7004	1001	<color=#26bbf9>80% rate in S-Rank pool</color>	Assets/Product/Texture/Image/UiDrawLog/UiDrawLog15.png	Assets/Product/Texture/Image/UiDrawLog/UiDrawLog4.png	Rate in S-Rank pool:	80%	1	-65.5	-11.1999	1	548.1199	593.1799	1		
7005	5002	<color=#ff8d1e>100% rate in S-Rank pool</color>	Assets/Product/Texture/Image/UiDrawLog/UiDrawLog15.png	Assets/Product/Texture/Image/UiDrawLog/UiDrawLog4.png	Rate in S-Rank pool:	100%	1	-57.0	14.0	1	545.75	590.6199	1		
7006	1002	<color=#26bbf9>80% rate in S-Rank pool</color>	Assets/Product/Texture/Image/UiDrawLog/UiDrawLog15.png	Assets/Product/Texture/Image/UiDrawLog/UiDrawLog4.png	Rate in S-Rank pool:	80%	1	-57.0	14.0	1	545.75	590.6199	1		
7007	5003	<color=#ff8d1e>100% rate in S-Rank pool</color>	Assets/Product/Texture/Image/UiDrawLog/UiDrawLog15.png	Assets/Product/Texture/Image/UiDrawLog/UiDrawLog4.png	Rate in S-Rank pool:	100%	1	-41.0	-13.0	1	613.94	664.4099	1		
7008	1003	<color=#26bbf9>80% rate in S-Rank pool</color>	Assets/Product/Texture/Image/UiDrawLog/UiDrawLog15.png	Assets/Product/Texture/Image/UiDrawLog/UiDrawLog4.png	Rate in S-Rank pool:	80%	1	-41.0	-13.0	1	613.94	664.4099	1		
7009	5004	<color=#ff8d1e>100% rate in S-Rank pool</color>	Assets/Product/Texture/Image/UiDrawLog/UiDrawLog15.png	Assets/Product/Texture/Image/UiDrawLog/UiDrawLog4.png	Rate in S-Rank pool:	100%	1	-14.1999		1	587.9099	636.25	1		
7010	1004	<color=#26bbf9>80% rate in S-Rank pool</color>	Assets/Product/Texture/Image/UiDrawLog/UiDrawLog15.png	Assets/Product/Texture/Image/UiDrawLog/UiDrawLog4.png	Rate in S-Rank pool:	80%	1	-14.1999		1	587.9099	636.25	1		
7011	5005	<color=#ff8d1e>100% rate in S-Rank pool</color>	Assets/Product/Texture/Image/UiDrawLog/UiDrawLog15.png	Assets/Product/Texture/Image/UiDrawLog/UiDrawLog4.png	Rate in S-Rank pool:	100%	1	-29.0		1	574.14	621.3499	1		
7012	1005	<color=#26bbf9>80% rate in S-Rank pool</color>	Assets/Product/Texture/Image/UiDrawLog/UiDrawLog15.png	Assets/Product/Texture/Image/UiDrawLog/UiDrawLog4.png	Rate in S-Rank pool:	80%	1	-29.0		1	574.14	621.3499	1		
7013	5006	<color=#ff8d1e>100% rate in S-Rank pool</color>	Assets/Product/Texture/Image/UiDrawLog/UiDrawLog15.png	Assets/Product/Texture/Image/UiDrawLog/UiDrawLog4.png	Rate in S-Rank pool:	100%	1	5.0	-18.0	1	585.75	633.9	1		
7014	1006	<color=#26bbf9>80% rate in S-Rank pool</color>	Assets/Product/Texture/Image/UiDrawLog/UiDrawLog15.png	Assets/Product/Texture/Image/UiDrawLog/UiDrawLog4.png	Rate in S-Rank pool:	80%	1	5.0	-18.0	1	585.75	633.9	1		
7015	5007	<color=#ff8d1e>100% rate in S-Rank pool</color>	Assets/Product/Texture/Image/UiDrawLog/UiDrawLog15.png	Assets/Product/Texture/Image/UiDrawLog/UiDrawLog4.png	Rate in S-Rank pool:	100%	1	-6.0	13.0	1	602.0599	651.5499	1		
7016	1007	<color=#26bbf9>80% rate in S-Rank pool</color>	Assets/Product/Texture/Image/UiDrawLog/UiDrawLog15.png	Assets/Product/Texture/Image/UiDrawLog/UiDrawLog4.png	Rate in S-Rank pool:	80%	1	-6.0	13.0	1	602.0599	651.5499	1		
7017	5008	<color=#ff8d1e>100% rate in S-Rank pool</color>	Assets/Product/Texture/Image/UiDrawLog/UiDrawLog15.png	Assets/Product/Texture/Image/UiDrawLog/UiDrawLog4.png	Rate in S-Rank pool:	100%	1	11.0	-48.5999	1	688.76	745.385	1		
7018	1008	<color=#26bbf9>80% rate in S-Rank pool</color>	Assets/Product/Texture/Image/UiDrawLog/UiDrawLog15.png	Assets/Product/Texture/Image/UiDrawLog/UiDrawLog4.png	Rate in S-Rank pool:	80%	1	11.0	-48.5999	1	688.76	745.385	1		
7019	5009	<color=#ff8d1e>100% rate in S-Rank pool</color>	Assets/Product/Texture/Image/UiDrawLog/UiDrawLog15.png	Assets/Product/Texture/Image/UiDrawLog/UiDrawLog4.png	Rate in S-Rank pool:	100%	1	8.1999	-10.0	1	562.39	608.63	1		
7020	1009	<color=#26bbf9>80% rate in S-Rank pool</color>	Assets/Product/Texture/Image/UiDrawLog/UiDrawLog15.png	Assets/Product/Texture/Image/UiDrawLog/UiDrawLog4.png	Rate in S-Rank pool:	80%	1	8.1999	-10.0	1	562.39	608.63	1		
7021	5010	<color=#ff8d1e>100% rate in S-Rank pool</color>	Assets/Product/Texture/Image/UiDrawLog/UiDrawLog15.png	Assets/Product/Texture/Image/UiDrawLog/UiDrawLog4.png	Rate in S-Rank pool:	100%	1	-62.0	-23.0	1	573.4099	620.5499	1		
7022	1010	<color=#26bbf9>80% rate in S-Rank pool</color>	Assets/Product/Texture/Image/UiDrawLog/UiDrawLog15.png	Assets/Product/Texture/Image/UiDrawLog/UiDrawLog4.png	Rate in S-Rank pool:	80%	1	-62.0	-23.0	1	573.4099	620.5499	1		
7023	5011	<color=#ff8d1e>100% rate in S-Rank pool</color>	Assets/Product/Texture/Image/UiDrawLog/UiDrawLog15.png	Assets/Product/Texture/Image/UiDrawLog/UiDrawLog4.png	Rate in S-Rank pool:	100%	1	-63.0	-62.0	1	554.5	600.0	1		
7024	1011	<color=#26bbf9>80% rate in S-Rank pool</color>	Assets/Product/Texture/Image/UiDrawLog/UiDrawLog15.png	Assets/Product/Texture/Image/UiDrawLog/UiDrawLog4.png	Rate in S-Rank pool:	80%	1	-63.0	-62.0	1	554.5	600.0	1		
7025	5012	<color=#ff8d1e>100% rate in S-Rank pool</color>	Assets/Product/Texture/Image/UiDrawLog/UiDrawLog15.png	Assets/Product/Texture/Image/UiDrawLog/UiDrawLog4.png	Rate in S-Rank pool:	100%									
7026	1012	<color=#26bbf9>80% rate in S-Rank pool</color>	Assets/Product/Texture/Image/UiDrawLog/UiDrawLog15.png	Assets/Product/Texture/Image/UiDrawLog/UiDrawLog4.png	Rate in S-Rank pool:	80%									
7027	5013	<color=#ff8d1e>100% rate in S-Rank pool</color>	Assets/Product/Texture/Image/UiDrawLog/UiDrawLog15.png	Assets/Product/Texture/Image/UiDrawLog/UiDrawLog4.png	Rate in S-Rank pool:	100%									
7028	1013	<color=#26bbf9>80% rate in S-Rank pool</color>	Assets/Product/Texture/Image/UiDrawLog/UiDrawLog15.png	Assets/Product/Texture/Image/UiDrawLog/UiDrawLog4.png	Rate in S-Rank pool:	80%									
7029	5014	<color=#ff8d1e>100% rate in S-Rank pool</color>	Assets/Product/Texture/Image/UiDrawLog/UiDrawLog15.png	Assets/Product/Texture/Image/UiDrawLog/UiDrawLog4.png	Rate in S-Rank pool:	100%									
7030	1014	<color=#26bbf9>80% rate in S-Rank pool</color>	Assets/Product/Texture/Image/UiDrawLog/UiDrawLog15.png	Assets/Product/Texture/Image/UiDrawLog/UiDrawLog4.png	Rate in S-Rank pool:	80%									
7031	5015	<color=#ff8d1e>100% rate in S-Rank pool</color>	Assets/Product/Texture/Image/UiDrawLog/UiDrawLog15.png	Assets/Product/Texture/Image/UiDrawLog/UiDrawLog4.png	Rate in S-Rank pool:	100%									
7032	1015	<color=#26bbf9>80% rate in S-Rank pool</color>	Assets/Product/Texture/Image/UiDrawLog/UiDrawLog15.png	Assets/Product/Texture/Image/UiDrawLog/UiDrawLog4.png	Rate in S-Rank pool:	80%									
7033	5016	<color=#ff8d1e>100% rate in S-Rank pool</color>	Assets/Product/Texture/Image/UiDrawLog/UiDrawLog15.png	Assets/Product/Texture/Image/UiDrawLog/UiDrawLog4.png	Rate in S-Rank pool:	100%									
7034	1016	<color=#26bbf9>80% rate in S-Rank pool</color>	Assets/Product/Texture/Image/UiDrawLog/UiDrawLog15.png	Assets/Product/Texture/Image/UiDrawLog/UiDrawLog4.png	Rate in S-Rank pool:	80%									
7035	5017	<color=#ff8d1e>100% rate in S-Rank pool</color>	Assets/Product/Texture/Image/UiDrawLog/UiDrawLog15.png	Assets/Product/Texture/Image/UiDrawLog/UiDrawLog4.png	Rate in S-Rank pool:	100%									
7036	1017	<color=#26bbf9>80% rate in S-Rank pool</color>	Assets/Product/Texture/Image/UiDrawLog/UiDrawLog15.png	Assets/Product/Texture/Image/UiDrawLog/UiDrawLog4.png	Rate in S-Rank pool:	80%									
7037	5018	<color=#ff8d1e>100% rate in S-Rank pool</color>	Assets/Product/Texture/Image/UiDrawLog/UiDrawLog15.png	Assets/Product/Texture/Image/UiDrawLog/UiDrawLog4.png	Rate in S-Rank pool:	100%									
7038	1018	<color=#26bbf9>80% rate in S-Rank pool</color>	Assets/Product/Texture/Image/UiDrawLog/UiDrawLog15.png	Assets/Product/Texture/Image/UiDrawLog/UiDrawLog4.png	Rate in S-Rank pool:	80%									
7039	5019	<color=#ff8d1e>100% rate in S-Rank pool</color>	Assets/Product/Texture/Image/UiDrawLog/UiDrawLog15.png	Assets/Product/Texture/Image/UiDrawLog/UiDrawLog4.png	Rate in S-Rank pool:	100%									
7040	1019	<color=#26bbf9>80% rate in S-Rank pool</color>	Assets/Product/Texture/Image/UiDrawLog/UiDrawLog15.png	Assets/Product/Texture/Image/UiDrawLog/UiDrawLog4.png	Rate in S-Rank pool:	80%									
7041	5020	<color=#ff8d1e>100% rate in S-Rank pool</color>	Assets/Product/Texture/Image/UiDrawLog/UiDrawLog15.png	Assets/Product/Texture/Image/UiDrawLog/UiDrawLog4.png	Rate in S-Rank pool:	100%									
7042	1020	<color=#26bbf9>80% rate in S-Rank pool</color>	Assets/Product/Texture/Image/UiDrawLog/UiDrawLog15.png	Assets/Product/Texture/Image/UiDrawLog/UiDrawLog4.png	Rate in S-Rank pool:	80%									
7043	5021	<color=#ff8d1e>100% rate in S-Rank pool</color>	Assets/Product/Texture/Image/UiDrawLog/UiDrawLog15.png	Assets/Product/Texture/Image/UiDrawLog/UiDrawLog4.png	Rate in S-Rank pool:	100%									
7044	1021	<color=#26bbf9>80% rate in S-Rank pool</color>	Assets/Product/Texture/Image/UiDrawLog/UiDrawLog15.png	Assets/Product/Texture/Image/UiDrawLog/UiDrawLog4.png	Rate in S-Rank pool:	80%									
7045	5022	<color=#ff8d1e>100% rate in S-Rank pool</color>	Assets/Product/Texture/Image/UiDrawLog/UiDrawLog15.png	Assets/Product/Texture/Image/UiDrawLog/UiDrawLog4.png	Rate in S-Rank pool:	100%									
7046	1022	<color=#26bbf9>80% rate in S-Rank pool</color>	Assets/Product/Texture/Image/UiDrawLog/UiDrawLog15.png	Assets/Product/Texture/Image/UiDrawLog/UiDrawLog4.png	Rate in S-Rank pool:	80%									
7047	5023	<color=#ff8d1e>100% rate in S-Rank pool</color>	Assets/Product/Texture/Image/UiDrawLog/UiDrawLog15.png	Assets/Product/Texture/Image/UiDrawLog/UiDrawLog4.png	Rate in S-Rank pool:	100%									
7048	1023	<color=#26bbf9>80% rate in S-Rank pool</color>	Assets/Product/Texture/Image/UiDrawLog/UiDrawLog15.png	Assets/Product/Texture/Image/UiDrawLog/UiDrawLog4.png	Rate in S-Rank pool:	80%									
7049	5024	<color=#ff8d1e>100% rate in S-Rank pool</color>	Assets/Product/Texture/Image/UiDrawLog/UiDrawLog15.png	Assets/Product/Texture/Image/UiDrawLog/UiDrawLog4.png	Rate in S-Rank pool:	100%									
7050	5025	<color=#ff8d1e>100% rate in S-Rank pool</color>	Assets/Product/Texture/Image/UiDrawLog/UiDrawLog15.png	Assets/Product/Texture/Image/UiDrawLog/UiDrawLog4.png	Rate in S-Rank pool:	100%									
7051	5026	<color=#ff8d1e>100% rate in S-Rank pool</color>	Assets/Product/Texture/Image/UiDrawLog/UiDrawLog15.png	Assets/Product/Texture/Image/UiDrawLog/UiDrawLog4.png	Rate in S-Rank pool:	100%									
7052	1024	<color=#26bbf9>80% rate in S-Rank pool</color>	Assets/Product/Texture/Image/UiDrawLog/UiDrawLog15.png	Assets/Product/Texture/Image/UiDrawLog/UiDrawLog4.png	Rate in S-Rank pool:	80%									
7053	5027	<color=#ff8d1e>100% rate in S-Rank pool</color>	Assets/Product/Texture/Image/UiDrawLog/UiDrawLog15.png	Assets/Product/Texture/Image/UiDrawLog/UiDrawLog4.png	Rate in S-Rank pool:	100%									
7054	1025	<color=#26bbf9>80% rate in S-Rank pool</color>	Assets/Product/Texture/Image/UiDrawLog/UiDrawLog15.png	Assets/Product/Texture/Image/UiDrawLog/UiDrawLog4.png	Rate in S-Rank pool:	80%									
7055	5028	<color=#ff8d1e>100% rate in S-Rank pool</color>	Assets/Product/Texture/Image/UiDrawLog/UiDrawLog15.png	Assets/Product/Texture/Image/UiDrawLog/UiDrawLog4.png	Rate in S-Rank pool:	100%									
7056	5029	<color=#ff8d1e>100% rate in S-Rank pool</color>	Assets/Product/Texture/Image/UiDrawLog/UiDrawLog15.png	Assets/Product/Texture/Image/UiDrawLog/UiDrawLog4.png	Rate in S-Rank pool:	100%									
7057	1026	<color=#26bbf9>80% rate in S-Rank pool</color>	Assets/Product/Texture/Image/UiDrawLog/UiDrawLog15.png	Assets/Product/Texture/Image/UiDrawLog/UiDrawLog4.png	Rate in S-Rank pool:	80%									
7058	5030	<color=#ff8d1e>100% rate in S-Rank pool</color>	Assets/Product/Texture/Image/UiDrawLog/UiDrawLog15.png	Assets/Product/Texture/Image/UiDrawLog/UiDrawLog4.png	Rate in S-Rank pool:	100%									
7059	1027	<color=#26bbf9>80% rate in S-Rank pool</color>	Assets/Product/Texture/Image/UiDrawLog/UiDrawLog15.png	Assets/Product/Texture/Image/UiDrawLog/UiDrawLog4.png	Rate in S-Rank pool:	80%									
7060	5031	<color=#ff8d1e>100% rate in S-Rank pool</color>	Assets/Product/Texture/Image/UiDrawLog/UiDrawLog15.png	Assets/Product/Texture/Image/UiDrawLog/UiDrawLog4.png	Rate in S-Rank pool:	100%									
7061	1028	<color=#26bbf9>80% rate in S-Rank pool</color>	Assets/Product/Texture/Image/UiDrawLog/UiDrawLog15.png	Assets/Product/Texture/Image/UiDrawLog/UiDrawLog4.png	Rate in S-Rank pool:	80%									
7062	5032	<color=#ff8d1e>100% rate in S-Rank pool</color>	Assets/Product/Texture/Image/UiDrawLog/UiDrawLog15.png	Assets/Product/Texture/Image/UiDrawLog/UiDrawLog4.png	Rate in S-Rank pool:	100%									
7063	1029	<color=#26bbf9>80% rate in S-Rank pool</color>	Assets/Product/Texture/Image/UiDrawLog/UiDrawLog15.png	Assets/Product/Texture/Image/UiDrawLog/UiDrawLog4.png	Rate in S-Rank pool:	80%									
7064	5034	<color=#ff8d1e>100% rate in S-Rank pool</color>	Assets/Product/Texture/Image/UiDrawLog/UiDrawLog15.png	Assets/Product/Texture/Image/UiDrawLog/UiDrawLog4.png	Rate in S-Rank pool:	100%									
7065	5033	<color=#ff8d1e>100% rate in S-Rank pool</color>	Assets/Product/Texture/Image/UiDrawLog/UiDrawLog15.png	Assets/Product/Texture/Image/UiDrawLog/UiDrawLog4.png	Rate in S-Rank pool:	100%									
7066	5035	<color=#ff8d1e>100% rate in S-Rank pool</color>	Assets/Product/Texture/Image/UiDrawLog/UiDrawLog15.png	Assets/Product/Texture/Image/UiDrawLog/UiDrawLog4.png	Rate in S-Rank pool:	100%									
7067	1030	<color=#26bbf9>80% rate in S-Rank pool</color>	Assets/Product/Texture/Image/UiDrawLog/UiDrawLog15.png	Assets/Product/Texture/Image/UiDrawLog/UiDrawLog4.png	Rate in S-Rank pool:	80%									
7069	5037	<color=#ff8d1e>100% rate in S-Rank pool</color>	Assets/Product/Texture/Image/UiDrawLog/UiDrawLog15.png	Assets/Product/Texture/Image/UiDrawLog/UiDrawLog4.png	Rate in S-Rank pool:	100%									
7070	1031	<color=#26bbf9>80% rate in S-Rank pool</color>	Assets/Product/Texture/Image/UiDrawLog/UiDrawLog15.png	Assets/Product/Texture/Image/UiDrawLog/UiDrawLog4.png	Rate in S-Rank pool:	80%									
8001	10000	<color=#ff8d1e>100% rate in S-Rank pool</color>	Assets/Product/Texture/Image/UiDrawLog/UiDrawLog22.png	Assets/Product/Texture/Image/UiDrawLog/UiDrawLog23.png	Rate in S-Rank pool:	100%									
8002	9990	<color=#ff8d1e>100% rate in S-Rank pool</color>	Assets/Product/Texture/Image/UiDrawLog/UiDrawLog22.png	Assets/Product/Texture/Image/UiDrawLog/UiDrawLog23.png	Rate in S-Rank pool:	100%									
8003	9980	<color=#ff8d1e>100% rate in S-Rank pool</color>	Assets/Product/Texture/Image/UiDrawLog/UiDrawLog22.png	Assets/Product/Texture/Image/UiDrawLog/UiDrawLog23.png	Rate in S-Rank pool:	100%									
8004	9970	<color=#ff8d1e>100% rate in S-Rank pool</color>	Assets/Product/Texture/Image/UiDrawLog/UiDrawLog22.png	Assets/Product/Texture/Image/UiDrawLog/UiDrawLog23.png	Rate in S-Rank pool:	100%									
8005	9960	<color=#ff8d1e>100% rate in S-Rank pool</color>	Assets/Product/Texture/Image/UiDrawLog/UiDrawLog22.png	Assets/Product/Texture/Image/UiDrawLog/UiDrawLog23.png	Rate in S-Rank pool:	100%									
8006	9950	<color=#ff8d1e>100% rate in S-Rank pool</color>	Assets/Product/Texture/Image/UiDrawLog/UiDrawLog22.png	Assets/Product/Texture/Image/UiDrawLog/UiDrawLog23.png	Rate in S-Rank pool:	100%									
8007	9940	<color=#ff8d1e>100% rate in S-Rank pool</color>	Assets/Product/Texture/Image/UiDrawLog/UiDrawLog22.png	Assets/Product/Texture/Image/UiDrawLog/UiDrawLog23.png	Rate in S-Rank pool:	100%									
8008	9930	<color=#ff8d1e>100% rate in S-Rank pool</color>	Assets/Product/Texture/Image/UiDrawLog/UiDrawLog22.png	Assets/Product/Texture/Image/UiDrawLog/UiDrawLog23.png	Rate in S-Rank pool:	100%									
8009	9920	<color=#ff8d1e>100% rate in S-Rank pool</color>	Assets/Product/Texture/Image/UiDrawLog/UiDrawLog22.png	Assets/Product/Texture/Image/UiDrawLog/UiDrawLog23.png	Rate in S-Rank pool:	100%									
8010	9910	<color=#ff8d1e>100% rate in S-Rank pool</color>	Assets/Product/Texture/Image/UiDrawLog/UiDrawLog22.png	Assets/Product/Texture/Image/UiDrawLog/UiDrawLog23.png	Rate in S-Rank pool:	100%									
8011	9900	<color=#ff8d1e>100% rate in S-Rank pool</color>	Assets/Product/Texture/Image/UiDrawLog/UiDrawLog22.png	Assets/Product/Texture/Image/UiDrawLog/UiDrawLog23.png	Rate in S-Rank pool:	100%									
8012	10000	<color=#ff8d1e>100% rate in S-Rank pool</color>	Assets/Product/Texture/Image/UiDrawLog/UiDrawLog22.png	Assets/Product/Texture/Image/UiDrawLog/UiDrawLog23.png	Rate in S-Rank pool:	100%									
8013	9990	<color=#ff8d1e>100% rate in S-Rank pool</color>	Assets/Product/Texture/Image/UiDrawLog/UiDrawLog22.png	Assets/Product/Texture/Image/UiDrawLog/UiDrawLog23.png	Rate in S-Rank pool:	100%									
8014	9980	<color=#ff8d1e>100% rate in S-Rank pool</color>	Assets/Product/Texture/Image/UiDrawLog/UiDrawLog22.png	Assets/Product/Texture/Image/UiDrawLog/UiDrawLog23.png	Rate in S-Rank pool:	100%									
8015	9970	<color=#ff8d1e>100% rate in S-Rank pool</color>	Assets/Product/Texture/Image/UiDrawLog/UiDrawLog22.png	Assets/Product/Texture/Image/UiDrawLog/UiDrawLog23.png	Rate in S-Rank pool:	100%									
8016	9960	<color=#ff8d1e>100% rate in S-Rank pool</color>	Assets/Product/Texture/Image/UiDrawLog/UiDrawLog22.png	Assets/Product/Texture/Image/UiDrawLog/UiDrawLog23.png	Rate in S-Rank pool:	100%									
8017	9950	<color=#ff8d1e>100% rate in S-Rank pool</color>	Assets/Product/Texture/Image/UiDrawLog/UiDrawLog22.png	Assets/Product/Texture/Image/UiDrawLog/UiDrawLog23.png	Rate in S-Rank pool:	100%									
8018	9940	<color=#ff8d1e>100% rate in S-Rank pool</color>	Assets/Product/Texture/Image/UiDrawLog/UiDrawLog22.png	Assets/Product/Texture/Image/UiDrawLog/UiDrawLog23.png	Rate in S-Rank pool:	100%									
8019	9930	<color=#ff8d1e>100% rate in S-Rank pool</color>	Assets/Product/Texture/Image/UiDrawLog/UiDrawLog22.png	Assets/Product/Texture/Image/UiDrawLog/UiDrawLog23.png	Rate in S-Rank pool:	100%									
8020	9920	<color=#ff8d1e>100% rate in S-Rank pool</color>	Assets/Product/Texture/Image/UiDrawLog/UiDrawLog22.png	Assets/Product/Texture/Image/UiDrawLog/UiDrawLog23.png	Rate in S-Rank pool:	100%									
8021	9910	<color=#ff8d1e>100% rate in S-Rank pool</color>	Assets/Product/Texture/Image/UiDrawLog/UiDrawLog22.png	Assets/Product/Texture/Image/UiDrawLog/UiDrawLog23.png	Rate in S-Rank pool:	100%									
8022	9900	<color=#ff8d1e>100% rate in S-Rank pool</color>	Assets/Product/Texture/Image/UiDrawLog/UiDrawLog22.png	Assets/Product/Texture/Image/UiDrawLog/UiDrawLog23.png	Rate in S-Rank pool:	100%									
8023	9890	<color=#ff8d1e>100% rate in S-Rank pool</color>	Assets/Product/Texture/Image/UiDrawLog/UiDrawLog22.png	Assets/Product/Texture/Image/UiDrawLog/UiDrawLog23.png	Rate in S-Rank pool:	100%									
8024	9880	<color=#ff8d1e>100% rate in S-Rank pool</color>	Assets/Product/Texture/Image/UiDrawLog/UiDrawLog22.png	Assets/Product/Texture/Image/UiDrawLog/UiDrawLog23.png	Rate in S-Rank pool:	100%									
8025	9870	<color=#ff8d1e>100% rate in S-Rank pool</color>	Assets/Product/Texture/Image/UiDrawLog/UiDrawLog22.png	Assets/Product/Texture/Image/UiDrawLog/UiDrawLog23.png	Rate in S-Rank pool:	100%									
8026	9860	<color=#ff8d1e>100% rate in S-Rank pool</color>	Assets/Product/Texture/Image/UiDrawLog/UiDrawLog22.png	Assets/Product/Texture/Image/UiDrawLog/UiDrawLog23.png	Rate in S-Rank pool:	100%									
8027	10000	<color=#ff8d1e>100% rate in S-Rank pool</color>	Assets/Product/Texture/Image/UiDrawLog/UiDrawLog22.png	Assets/Product/Texture/Image/UiDrawLog/UiDrawLog23.png	Rate in S-Rank pool:	100%									
8028	9990	<color=#ff8d1e>100% rate in S-Rank pool</color>	Assets/Product/Texture/Image/UiDrawLog/UiDrawLog22.png	Assets/Product/Texture/Image/UiDrawLog/UiDrawLog23.png	Rate in S-Rank pool:	100%									
8029	9980	<color=#ff8d1e>100% rate in S-Rank pool</color>	Assets/Product/Texture/Image/UiDrawLog/UiDrawLog22.png	Assets/Product/Texture/Image/UiDrawLog/UiDrawLog23.png	Rate in S-Rank pool:	100%									
8030	9970	<color=#ff8d1e>100% rate in S-Rank pool</color>	Assets/Product/Texture/Image/UiDrawLog/UiDrawLog22.png	Assets/Product/Texture/Image/UiDrawLog/UiDrawLog23.png	Rate in S-Rank pool:	100%									
8031	9960	<color=#ff8d1e>100% rate in S-Rank pool</color>	Assets/Product/Texture/Image/UiDrawLog/UiDrawLog22.png	Assets/Product/Texture/Image/UiDrawLog/UiDrawLog23.png	Rate in S-Rank pool:	100%									
8032	9950	<color=#ff8d1e>100% rate in S-Rank pool</color>	Assets/Product/Texture/Image/UiDrawLog/UiDrawLog22.png	Assets/Product/Texture/Image/UiDrawLog/UiDrawLog23.png	Rate in S-Rank pool:	100%									
8033	9940	<color=#ff8d1e>100% rate in S-Rank pool</color>	Assets/Product/Texture/Image/UiDrawLog/UiDrawLog22.png	Assets/Product/Texture/Image/UiDrawLog/UiDrawLog23.png	Rate in S-Rank pool:	100%									
8034	9930	<color=#ff8d1e>100% rate in S-Rank pool</color>	Assets/Product/Texture/Image/UiDrawLog/UiDrawLog22.png	Assets/Product/Texture/Image/UiDrawLog/UiDrawLog23.png	Rate in S-Rank pool:	100%									
8035	9920	<color=#ff8d1e>100% rate in S-Rank pool</color>	Assets/Product/Texture/Image/UiDrawLog/UiDrawLog22.png	Assets/Product/Texture/Image/UiDrawLog/UiDrawLog23.png	Rate in S-Rank pool:	100%									
8036	9910	<color=#ff8d1e>100% rate in S-Rank pool</color>	Assets/Product/Texture/Image/UiDrawLog/UiDrawLog22.png	Assets/Product/Texture/Image/UiDrawLog/UiDrawLog23.png	Rate in S-Rank pool:	100%									
8037	9900	<color=#ff8d1e>100% rate in S-Rank pool</color>	Assets/Product/Texture/Image/UiDrawLog/UiDrawLog22.png	Assets/Product/Texture/Image/UiDrawLog/UiDrawLog23.png	Rate in S-Rank pool:	100%									
8038	9890	<color=#ff8d1e>100% rate in S-Rank pool</color>	Assets/Product/Texture/Image/UiDrawLog/UiDrawLog22.png	Assets/Product/Texture/Image/UiDrawLog/UiDrawLog23.png	Rate in S-Rank pool:	100%									
8039	9880	<color=#ff8d1e>100% rate in S-Rank pool</color>	Assets/Product/Texture/Image/UiDrawLog/UiDrawLog22.png	Assets/Product/Texture/Image/UiDrawLog/UiDrawLog23.png	Rate in S-Rank pool:	100%									
8040	9870	<color=#ff8d1e>100% rate in S-Rank pool</color>	Assets/Product/Texture/Image/UiDrawLog/UiDrawLog22.png	Assets/Product/Texture/Image/UiDrawLog/UiDrawLog23.png	Rate in S-Rank pool:	100%									
8041	9860	<color=#ff8d1e>100% rate in S-Rank pool</color>	Assets/Product/Texture/Image/UiDrawLog/UiDrawLog22.png	Assets/Product/Texture/Image/UiDrawLog/UiDrawLog23.png	Rate in S-Rank pool:	100%									
8042	9850	<color=#ff8d1e>100% rate in S-Rank pool</color>	Assets/Product/Texture/Image/UiDrawLog/UiDrawLog22.png	Assets/Product/Texture/Image/UiDrawLog/UiDrawLog23.png	Rate in S-Rank pool:	100%									
8043	9840	<color=#ff8d1e>100% rate in S-Rank pool</color>	Assets/Product/Texture/Image/UiDrawLog/UiDrawLog22.png	Assets/Product/Texture/Image/UiDrawLog/UiDrawLog23.png	Rate in S-Rank pool:	100%									
8044	9830	<color=#ff8d1e>100% rate in S-Rank pool</color>	Assets/Product/Texture/Image/UiDrawLog/UiDrawLog22.png	Assets/Product/Texture/Image/UiDrawLog/UiDrawLog23.png	Rate in S-Rank pool:	100%									
8045	9820	<color=#ff8d1e>100% rate in S-Rank pool</color>	Assets/Product/Texture/Image/UiDrawLog/UiDrawLog22.png	Assets/Product/Texture/Image/UiDrawLog/UiDrawLog23.png	Rate in S-Rank pool:	100%									
8046	9810	<color=#ff8d1e>100% rate in S-Rank pool</color>	Assets/Product/Texture/Image/UiDrawLog/UiDrawLog22.png	Assets/Product/Texture/Image/UiDrawLog/UiDrawLog23.png	Rate in S-Rank pool:	100%									
8047	10000	<color=#ff8d1e>100% rate in S-Rank pool</color>	Assets/Product/Texture/Image/UiDrawLog/UiDrawLog22.png	Assets/Product/Texture/Image/UiDrawLog/UiDrawLog23.png	Rate in S-Rank pool:	100%									
8048	9990	<color=#ff8d1e>100% rate in S-Rank pool</color>	Assets/Product/Texture/Image/UiDrawLog/UiDrawLog22.png	Assets/Product/Texture/Image/UiDrawLog/UiDrawLog23.png	Rate in S-Rank pool:	100%									
8049	9980	<color=#ff8d1e>100% rate in S-Rank pool</color>	Assets/Product/Texture/Image/UiDrawLog/UiDrawLog22.png	Assets/Product/Texture/Image/UiDrawLog/UiDrawLog23.png	Rate in S-Rank pool:	100%									
8050	9970	<color=#ff8d1e>100% rate in S-Rank pool</color>	Assets/Product/Texture/Image/UiDrawLog/UiDrawLog22.png	Assets/Product/Texture/Image/UiDrawLog/UiDrawLog23.png	Rate in S-Rank pool:	100%									
8051	9960	<color=#ff8d1e>100% rate in S-Rank pool</color>	Assets/Product/Texture/Image/UiDrawLog/UiDrawLog22.png	Assets/Product/Texture/Image/UiDrawLog/UiDrawLog23.png	Rate in S-Rank pool:	100%									
8052	9950	<color=#ff8d1e>100% rate in S-Rank pool</color>	Assets/Product/Texture/Image/UiDrawLog/UiDrawLog22.png	Assets/Product/Texture/Image/UiDrawLog/UiDrawLog23.png	Rate in S-Rank pool:	100%									
8053	9940	<color=#ff8d1e>100% rate in S-Rank pool</color>	Assets/Product/Texture/Image/UiDrawLog/UiDrawLog22.png	Assets/Product/Texture/Image/UiDrawLog/UiDrawLog23.png	Rate in S-Rank pool:	100%									
8054	9930	<color=#ff8d1e>100% rate in S-Rank pool</color>	Assets/Product/Texture/Image/UiDrawLog/UiDrawLog22.png	Assets/Product/Texture/Image/UiDrawLog/UiDrawLog23.png	Rate in S-Rank pool:	100%									
8055	9920	<color=#ff8d1e>100% rate in S-Rank pool</color>	Assets/Product/Texture/Image/UiDrawLog/UiDrawLog22.png	Assets/Product/Texture/Image/UiDrawLog/UiDrawLog23.png	Rate in S-Rank pool:	100%									
8056	9910	<color=#ff8d1e>100% rate in S-Rank pool</color>	Assets/Product/Texture/Image/UiDrawLog/UiDrawLog22.png	Assets/Product/Texture/Image/UiDrawLog/UiDrawLog23.png	Rate in S-Rank pool:	100%									
8057	9900	<color=#ff8d1e>100% rate in S-Rank pool</color>	Assets/Product/Texture/Image/UiDrawLog/UiDrawLog22.png	Assets/Product/Texture/Image/UiDrawLog/UiDrawLog23.png	Rate in S-Rank pool:	100%									
8058	9890	<color=#ff8d1e>100% rate in S-Rank pool</color>	Assets/Product/Texture/Image/UiDrawLog/UiDrawLog22.png	Assets/Product/Texture/Image/UiDrawLog/UiDrawLog23.png	Rate in S-Rank pool:	100%									
8059	9880	<color=#ff8d1e>100% rate in S-Rank pool</color>	Assets/Product/Texture/Image/UiDrawLog/UiDrawLog22.png	Assets/Product/Texture/Image/UiDrawLog/UiDrawLog23.png	Rate in S-Rank pool:	100%									
8060	9870	<color=#ff8d1e>100% rate in S-Rank pool</color>	Assets/Product/Texture/Image/UiDrawLog/UiDrawLog22.png	Assets/Product/Texture/Image/UiDrawLog/UiDrawLog23.png	Rate in S-Rank pool:	100%									
8061	9860	<color=#ff8d1e>100% rate in S-Rank pool</color>	Assets/Product/Texture/Image/UiDrawLog/UiDrawLog22.png	Assets/Product/Texture/Image/UiDrawLog/UiDrawLog23.png	Rate in S-Rank pool:	100%									
8062	9850	<color=#ff8d1e>100% rate in S-Rank pool</color>	Assets/Product/Texture/Image/UiDrawLog/UiDrawLog22.png	Assets/Product/Texture/Image/UiDrawLog/UiDrawLog23.png	Rate in S-Rank pool:	100%									
8063	9840	<color=#ff8d1e>100% rate in S-Rank pool</color>	Assets/Product/Texture/Image/UiDrawLog/UiDrawLog22.png	Assets/Product/Texture/Image/UiDrawLog/UiDrawLog23.png	Rate in S-Rank pool:	100%									
8064	9830	<color=#ff8d1e>100% rate in S-Rank pool</color>	Assets/Product/Texture/Image/UiDrawLog/UiDrawLog22.png	Assets/Product/Texture/Image/UiDrawLog/UiDrawLog23.png	Rate in S-Rank pool:	100%									
8065	9820	<color=#ff8d1e>100% rate in S-Rank pool</color>	Assets/Product/Texture/Image/UiDrawLog/UiDrawLog22.png	Assets/Product/Texture/Image/UiDrawLog/UiDrawLog23.png	Rate in S-Rank pool:	100%									
8066	9810	<color=#ff8d1e>100% rate in S-Rank pool</color>	Assets/Product/Texture/Image/UiDrawLog/UiDrawLog22.png	Assets/Product/Texture/Image/UiDrawLog/UiDrawLog23.png	Rate in S-Rank pool:	100%									
8067	9800	<color=#ff8d1e>100% rate in S-Rank pool</color>	Assets/Product/Texture/Image/UiDrawLog/UiDrawLog22.png	Assets/Product/Texture/Image/UiDrawLog/UiDrawLog23.png	Rate in S-Rank pool:	100%									
8068	9790	<color=#ff8d1e>100% rate in S-Rank pool</color>	Assets/Product/Texture/Image/UiDrawLog/UiDrawLog22.png	Assets/Product/Texture/Image/UiDrawLog/UiDrawLog23.png	Rate in S-Rank pool:	100%									
8069	9780	<color=#ff8d1e>100% rate in S-Rank pool</color>	Assets/Product/Texture/Image/UiDrawLog/UiDrawLog22.png	Assets/Product/Texture/Image/UiDrawLog/UiDrawLog23.png	Rate in S-Rank pool:	100%									
8070	9770	<color=#ff8d1e>100% rate in S-Rank pool</color>	Assets/Product/Texture/Image/UiDrawLog/UiDrawLog22.png	Assets/Product/Texture/Image/UiDrawLog/UiDrawLog23.png	Rate in S-Rank pool:	100%									
8071	9760	<color=#ff8d1e>100% rate in S-Rank pool</color>	Assets/Product/Texture/Image/UiDrawLog/UiDrawLog22.png	Assets/Product/Texture/Image/UiDrawLog/UiDrawLog23.png	Rate in S-Rank pool:	100%									
8072	9750	<color=#ff8d1e>100% rate in S-Rank pool</color>	Assets/Product/Texture/Image/UiDrawLog/UiDrawLog22.png	Assets/Product/Texture/Image/UiDrawLog/UiDrawLog23.png	Rate in S-Rank pool:	100%									
8073	10000	<color=#ff8d1e>100% rate in S-Rank pool</color>	Assets/Product/Texture/Image/UiDrawLog/UiDrawLog22.png	Assets/Product/Texture/Image/UiDrawLog/UiDrawLog23.png	Rate in S-Rank pool:	100%									
8074	9990	<color=#ff8d1e>100% rate in S-Rank pool</color>	Assets/Product/Texture/Image/UiDrawLog/UiDrawLog22.png	Assets/Product/Texture/Image/UiDrawLog/UiDrawLog23.png	Rate in S-Rank pool:	100%									
8075	9980	<color=#ff8d1e>100% rate in S-Rank pool</color>	Assets/Product/Texture/Image/UiDrawLog/UiDrawLog22.png	Assets/Product/Texture/Image/UiDrawLog/UiDrawLog23.png	Rate in S-Rank pool:	100%									
8076	9970	<color=#ff8d1e>100% rate in S-Rank pool</color>	Assets/Product/Texture/Image/UiDrawLog/UiDrawLog22.png	Assets/Product/Texture/Image/UiDrawLog/UiDrawLog23.png	Rate in S-Rank pool:	100%									
8077	9960	<color=#ff8d1e>100% rate in S-Rank pool</color>	Assets/Product/Texture/Image/UiDrawLog/UiDrawLog22.png	Assets/Product/Texture/Image/UiDrawLog/UiDrawLog23.png	Rate in S-Rank pool:	100%									
8078	9950	<color=#ff8d1e>100% rate in S-Rank pool</color>	Assets/Product/Texture/Image/UiDrawLog/UiDrawLog22.png	Assets/Product/Texture/Image/UiDrawLog/UiDrawLog23.png	Rate in S-Rank pool:	100%									
8079	9940	<color=#ff8d1e>100% rate in S-Rank pool</color>	Assets/Product/Texture/Image/UiDrawLog/UiDrawLog22.png	Assets/Product/Texture/Image/UiDrawLog/UiDrawLog23.png	Rate in S-Rank pool:	100%									
8080	9930	<color=#ff8d1e>100% rate in S-Rank pool</color>	Assets/Product/Texture/Image/UiDrawLog/UiDrawLog22.png	Assets/Product/Texture/Image/UiDrawLog/UiDrawLog23.png	Rate in S-Rank pool:	100%									
8081	9920	<color=#ff8d1e>100% rate in S-Rank pool</color>	Assets/Product/Texture/Image/UiDrawLog/UiDrawLog22.png	Assets/Product/Texture/Image/UiDrawLog/UiDrawLog23.png	Rate in S-Rank pool:	100%									
8082	9910	<color=#ff8d1e>100% rate in S-Rank pool</color>	Assets/Product/Texture/Image/UiDrawLog/UiDrawLog22.png	Assets/Product/Texture/Image/UiDrawLog/UiDrawLog23.png	Rate in S-Rank pool:	100%									
8083	9900	<color=#ff8d1e>100% rate in S-Rank pool</color>	Assets/Product/Texture/Image/UiDrawLog/UiDrawLog22.png	Assets/Product/Texture/Image/UiDrawLog/UiDrawLog23.png	Rate in S-Rank pool:	100%									
8084	9890	<color=#ff8d1e>100% rate in S-Rank pool</color>	Assets/Product/Texture/Image/UiDrawLog/UiDrawLog22.png	Assets/Product/Texture/Image/UiDrawLog/UiDrawLog23.png	Rate in S-Rank pool:	100%									
8085	9880	<color=#ff8d1e>100% rate in S-Rank pool</color>	Assets/Product/Texture/Image/UiDrawLog/UiDrawLog22.png	Assets/Product/Texture/Image/UiDrawLog/UiDrawLog23.png	Rate in S-Rank pool:	100%									
8086	9870	<color=#ff8d1e>100% rate in S-Rank pool</color>	Assets/Product/Texture/Image/UiDrawLog/UiDrawLog22.png	Assets/Product/Texture/Image/UiDrawLog/UiDrawLog23.png	Rate in S-Rank pool:	100%									
8087	9860	<color=#ff8d1e>100% rate in S-Rank pool</color>	Assets/Product/Texture/Image/UiDrawLog/UiDrawLog22.png	Assets/Product/Texture/Image/UiDrawLog/UiDrawLog23.png	Rate in S-Rank pool:	100%									
8088	9850	<color=#ff8d1e>100% rate in S-Rank pool</color>	Assets/Product/Texture/Image/UiDrawLog/UiDrawLog22.png	Assets/Product/Texture/Image/UiDrawLog/UiDrawLog23.png	Rate in S-Rank pool:	100%									
8089	9840	<color=#ff8d1e>100% rate in S-Rank pool</color>	Assets/Product/Texture/Image/UiDrawLog/UiDrawLog22.png	Assets/Product/Texture/Image/UiDrawLog/UiDrawLog23.png	Rate in S-Rank pool:	100%									
8090	9830	<color=#ff8d1e>100% rate in S-Rank pool</color>	Assets/Product/Texture/Image/UiDrawLog/UiDrawLog22.png	Assets/Product/Texture/Image/UiDrawLog/UiDrawLog23.png	Rate in S-Rank pool:	100%									
8091	9820	<color=#ff8d1e>100% rate in S-Rank pool</color>	Assets/Product/Texture/Image/UiDrawLog/UiDrawLog22.png	Assets/Product/Texture/Image/UiDrawLog/UiDrawLog23.png	Rate in S-Rank pool:	100%									
8092	9810	<color=#ff8d1e>100% rate in S-Rank pool</color>	Assets/Product/Texture/Image/UiDrawLog/UiDrawLog22.png	Assets/Product/Texture/Image/UiDrawLog/UiDrawLog23.png	Rate in S-Rank pool:	100%									
8093	9800	<color=#ff8d1e>100% rate in S-Rank pool</color>	Assets/Product/Texture/Image/UiDrawLog/UiDrawLog22.png	Assets/Product/Texture/Image/UiDrawLog/UiDrawLog23.png	Rate in S-Rank pool:	100%									
8094	9790	<color=#ff8d1e>100% rate in S-Rank pool</color>	Assets/Product/Texture/Image/UiDrawLog/UiDrawLog22.png	Assets/Product/Texture/Image/UiDrawLog/UiDrawLog23.png	Rate in S-Rank pool:	100%									
8095	9780	<color=#ff8d1e>100% rate in S-Rank pool</color>	Assets/Product/Texture/Image/UiDrawLog/UiDrawLog22.png	Assets/Product/Texture/Image/UiDrawLog/UiDrawLog23.png	Rate in S-Rank pool:	100%									
8096	9770	<color=#ff8d1e>100% rate in S-Rank pool</color>	Assets/Product/Texture/Image/UiDrawLog/UiDrawLog22.png	Assets/Product/Texture/Image/UiDrawLog/UiDrawLog23.png	Rate in S-Rank pool:	100%									
8097	9760	<color=#ff8d1e>100% rate in S-Rank pool</color>	Assets/Product/Texture/Image/UiDrawLog/UiDrawLog22.png	Assets/Product/Texture/Image/UiDrawLog/UiDrawLog23.png	Rate in S-Rank pool:	100%									
8098	9750	<color=#ff8d1e>100% rate in S-Rank pool</color>	Assets/Product/Texture/Image/UiDrawLog/UiDrawLog22.png	Assets/Product/Texture/Image/UiDrawLog/UiDrawLog23.png	Rate in S-Rank pool:	100%									
8099	9740	<color=#ff8d1e>100% rate in S-Rank pool</color>	Assets/Product/Texture/Image/UiDrawLog/UiDrawLog22.png	Assets/Product/Texture/Image/UiDrawLog/UiDrawLog23.png	Rate in S-Rank pool:	100%									
8100	9730	<color=#ff8d1e>100% rate in S-Rank pool</color>	Assets/Product/Texture/Image/UiDrawLog/UiDrawLog22.png	Assets/Product/Texture/Image/UiDrawLog/UiDrawLog23.png	Rate in S-Rank pool:	100%									
8101	9720	<color=#ff8d1e>100% rate in S-Rank pool</color>	Assets/Product/Texture/Image/UiDrawLog/UiDrawLog22.png	Assets/Product/Texture/Image/UiDrawLog/UiDrawLog23.png	Rate in S-Rank pool:	100%									
8102	9710	<color=#ff8d1e>100% rate in S-Rank pool</color>	Assets/Product/Texture/Image/UiDrawLog/UiDrawLog22.png	Assets/Product/Texture/Image/UiDrawLog/UiDrawLog23.png	Rate in S-Rank pool:	100%									
8103	9700	<color=#ff8d1e>100% rate in S-Rank pool</color>	Assets/Product/Texture/Image/UiDrawLog/UiDrawLog22.png	Assets/Product/Texture/Image/UiDrawLog/UiDrawLog23.png	Rate in S-Rank pool:	100%									
8104	9690	<color=#ff8d1e>100% rate in S-Rank pool</color>	Assets/Product/Texture/Image/UiDrawLog/UiDrawLog22.png	Assets/Product/Texture/Image/UiDrawLog/UiDrawLog23.png	Rate in S-Rank pool:	100%									
8105	9680	<color=#ff8d1e>100% rate in S-Rank pool</color>	Assets/Product/Texture/Image/UiDrawLog/UiDrawLog22.png	Assets/Product/Texture/Image/UiDrawLog/UiDrawLog23.png	Rate in S-Rank pool:	100%									
8106	10000	<color=#ff8d1e>100% rate in S-Rank pool</color>	Assets/Product/Texture/Image/UiDrawLog/UiDrawLog22.png	Assets/Product/Texture/Image/UiDrawLog/UiDrawLog23.png	Rate in S-Rank pool:	100%									
8107	9990	<color=#ff8d1e>100% rate in S-Rank pool</color>	Assets/Product/Texture/Image/UiDrawLog/UiDrawLog22.png	Assets/Product/Texture/Image/UiDrawLog/UiDrawLog23.png	Rate in S-Rank pool:	100%									
8108	9980	<color=#ff8d1e>100% rate in S-Rank pool</color>	Assets/Product/Texture/Image/UiDrawLog/UiDrawLog22.png	Assets/Product/Texture/Image/UiDrawLog/UiDrawLog23.png	Rate in S-Rank pool:	100%									
8109	9970	<color=#ff8d1e>100% rate in S-Rank pool</color>	Assets/Product/Texture/Image/UiDrawLog/UiDrawLog22.png	Assets/Product/Texture/Image/UiDrawLog/UiDrawLog23.png	Rate in S-Rank pool:	100%									
8110	9960	<color=#ff8d1e>100% rate in S-Rank pool</color>	Assets/Product/Texture/Image/UiDrawLog/UiDrawLog22.png	Assets/Product/Texture/Image/UiDrawLog/UiDrawLog23.png	Rate in S-Rank pool:	100%									
8111	9950	<color=#ff8d1e>100% rate in S-Rank pool</color>	Assets/Product/Texture/Image/UiDrawLog/UiDrawLog22.png	Assets/Product/Texture/Image/UiDrawLog/UiDrawLog23.png	Rate in S-Rank pool:	100%									
8112	9940	<color=#ff8d1e>100% rate in S-Rank pool</color>	Assets/Product/Texture/Image/UiDrawLog/UiDrawLog22.png	Assets/Product/Texture/Image/UiDrawLog/UiDrawLog23.png	Rate in S-Rank pool:	100%									
8113	9930	<color=#ff8d1e>100% rate in S-Rank pool</color>	Assets/Product/Texture/Image/UiDrawLog/UiDrawLog22.png	Assets/Product/Texture/Image/UiDrawLog/UiDrawLog23.png	Rate in S-Rank pool:	100%									
8114	9920	<color=#ff8d1e>100% rate in S-Rank pool</color>	Assets/Product/Texture/Image/UiDrawLog/UiDrawLog22.png	Assets/Product/Texture/Image/UiDrawLog/UiDrawLog23.png	Rate in S-Rank pool:	100%									
8115	9910	<color=#ff8d1e>100% rate in S-Rank pool</color>	Assets/Product/Texture/Image/UiDrawLog/UiDrawLog22.png	Assets/Product/Texture/Image/UiDrawLog/UiDrawLog23.png	Rate in S-Rank pool:	100%									
8116	9900	<color=#ff8d1e>100% rate in S-Rank pool</color>	Assets/Product/Texture/Image/UiDrawLog/UiDrawLog22.png	Assets/Product/Texture/Image/UiDrawLog/UiDrawLog23.png	Rate in S-Rank pool:	100%									
8117	9890	<color=#ff8d1e>100% rate in S-Rank pool</color>	Assets/Product/Texture/Image/UiDrawLog/UiDrawLog22.png	Assets/Product/Texture/Image/UiDrawLog/UiDrawLog23.png	Rate in S-Rank pool:	100%									
8118	9880	<color=#ff8d1e>100% rate in S-Rank pool</color>	Assets/Product/Texture/Image/UiDrawLog/UiDrawLog22.png	Assets/Product/Texture/Image/UiDrawLog/UiDrawLog23.png	Rate in S-Rank pool:	100%									
8119	9870	<color=#ff8d1e>100% rate in S-Rank pool</color>	Assets/Product/Texture/Image/UiDrawLog/UiDrawLog22.png	Assets/Product/Texture/Image/UiDrawLog/UiDrawLog23.png	Rate in S-Rank pool:	100%									
8120	9860	<color=#ff8d1e>100% rate in S-Rank pool</color>	Assets/Product/Texture/Image/UiDrawLog/UiDrawLog22.png	Assets/Product/Texture/Image/UiDrawLog/UiDrawLog23.png	Rate in S-Rank pool:	100%									
8121	9850	<color=#ff8d1e>100% rate in S-Rank pool</color>	Assets/Product/Texture/Image/UiDrawLog/UiDrawLog22.png	Assets/Product/Texture/Image/UiDrawLog/UiDrawLog23.png	Rate in S-Rank pool:	100%									
8122	9840	<color=#ff8d1e>100% rate in S-Rank pool</color>	Assets/Product/Texture/Image/UiDrawLog/UiDrawLog22.png	Assets/Product/Texture/Image/UiDrawLog/UiDrawLog23.png	Rate in S-Rank pool:	100%									
8123	9830	<color=#ff8d1e>100% rate in S-Rank pool</color>	Assets/Product/Texture/Image/UiDrawLog/UiDrawLog22.png	Assets/Product/Texture/Image/UiDrawLog/UiDrawLog23.png	Rate in S-Rank pool:	100%									
8124	9820	<color=#ff8d1e>100% rate in S-Rank pool</color>	Assets/Product/Texture/Image/UiDrawLog/UiDrawLog22.png	Assets/Product/Texture/Image/UiDrawLog/UiDrawLog23.png	Rate in S-Rank pool:	100%									
8125	9810	<color=#ff8d1e>100% rate in S-Rank pool</color>	Assets/Product/Texture/Image/UiDrawLog/UiDrawLog22.png	Assets/Product/Texture/Image/UiDrawLog/UiDrawLog23.png	Rate in S-Rank pool:	100%									
8126	9800	<color=#ff8d1e>100% rate in S-Rank pool</color>	Assets/Product/Texture/Image/UiDrawLog/UiDrawLog22.png	Assets/Product/Texture/Image/UiDrawLog/UiDrawLog23.png	Rate in S-Rank pool:	100%									
8127	9790	<color=#ff8d1e>100% rate in S-Rank pool</color>	Assets/Product/Texture/Image/UiDrawLog/UiDrawLog22.png	Assets/Product/Texture/Image/UiDrawLog/UiDrawLog23.png	Rate in S-Rank pool:	100%									
8128	9780	<color=#ff8d1e>100% rate in S-Rank pool</color>	Assets/Product/Texture/Image/UiDrawLog/UiDrawLog22.png	Assets/Product/Texture/Image/UiDrawLog/UiDrawLog23.png	Rate in S-Rank pool:	100%									
8129	9770	<color=#ff8d1e>100% rate in S-Rank pool</color>	Assets/Product/Texture/Image/UiDrawLog/UiDrawLog22.png	Assets/Product/Texture/Image/UiDrawLog/UiDrawLog23.png	Rate in S-Rank pool:	100%									
8130	9760	<color=#ff8d1e>100% rate in S-Rank pool</color>	Assets/Product/Texture/Image/UiDrawLog/UiDrawLog22.png	Assets/Product/Texture/Image/UiDrawLog/UiDrawLog23.png	Rate in S-Rank pool:	100%									
8131	9750	<color=#ff8d1e>100% rate in S-Rank pool</color>	Assets/Product/Texture/Image/UiDrawLog/UiDrawLog22.png	Assets/Product/Texture/Image/UiDrawLog/UiDrawLog23.png	Rate in S-Rank pool:	100%									
8132	9740	<color=#ff8d1e>100% rate in S-Rank pool</color>	Assets/Product/Texture/Image/UiDrawLog/UiDrawLog22.png	Assets/Product/Texture/Image/UiDrawLog/UiDrawLog23.png	Rate in S-Rank pool:	100%									
8133	9730	<color=#ff8d1e>100% rate in S-Rank pool</color>	Assets/Product/Texture/Image/UiDrawLog/UiDrawLog22.png	Assets/Product/Texture/Image/UiDrawLog/UiDrawLog23.png	Rate in S-Rank pool:	100%									
8134	9720	<color=#ff8d1e>100% rate in S-Rank pool</color>	Assets/Product/Texture/Image/UiDrawLog/UiDrawLog22.png	Assets/Product/Texture/Image/UiDrawLog/UiDrawLog23.png	Rate in S-Rank pool:	100%									
8135	9710	<color=#ff8d1e>100% rate in S-Rank pool</color>	Assets/Product/Texture/Image/UiDrawLog/UiDrawLog22.png	Assets/Product/Texture/Image/UiDrawLog/UiDrawLog23.png	Rate in S-Rank pool:	100%									
8136	9700	<color=#ff8d1e>100% rate in S-Rank pool</color>	Assets/Product/Texture/Image/UiDrawLog/UiDrawLog22.png	Assets/Product/Texture/Image/UiDrawLog/UiDrawLog23.png	Rate in S-Rank pool:	100%									
8137	9690	<color=#ff8d1e>100% rate in S-Rank pool</color>	Assets/Product/Texture/Image/UiDrawLog/UiDrawLog22.png	Assets/Product/Texture/Image/UiDrawLog/UiDrawLog23.png	Rate in S-Rank pool:	100%									
8138	9680	<color=#ff8d1e>100% rate in S-Rank pool</color>	Assets/Product/Texture/Image/UiDrawLog/UiDrawLog22.png	Assets/Product/Texture/Image/UiDrawLog/UiDrawLog23.png	Rate in S-Rank pool:	100%									
8139	9670	<color=#ff8d1e>100% rate in S-Rank pool</color>	Assets/Product/Texture/Image/UiDrawLog/UiDrawLog22.png	Assets/Product/Texture/Image/UiDrawLog/UiDrawLog23.png	Rate in S-Rank pool:	100%									
8140	9660	<color=#ff8d1e>100% rate in S-Rank pool</color>	Assets/Product/Texture/Image/UiDrawLog/UiDrawLog22.png	Assets/Product/Texture/Image/UiDrawLog/UiDrawLog23.png	Rate in S-Rank pool:	100%									
8141	9650	<color=#ff8d1e>100% rate in S-Rank pool</color>	Assets/Product/Texture/Image/UiDrawLog/UiDrawLog22.png	Assets/Product/Texture/Image/UiDrawLog/UiDrawLog23.png	Rate in S-Rank pool:	100%									
8142	9640	<color=#ff8d1e>100% rate in S-Rank pool</color>	Assets/Product/Texture/Image/UiDrawLog/UiDrawLog22.png	Assets/Product/Texture/Image/UiDrawLog/UiDrawLog23.png	Rate in S-Rank pool:	100%									
8143	9630	<color=#ff8d1e>100% rate in S-Rank pool</color>	Assets/Product/Texture/Image/UiDrawLog/UiDrawLog22.png	Assets/Product/Texture/Image/UiDrawLog/UiDrawLog23.png	Rate in S-Rank pool:	100%									
8501	9890	<color=#ff8d1e>100% rate in S-Rank pool</color>	Assets/Product/Texture/Image/UiDrawLog/UiDrawLog22.png	Assets/Product/Texture/Image/UiDrawLog/UiDrawLog23.png	Rate in S-Rank pool:	100%									
8502	9880	<color=#ff8d1e>100% rate in S-Rank pool</color>	Assets/Product/Texture/Image/UiDrawLog/UiDrawLog22.png	Assets/Product/Texture/Image/UiDrawLog/UiDrawLog23.png	Rate in S-Rank pool:	100%									
8503	9870	<color=#ff8d1e>100% rate in S-Rank pool</color>	Assets/Product/Texture/Image/UiDrawLog/UiDrawLog22.png	Assets/Product/Texture/Image/UiDrawLog/UiDrawLog23.png	Rate in S-Rank pool:	100%									
8504	9860	<color=#ff8d1e>100% rate in S-Rank pool</color>	Assets/Product/Texture/Image/UiDrawLog/UiDrawLog22.png	Assets/Product/Texture/Image/UiDrawLog/UiDrawLog23.png	Rate in S-Rank pool:	100%									
8505	9850	<color=#ff8d1e>100% rate in S-Rank pool</color>	Assets/Product/Texture/Image/UiDrawLog/UiDrawLog22.png	Assets/Product/Texture/Image/UiDrawLog/UiDrawLog23.png	Rate in S-Rank pool:	100%									
8506	9840	<color=#ff8d1e>100% rate in S-Rank pool</color>	Assets/Product/Texture/Image/UiDrawLog/UiDrawLog22.png	Assets/Product/Texture/Image/UiDrawLog/UiDrawLog23.png	Rate in S-Rank pool:	100%									
8507	9830	<color=#ff8d1e>100% rate in S-Rank pool</color>	Assets/Product/Texture/Image/UiDrawLog/UiDrawLog22.png	Assets/Product/Texture/Image/UiDrawLog/UiDrawLog23.png	Rate in S-Rank pool:	100%									
8508	9820	<color=#ff8d1e>100% rate in S-Rank pool</color>	Assets/Product/Texture/Image/UiDrawLog/UiDrawLog22.png	Assets/Product/Texture/Image/UiDrawLog/UiDrawLog23.png	Rate in S-Rank pool:	100%									
8509	9810	<color=#ff8d1e>100% rate in S-Rank pool</color>	Assets/Product/Texture/Image/UiDrawLog/UiDrawLog22.png	Assets/Product/Texture/Image/UiDrawLog/UiDrawLog23.png	Rate in S-Rank pool:	100%									
8510	9800	<color=#ff8d1e>100% rate in S-Rank pool</color>	Assets/Product/Texture/Image/UiDrawLog/UiDrawLog22.png	Assets/Product/Texture/Image/UiDrawLog/UiDrawLog23.png	Rate in S-Rank pool:	100%									
8511	9790	<color=#ff8d1e>100% rate in S-Rank pool</color>	Assets/Product/Texture/Image/UiDrawLog/UiDrawLog22.png	Assets/Product/Texture/Image/UiDrawLog/UiDrawLog23.png	Rate in S-Rank pool:	100%									
8512	10000	<color=#ff8d1e>100% rate in S-Rank pool</color>	Assets/Product/Texture/Image/UiDrawLog/UiDrawLog22.png	Assets/Product/Texture/Image/UiDrawLog/UiDrawLog23.png	Rate in S-Rank pool:	100%									
8513	9990	<color=#ff8d1e>100% rate in S-Rank pool</color>	Assets/Product/Texture/Image/UiDrawLog/UiDrawLog22.png	Assets/Product/Texture/Image/UiDrawLog/UiDrawLog23.png	Rate in S-Rank pool:	100%									
8514	9980	<color=#ff8d1e>100% rate in S-Rank pool</color>	Assets/Product/Texture/Image/UiDrawLog/UiDrawLog22.png	Assets/Product/Texture/Image/UiDrawLog/UiDrawLog23.png	Rate in S-Rank pool:	100%									
8515	9970	<color=#ff8d1e>100% rate in S-Rank pool</color>	Assets/Product/Texture/Image/UiDrawLog/UiDrawLog22.png	Assets/Product/Texture/Image/UiDrawLog/UiDrawLog23.png	Rate in S-Rank pool:	100%									
8516	9960	<color=#ff8d1e>100% rate in S-Rank pool</color>	Assets/Product/Texture/Image/UiDrawLog/UiDrawLog22.png	Assets/Product/Texture/Image/UiDrawLog/UiDrawLog23.png	Rate in S-Rank pool:	100%									
8517	9950	<color=#ff8d1e>100% rate in S-Rank pool</color>	Assets/Product/Texture/Image/UiDrawLog/UiDrawLog22.png	Assets/Product/Texture/Image/UiDrawLog/UiDrawLog23.png	Rate in S-Rank pool:	100%									
8518	9940	<color=#ff8d1e>100% rate in S-Rank pool</color>	Assets/Product/Texture/Image/UiDrawLog/UiDrawLog22.png	Assets/Product/Texture/Image/UiDrawLog/UiDrawLog23.png	Rate in S-Rank pool:	100%									
8519	9930	<color=#ff8d1e>100% rate in S-Rank pool</color>	Assets/Product/Texture/Image/UiDrawLog/UiDrawLog22.png	Assets/Product/Texture/Image/UiDrawLog/UiDrawLog23.png	Rate in S-Rank pool:	100%									
8520	9920	<color=#ff8d1e>100% rate in S-Rank pool</color>	Assets/Product/Texture/Image/UiDrawLog/UiDrawLog22.png	Assets/Product/Texture/Image/UiDrawLog/UiDrawLog23.png	Rate in S-Rank pool:	100%									
8521	9910	<color=#ff8d1e>100% rate in S-Rank pool</color>	Assets/Product/Texture/Image/UiDrawLog/UiDrawLog22.png	Assets/Product/Texture/Image/UiDrawLog/UiDrawLog23.png	Rate in S-Rank pool:	100%									
8522	9900	<color=#ff8d1e>100% rate in S-Rank pool</color>	Assets/Product/Texture/Image/UiDrawLog/UiDrawLog22.png	Assets/Product/Texture/Image/UiDrawLog/UiDrawLog23.png	Rate in S-Rank pool:	100%									
8523	9890	<color=#ff8d1e>100% rate in S-Rank pool</color>	Assets/Product/Texture/Image/UiDrawLog/UiDrawLog22.png	Assets/Product/Texture/Image/UiDrawLog/UiDrawLog23.png	Rate in S-Rank pool:	100%									
8524	9880	<color=#ff8d1e>100% rate in S-Rank pool</color>	Assets/Product/Texture/Image/UiDrawLog/UiDrawLog22.png	Assets/Product/Texture/Image/UiDrawLog/UiDrawLog23.png	Rate in S-Rank pool:	100%									
8525	9870	<color=#ff8d1e>100% rate in S-Rank pool</color>	Assets/Product/Texture/Image/UiDrawLog/UiDrawLog22.png	Assets/Product/Texture/Image/UiDrawLog/UiDrawLog23.png	Rate in S-Rank pool:	100%									
8526	9860	<color=#ff8d1e>100% rate in S-Rank pool</color>	Assets/Product/Texture/Image/UiDrawLog/UiDrawLog22.png	Assets/Product/Texture/Image/UiDrawLog/UiDrawLog23.png	Rate in S-Rank pool:	100%									
8527	10000	<color=#ff8d1e>100% rate in S-Rank pool</color>	Assets/Product/Texture/Image/UiDrawLog/UiDrawLog22.png	Assets/Product/Texture/Image/UiDrawLog/UiDrawLog23.png	Rate in S-Rank pool:	100%									
8528	9990	<color=#ff8d1e>100% rate in S-Rank pool</color>	Assets/Product/Texture/Image/UiDrawLog/UiDrawLog22.png	Assets/Product/Texture/Image/UiDrawLog/UiDrawLog23.png	Rate in S-Rank pool:	100%									
8529	9980	<color=#ff8d1e>100% rate in S-Rank pool</color>	Assets/Product/Texture/Image/UiDrawLog/UiDrawLog22.png	Assets/Product/Texture/Image/UiDrawLog/UiDrawLog23.png	Rate in S-Rank pool:	100%									
8530	9970	<color=#ff8d1e>100% rate in S-Rank pool</color>	Assets/Product/Texture/Image/UiDrawLog/UiDrawLog22.png	Assets/Product/Texture/Image/UiDrawLog/UiDrawLog23.png	Rate in S-Rank pool:	100%									
8531	9960	<color=#ff8d1e>100% rate in S-Rank pool</color>	Assets/Product/Texture/Image/UiDrawLog/UiDrawLog22.png	Assets/Product/Texture/Image/UiDrawLog/UiDrawLog23.png	Rate in S-Rank pool:	100%									
8532	9950	<color=#ff8d1e>100% rate in S-Rank pool</color>	Assets/Product/Texture/Image/UiDrawLog/UiDrawLog22.png	Assets/Product/Texture/Image/UiDrawLog/UiDrawLog23.png	Rate in S-Rank pool:	100%									
8533	9940	<color=#ff8d1e>100% rate in S-Rank pool</color>	Assets/Product/Texture/Image/UiDrawLog/UiDrawLog22.png	Assets/Product/Texture/Image/UiDrawLog/UiDrawLog23.png	Rate in S-Rank pool:	100%									
8534	9930	<color=#ff8d1e>100% rate in S-Rank pool</color>	Assets/Product/Texture/Image/UiDrawLog/UiDrawLog22.png	Assets/Product/Texture/Image/UiDrawLog/UiDrawLog23.png	Rate in S-Rank pool:	100%									
8535	9920	<color=#ff8d1e>100% rate in S-Rank pool</color>	Assets/Product/Texture/Image/UiDrawLog/UiDrawLog22.png	Assets/Product/Texture/Image/UiDrawLog/UiDrawLog23.png	Rate in S-Rank pool:	100%									
8536	9910	<color=#ff8d1e>100% rate in S-Rank pool</color>	Assets/Product/Texture/Image/UiDrawLog/UiDrawLog22.png	Assets/Product/Texture/Image/UiDrawLog/UiDrawLog23.png	Rate in S-Rank pool:	100%									
8537	9900	<color=#ff8d1e>100% rate in S-Rank pool</color>	Assets/Product/Texture/Image/UiDrawLog/UiDrawLog22.png	Assets/Product/Texture/Image/UiDrawLog/UiDrawLog23.png	Rate in S-Rank pool:	100%									
8538	9890	<color=#ff8d1e>100% rate in S-Rank pool</color>	Assets/Product/Texture/Image/UiDrawLog/UiDrawLog22.png	Assets/Product/Texture/Image/UiDrawLog/UiDrawLog23.png	Rate in S-Rank pool:	100%									
8539	9880	<color=#ff8d1e>100% rate in S-Rank pool</color>	Assets/Product/Texture/Image/UiDrawLog/UiDrawLog22.png	Assets/Product/Texture/Image/UiDrawLog/UiDrawLog23.png	Rate in S-Rank pool:	100%									
8540	9870	<color=#ff8d1e>100% rate in S-Rank pool</color>	Assets/Product/Texture/Image/UiDrawLog/UiDrawLog22.png	Assets/Product/Texture/Image/UiDrawLog/UiDrawLog23.png	Rate in S-Rank pool:	100%									
8541	9860	<color=#ff8d1e>100% rate in S-Rank pool</color>	Assets/Product/Texture/Image/UiDrawLog/UiDrawLog22.png	Assets/Product/Texture/Image/UiDrawLog/UiDrawLog23.png	Rate in S-Rank pool:	100%									
8542	9850	<color=#ff8d1e>100% rate in S-Rank pool</color>	Assets/Product/Texture/Image/UiDrawLog/UiDrawLog22.png	Assets/Product/Texture/Image/UiDrawLog/UiDrawLog23.png	Rate in S-Rank pool:	100%									
8543	9840	<color=#ff8d1e>100% rate in S-Rank pool</color>	Assets/Product/Texture/Image/UiDrawLog/UiDrawLog22.png	Assets/Product/Texture/Image/UiDrawLog/UiDrawLog23.png	Rate in S-Rank pool:	100%									
8544	9830	<color=#ff8d1e>100% rate in S-Rank pool</color>	Assets/Product/Texture/Image/UiDrawLog/UiDrawLog22.png	Assets/Product/Texture/Image/UiDrawLog/UiDrawLog23.png	Rate in S-Rank pool:	100%									
8545	9820	<color=#ff8d1e>100% rate in S-Rank pool</color>	Assets/Product/Texture/Image/UiDrawLog/UiDrawLog22.png	Assets/Product/Texture/Image/UiDrawLog/UiDrawLog23.png	Rate in S-Rank pool:	100%									
8546	9810	<color=#ff8d1e>100% rate in S-Rank pool</color>	Assets/Product/Texture/Image/UiDrawLog/UiDrawLog22.png	Assets/Product/Texture/Image/UiDrawLog/UiDrawLog23.png	Rate in S-Rank pool:	100%									
8547	10000	<color=#ff8d1e>100% rate in S-Rank pool</color>	Assets/Product/Texture/Image/UiDrawLog/UiDrawLog22.png	Assets/Product/Texture/Image/UiDrawLog/UiDrawLog23.png	Rate in S-Rank pool:	100%									
8548	9990	<color=#ff8d1e>100% rate in S-Rank pool</color>	Assets/Product/Texture/Image/UiDrawLog/UiDrawLog22.png	Assets/Product/Texture/Image/UiDrawLog/UiDrawLog23.png	Rate in S-Rank pool:	100%									
8549	9980	<color=#ff8d1e>100% rate in S-Rank pool</color>	Assets/Product/Texture/Image/UiDrawLog/UiDrawLog22.png	Assets/Product/Texture/Image/UiDrawLog/UiDrawLog23.png	Rate in S-Rank pool:	100%									
8550	9970	<color=#ff8d1e>100% rate in S-Rank pool</color>	Assets/Product/Texture/Image/UiDrawLog/UiDrawLog22.png	Assets/Product/Texture/Image/UiDrawLog/UiDrawLog23.png	Rate in S-Rank pool:	100%									
8551	9960	<color=#ff8d1e>100% rate in S-Rank pool</color>	Assets/Product/Texture/Image/UiDrawLog/UiDrawLog22.png	Assets/Product/Texture/Image/UiDrawLog/UiDrawLog23.png	Rate in S-Rank pool:	100%									
8552	9950	<color=#ff8d1e>100% rate in S-Rank pool</color>	Assets/Product/Texture/Image/UiDrawLog/UiDrawLog22.png	Assets/Product/Texture/Image/UiDrawLog/UiDrawLog23.png	Rate in S-Rank pool:	100%									
8553	9940	<color=#ff8d1e>100% rate in S-Rank pool</color>	Assets/Product/Texture/Image/UiDrawLog/UiDrawLog22.png	Assets/Product/Texture/Image/UiDrawLog/UiDrawLog23.png	Rate in S-Rank pool:	100%									
8554	9930	<color=#ff8d1e>100% rate in S-Rank pool</color>	Assets/Product/Texture/Image/UiDrawLog/UiDrawLog22.png	Assets/Product/Texture/Image/UiDrawLog/UiDrawLog23.png	Rate in S-Rank pool:	100%									
8555	9920	<color=#ff8d1e>100% rate in S-Rank pool</color>	Assets/Product/Texture/Image/UiDrawLog/UiDrawLog22.png	Assets/Product/Texture/Image/UiDrawLog/UiDrawLog23.png	Rate in S-Rank pool:	100%									
8556	9910	<color=#ff8d1e>100% rate in S-Rank pool</color>	Assets/Product/Texture/Image/UiDrawLog/UiDrawLog22.png	Assets/Product/Texture/Image/UiDrawLog/UiDrawLog23.png	Rate in S-Rank pool:	100%									
8557	9900	<color=#ff8d1e>100% rate in S-Rank pool</color>	Assets/Product/Texture/Image/UiDrawLog/UiDrawLog22.png	Assets/Product/Texture/Image/UiDrawLog/UiDrawLog23.png	Rate in S-Rank pool:	100%									
8558	9890	<color=#ff8d1e>100% rate in S-Rank pool</color>	Assets/Product/Texture/Image/UiDrawLog/UiDrawLog22.png	Assets/Product/Texture/Image/UiDrawLog/UiDrawLog23.png	Rate in S-Rank pool:	100%									
8559	9880	<color=#ff8d1e>100% rate in S-Rank pool</color>	Assets/Product/Texture/Image/UiDrawLog/UiDrawLog22.png	Assets/Product/Texture/Image/UiDrawLog/UiDrawLog23.png	Rate in S-Rank pool:	100%									
8560	9870	<color=#ff8d1e>100% rate in S-Rank pool</color>	Assets/Product/Texture/Image/UiDrawLog/UiDrawLog22.png	Assets/Product/Texture/Image/UiDrawLog/UiDrawLog23.png	Rate in S-Rank pool:	100%									
8561	9860	<color=#ff8d1e>100% rate in S-Rank pool</color>	Assets/Product/Texture/Image/UiDrawLog/UiDrawLog22.png	Assets/Product/Texture/Image/UiDrawLog/UiDrawLog23.png	Rate in S-Rank pool:	100%									
8562	9850	<color=#ff8d1e>100% rate in S-Rank pool</color>	Assets/Product/Texture/Image/UiDrawLog/UiDrawLog22.png	Assets/Product/Texture/Image/UiDrawLog/UiDrawLog23.png	Rate in S-Rank pool:	100%									
8563	9840	<color=#ff8d1e>100% rate in S-Rank pool</color>	Assets/Product/Texture/Image/UiDrawLog/UiDrawLog22.png	Assets/Product/Texture/Image/UiDrawLog/UiDrawLog23.png	Rate in S-Rank pool:	100%									
8564	9830	<color=#ff8d1e>100% rate in S-Rank pool</color>	Assets/Product/Texture/Image/UiDrawLog/UiDrawLog22.png	Assets/Product/Texture/Image/UiDrawLog/UiDrawLog23.png	Rate in S-Rank pool:	100%									
8565	9820	<color=#ff8d1e>100% rate in S-Rank pool</color>	Assets/Product/Texture/Image/UiDrawLog/UiDrawLog22.png	Assets/Product/Texture/Image/UiDrawLog/UiDrawLog23.png	Rate in S-Rank pool:	100%									
8566	9810	<color=#ff8d1e>100% rate in S-Rank pool</color>	Assets/Product/Texture/Image/UiDrawLog/UiDrawLog22.png	Assets/Product/Texture/Image/UiDrawLog/UiDrawLog23.png	Rate in S-Rank pool:	100%									
8567	9800	<color=#ff8d1e>100% rate in S-Rank pool</color>	Assets/Product/Texture/Image/UiDrawLog/UiDrawLog22.png	Assets/Product/Texture/Image/UiDrawLog/UiDrawLog23.png	Rate in S-Rank pool:	100%									
8568	9790	<color=#ff8d1e>100% rate in S-Rank pool</color>	Assets/Product/Texture/Image/UiDrawLog/UiDrawLog22.png	Assets/Product/Texture/Image/UiDrawLog/UiDrawLog23.png	Rate in S-Rank pool:	100%									
8569	9780	<color=#ff8d1e>100% rate in S-Rank pool</color>	Assets/Product/Texture/Image/UiDrawLog/UiDrawLog22.png	Assets/Product/Texture/Image/UiDrawLog/UiDrawLog23.png	Rate in S-Rank pool:	100%									
8570	9770	<color=#ff8d1e>100% rate in S-Rank pool</color>	Assets/Product/Texture/Image/UiDrawLog/UiDrawLog22.png	Assets/Product/Texture/Image/UiDrawLog/UiDrawLog23.png	Rate in S-Rank pool:	100%									
8571	9760	<color=#ff8d1e>100% rate in S-Rank pool</color>	Assets/Product/Texture/Image/UiDrawLog/UiDrawLog22.png	Assets/Product/Texture/Image/UiDrawLog/UiDrawLog23.png	Rate in S-Rank pool:	100%									
8572	9750	<color=#ff8d1e>100% rate in S-Rank pool</color>	Assets/Product/Texture/Image/UiDrawLog/UiDrawLog22.png	Assets/Product/Texture/Image/UiDrawLog/UiDrawLog23.png	Rate in S-Rank pool:	100%									
8573	10000	<color=#ff8d1e>100% rate in S-Rank pool</color>	Assets/Product/Texture/Image/UiDrawLog/UiDrawLog22.png	Assets/Product/Texture/Image/UiDrawLog/UiDrawLog23.png	Rate in S-Rank pool:	100%									
8574	9990	<color=#ff8d1e>100% rate in S-Rank pool</color>	Assets/Product/Texture/Image/UiDrawLog/UiDrawLog22.png	Assets/Product/Texture/Image/UiDrawLog/UiDrawLog23.png	Rate in S-Rank pool:	100%									
8575	9980	<color=#ff8d1e>100% rate in S-Rank pool</color>	Assets/Product/Texture/Image/UiDrawLog/UiDrawLog22.png	Assets/Product/Texture/Image/UiDrawLog/UiDrawLog23.png	Rate in S-Rank pool:	100%									
8576	9970	<color=#ff8d1e>100% rate in S-Rank pool</color>	Assets/Product/Texture/Image/UiDrawLog/UiDrawLog22.png	Assets/Product/Texture/Image/UiDrawLog/UiDrawLog23.png	Rate in S-Rank pool:	100%									
8577	9960	<color=#ff8d1e>100% rate in S-Rank pool</color>	Assets/Product/Texture/Image/UiDrawLog/UiDrawLog22.png	Assets/Product/Texture/Image/UiDrawLog/UiDrawLog23.png	Rate in S-Rank pool:	100%									
8578	9950	<color=#ff8d1e>100% rate in S-Rank pool</color>	Assets/Product/Texture/Image/UiDrawLog/UiDrawLog22.png	Assets/Product/Texture/Image/UiDrawLog/UiDrawLog23.png	Rate in S-Rank pool:	100%									
8579	9940	<color=#ff8d1e>100% rate in S-Rank pool</color>	Assets/Product/Texture/Image/UiDrawLog/UiDrawLog22.png	Assets/Product/Texture/Image/UiDrawLog/UiDrawLog23.png	Rate in S-Rank pool:	100%									
8580	9930	<color=#ff8d1e>100% rate in S-Rank pool</color>	Assets/Product/Texture/Image/UiDrawLog/UiDrawLog22.png	Assets/Product/Texture/Image/UiDrawLog/UiDrawLog23.png	Rate in S-Rank pool:	100%									
8581	9920	<color=#ff8d1e>100% rate in S-Rank pool</color>	Assets/Product/Texture/Image/UiDrawLog/UiDrawLog22.png	Assets/Product/Texture/Image/UiDrawLog/UiDrawLog23.png	Rate in S-Rank pool:	100%									
8582	9910	<color=#ff8d1e>100% rate in S-Rank pool</color>	Assets/Product/Texture/Image/UiDrawLog/UiDrawLog22.png	Assets/Product/Texture/Image/UiDrawLog/UiDrawLog23.png	Rate in S-Rank pool:	100%									
8583	9900	<color=#ff8d1e>100% rate in S-Rank pool</color>	Assets/Product/Texture/Image/UiDrawLog/UiDrawLog22.png	Assets/Product/Texture/Image/UiDrawLog/UiDrawLog23.png	Rate in S-Rank pool:	100%									
8584	9890	<color=#ff8d1e>100% rate in S-Rank pool</color>	Assets/Product/Texture/Image/UiDrawLog/UiDrawLog22.png	Assets/Product/Texture/Image/UiDrawLog/UiDrawLog23.png	Rate in S-Rank pool:	100%									
8585	9880	<color=#ff8d1e>100% rate in S-Rank pool</color>	Assets/Product/Texture/Image/UiDrawLog/UiDrawLog22.png	Assets/Product/Texture/Image/UiDrawLog/UiDrawLog23.png	Rate in S-Rank pool:	100%									
8586	9870	<color=#ff8d1e>100% rate in S-Rank pool</color>	Assets/Product/Texture/Image/UiDrawLog/UiDrawLog22.png	Assets/Product/Texture/Image/UiDrawLog/UiDrawLog23.png	Rate in S-Rank pool:	100%									
8587	9860	<color=#ff8d1e>100% rate in S-Rank pool</color>	Assets/Product/Texture/Image/UiDrawLog/UiDrawLog22.png	Assets/Product/Texture/Image/UiDrawLog/UiDrawLog23.png	Rate in S-Rank pool:	100%									
8588	9850	<color=#ff8d1e>100% rate in S-Rank pool</color>	Assets/Product/Texture/Image/UiDrawLog/UiDrawLog22.png	Assets/Product/Texture/Image/UiDrawLog/UiDrawLog23.png	Rate in S-Rank pool:	100%									
8589	9840	<color=#ff8d1e>100% rate in S-Rank pool</color>	Assets/Product/Texture/Image/UiDrawLog/UiDrawLog22.png	Assets/Product/Texture/Image/UiDrawLog/UiDrawLog23.png	Rate in S-Rank pool:	100%									
8590	9830	<color=#ff8d1e>100% rate in S-Rank pool</color>	Assets/Product/Texture/Image/UiDrawLog/UiDrawLog22.png	Assets/Product/Texture/Image/UiDrawLog/UiDrawLog23.png	Rate in S-Rank pool:	100%									
8591	9820	<color=#ff8d1e>100% rate in S-Rank pool</color>	Assets/Product/Texture/Image/UiDrawLog/UiDrawLog22.png	Assets/Product/Texture/Image/UiDrawLog/UiDrawLog23.png	Rate in S-Rank pool:	100%									
8592	9810	<color=#ff8d1e>100% rate in S-Rank pool</color>	Assets/Product/Texture/Image/UiDrawLog/UiDrawLog22.png	Assets/Product/Texture/Image/UiDrawLog/UiDrawLog23.png	Rate in S-Rank pool:	100%									
8593	9800	<color=#ff8d1e>100% rate in S-Rank pool</color>	Assets/Product/Texture/Image/UiDrawLog/UiDrawLog22.png	Assets/Product/Texture/Image/UiDrawLog/UiDrawLog23.png	Rate in S-Rank pool:	100%									
8594	9790	<color=#ff8d1e>100% rate in S-Rank pool</color>	Assets/Product/Texture/Image/UiDrawLog/UiDrawLog22.png	Assets/Product/Texture/Image/UiDrawLog/UiDrawLog23.png	Rate in S-Rank pool:	100%									
8595	9780	<color=#ff8d1e>100% rate in S-Rank pool</color>	Assets/Product/Texture/Image/UiDrawLog/UiDrawLog22.png	Assets/Product/Texture/Image/UiDrawLog/UiDrawLog23.png	Rate in S-Rank pool:	100%									
8596	9770	<color=#ff8d1e>100% rate in S-Rank pool</color>	Assets/Product/Texture/Image/UiDrawLog/UiDrawLog22.png	Assets/Product/Texture/Image/UiDrawLog/UiDrawLog23.png	Rate in S-Rank pool:	100%									
8597	9760	<color=#ff8d1e>100% rate in S-Rank pool</color>	Assets/Product/Texture/Image/UiDrawLog/UiDrawLog22.png	Assets/Product/Texture/Image/UiDrawLog/UiDrawLog23.png	Rate in S-Rank pool:	100%									
8598	9750	<color=#ff8d1e>100% rate in S-Rank pool</color>	Assets/Product/Texture/Image/UiDrawLog/UiDrawLog22.png	Assets/Product/Texture/Image/UiDrawLog/UiDrawLog23.png	Rate in S-Rank pool:	100%									
8599	9740	<color=#ff8d1e>100% rate in S-Rank pool</color>	Assets/Product/Texture/Image/UiDrawLog/UiDrawLog22.png	Assets/Product/Texture/Image/UiDrawLog/UiDrawLog23.png	Rate in S-Rank pool:	100%									
8600	9730	<color=#ff8d1e>100% rate in S-Rank pool</color>	Assets/Product/Texture/Image/UiDrawLog/UiDrawLog22.png	Assets/Product/Texture/Image/UiDrawLog/UiDrawLog23.png	Rate in S-Rank pool:	100%									
8601	9720	<color=#ff8d1e>100% rate in S-Rank pool</color>	Assets/Product/Texture/Image/UiDrawLog/UiDrawLog22.png	Assets/Product/Texture/Image/UiDrawLog/UiDrawLog23.png	Rate in S-Rank pool:	100%									
8602	9710	<color=#ff8d1e>100% rate in S-Rank pool</color>	Assets/Product/Texture/Image/UiDrawLog/UiDrawLog22.png	Assets/Product/Texture/Image/UiDrawLog/UiDrawLog23.png	Rate in S-Rank pool:	100%									
8603	9700	<color=#ff8d1e>100% rate in S-Rank pool</color>	Assets/Product/Texture/Image/UiDrawLog/UiDrawLog22.png	Assets/Product/Texture/Image/UiDrawLog/UiDrawLog23.png	Rate in S-Rank pool:	100%									
8604	9690	<color=#ff8d1e>100% rate in S-Rank pool</color>	Assets/Product/Texture/Image/UiDrawLog/UiDrawLog22.png	Assets/Product/Texture/Image/UiDrawLog/UiDrawLog23.png	Rate in S-Rank pool:	100%									
8605	9680	<color=#ff8d1e>100% rate in S-Rank pool</color>	Assets/Product/Texture/Image/UiDrawLog/UiDrawLog22.png	Assets/Product/Texture/Image/UiDrawLog/UiDrawLog23.png	Rate in S-Rank pool:	100%									
8606	10000	<color=#ff8d1e>100% rate in S-Rank pool</color>	Assets/Product/Texture/Image/UiDrawLog/UiDrawLog22.png	Assets/Product/Texture/Image/UiDrawLog/UiDrawLog23.png	Rate in S-Rank pool:	100%									
8607	9900	<color=#ff8d1e>100% rate in S-Rank pool</color>	Assets/Product/Texture/Image/UiDrawLog/UiDrawLog22.png	Assets/Product/Texture/Image/UiDrawLog/UiDrawLog23.png	Rate in S-Rank pool:	100%									
8608	9800	<color=#ff8d1e>100% rate in S-Rank pool</color>	Assets/Product/Texture/Image/UiDrawLog/UiDrawLog22.png	Assets/Product/Texture/Image/UiDrawLog/UiDrawLog23.png	Rate in S-Rank pool:	100%									
8609	9700	<color=#ff8d1e>100% rate in S-Rank pool</color>	Assets/Product/Texture/Image/UiDrawLog/UiDrawLog22.png	Assets/Product/Texture/Image/UiDrawLog/UiDrawLog23.png	Rate in S-Rank pool:	100%									
8610	9600	<color=#ff8d1e>100% rate in S-Rank pool</color>	Assets/Product/Texture/Image/UiDrawLog/UiDrawLog22.png	Assets/Product/Texture/Image/UiDrawLog/UiDrawLog23.png	Rate in S-Rank pool:	100%									
8611	9500	<color=#ff8d1e>100% rate in S-Rank pool</color>	Assets/Product/Texture/Image/UiDrawLog/UiDrawLog22.png	Assets/Product/Texture/Image/UiDrawLog/UiDrawLog23.png	Rate in S-Rank pool:	100%									
8612	9400	<color=#ff8d1e>100% rate in S-Rank pool</color>	Assets/Product/Texture/Image/UiDrawLog/UiDrawLog22.png	Assets/Product/Texture/Image/UiDrawLog/UiDrawLog23.png	Rate in S-Rank pool:	100%									
8613	9300	<color=#ff8d1e>100% rate in S-Rank pool</color>	Assets/Product/Texture/Image/UiDrawLog/UiDrawLog22.png	Assets/Product/Texture/Image/UiDrawLog/UiDrawLog23.png	Rate in S-Rank pool:	100%									
8614	9200	<color=#ff8d1e>100% rate in S-Rank pool</color>	Assets/Product/Texture/Image/UiDrawLog/UiDrawLog22.png	Assets/Product/Texture/Image/UiDrawLog/UiDrawLog23.png	Rate in S-Rank pool:	100%									
8615	9100	<color=#ff8d1e>100% rate in S-Rank pool</color>	Assets/Product/Texture/Image/UiDrawLog/UiDrawLog22.png	Assets/Product/Texture/Image/UiDrawLog/UiDrawLog23.png	Rate in S-Rank pool:	100%									
8616	9000	<color=#ff8d1e>100% rate in S-Rank pool</color>	Assets/Product/Texture/Image/UiDrawLog/UiDrawLog22.png	Assets/Product/Texture/Image/UiDrawLog/UiDrawLog23.png	Rate in S-Rank pool:	100%									
8617	8900	<color=#ff8d1e>100% rate in S-Rank pool</color>	Assets/Product/Texture/Image/UiDrawLog/UiDrawLog22.png	Assets/Product/Texture/Image/UiDrawLog/UiDrawLog23.png	Rate in S-Rank pool:	100%									
8618	8800	<color=#ff8d1e>100% rate in S-Rank pool</color>	Assets/Product/Texture/Image/UiDrawLog/UiDrawLog22.png	Assets/Product/Texture/Image/UiDrawLog/UiDrawLog23.png	Rate in S-Rank pool:	100%									
8619	8700	<color=#ff8d1e>100% rate in S-Rank pool</color>	Assets/Product/Texture/Image/UiDrawLog/UiDrawLog22.png	Assets/Product/Texture/Image/UiDrawLog/UiDrawLog23.png	Rate in S-Rank pool:	100%									
8620	8600	<color=#ff8d1e>100% rate in S-Rank pool</color>	Assets/Product/Texture/Image/UiDrawLog/UiDrawLog22.png	Assets/Product/Texture/Image/UiDrawLog/UiDrawLog23.png	Rate in S-Rank pool:	100%									
8621	8500	<color=#ff8d1e>100% rate in S-Rank pool</color>	Assets/Product/Texture/Image/UiDrawLog/UiDrawLog22.png	Assets/Product/Texture/Image/UiDrawLog/UiDrawLog23.png	Rate in S-Rank pool:	100%									
8622	8400	<color=#ff8d1e>100% rate in S-Rank pool</color>	Assets/Product/Texture/Image/UiDrawLog/UiDrawLog22.png	Assets/Product/Texture/Image/UiDrawLog/UiDrawLog23.png	Rate in S-Rank pool:	100%									
8623	8300	<color=#ff8d1e>100% rate in S-Rank pool</color>	Assets/Product/Texture/Image/UiDrawLog/UiDrawLog22.png	Assets/Product/Texture/Image/UiDrawLog/UiDrawLog23.png	Rate in S-Rank pool:	100%									
8624	8200	<color=#ff8d1e>100% rate in S-Rank pool</color>	Assets/Product/Texture/Image/UiDrawLog/UiDrawLog22.png	Assets/Product/Texture/Image/UiDrawLog/UiDrawLog23.png	Rate in S-Rank pool:	100%									
8625	8100	<color=#ff8d1e>100% rate in S-Rank pool</color>	Assets/Product/Texture/Image/UiDrawLog/UiDrawLog22.png	Assets/Product/Texture/Image/UiDrawLog/UiDrawLog23.png	Rate in S-Rank pool:	100%									
8626	8000	<color=#ff8d1e>100% rate in S-Rank pool</color>	Assets/Product/Texture/Image/UiDrawLog/UiDrawLog22.png	Assets/Product/Texture/Image/UiDrawLog/UiDrawLog23.png	Rate in S-Rank pool:	100%									
8627	7900	<color=#ff8d1e>100% rate in S-Rank pool</color>	Assets/Product/Texture/Image/UiDrawLog/UiDrawLog22.png	Assets/Product/Texture/Image/UiDrawLog/UiDrawLog23.png	Rate in S-Rank pool:	100%									
8628	7800	<color=#ff8d1e>100% rate in S-Rank pool</color>	Assets/Product/Texture/Image/UiDrawLog/UiDrawLog22.png	Assets/Product/Texture/Image/UiDrawLog/UiDrawLog23.png	Rate in S-Rank pool:	100%									
8629	7700	<color=#ff8d1e>100% rate in S-Rank pool</color>	Assets/Product/Texture/Image/UiDrawLog/UiDrawLog22.png	Assets/Product/Texture/Image/UiDrawLog/UiDrawLog23.png	Rate in S-Rank pool:	100%									
8630	7600	<color=#ff8d1e>100% rate in S-Rank pool</color>	Assets/Product/Texture/Image/UiDrawLog/UiDrawLog22.png	Assets/Product/Texture/Image/UiDrawLog/UiDrawLog23.png	Rate in S-Rank pool:	100%									
8631	7500	<color=#ff8d1e>100% rate in S-Rank pool</color>	Assets/Product/Texture/Image/UiDrawLog/UiDrawLog22.png	Assets/Product/Texture/Image/UiDrawLog/UiDrawLog23.png	Rate in S-Rank pool:	100%									
8632	7400	<color=#ff8d1e>100% rate in S-Rank pool</color>	Assets/Product/Texture/Image/UiDrawLog/UiDrawLog22.png	Assets/Product/Texture/Image/UiDrawLog/UiDrawLog23.png	Rate in S-Rank pool:	100%									
8633	7300	<color=#ff8d1e>100% rate in S-Rank pool</color>	Assets/Product/Texture/Image/UiDrawLog/UiDrawLog22.png	Assets/Product/Texture/Image/UiDrawLog/UiDrawLog23.png	Rate in S-Rank pool:	100%									
8634	7200	<color=#ff8d1e>100% rate in S-Rank pool</color>	Assets/Product/Texture/Image/UiDrawLog/UiDrawLog22.png	Assets/Product/Texture/Image/UiDrawLog/UiDrawLog23.png	Rate in S-Rank pool:	100%									
8635	7100	<color=#ff8d1e>100% rate in S-Rank pool</color>	Assets/Product/Texture/Image/UiDrawLog/UiDrawLog22.png	Assets/Product/Texture/Image/UiDrawLog/UiDrawLog23.png	Rate in S-Rank pool:	100%									
8636	7000	<color=#ff8d1e>100% rate in S-Rank pool</color>	Assets/Product/Texture/Image/UiDrawLog/UiDrawLog22.png	Assets/Product/Texture/Image/UiDrawLog/UiDrawLog23.png	Rate in S-Rank pool:	100%									
8637	6900	<color=#ff8d1e>100% rate in S-Rank pool</color>	Assets/Product/Texture/Image/UiDrawLog/UiDrawLog22.png	Assets/Product/Texture/Image/UiDrawLog/UiDrawLog23.png	Rate in S-Rank pool:	100%									
8638	6800	<color=#ff8d1e>100% rate in S-Rank pool</color>	Assets/Product/Texture/Image/UiDrawLog/UiDrawLog22.png	Assets/Product/Texture/Image/UiDrawLog/UiDrawLog23.png	Rate in S-Rank pool:	100%									
8639	6700	<color=#ff8d1e>100% rate in S-Rank pool</color>	Assets/Product/Texture/Image/UiDrawLog/UiDrawLog22.png	Assets/Product/Texture/Image/UiDrawLog/UiDrawLog23.png	Rate in S-Rank pool:	100%									
8640	6600	<color=#ff8d1e>100% rate in S-Rank pool</color>	Assets/Product/Texture/Image/UiDrawLog/UiDrawLog22.png	Assets/Product/Texture/Image/UiDrawLog/UiDrawLog23.png	Rate in S-Rank pool:	100%									
8641	6500	<color=#ff8d1e>100% rate in S-Rank pool</color>	Assets/Product/Texture/Image/UiDrawLog/UiDrawLog22.png	Assets/Product/Texture/Image/UiDrawLog/UiDrawLog23.png	Rate in S-Rank pool:	100%									
8642	6400	<color=#ff8d1e>100% rate in S-Rank pool</color>	Assets/Product/Texture/Image/UiDrawLog/UiDrawLog22.png	Assets/Product/Texture/Image/UiDrawLog/UiDrawLog23.png	Rate in S-Rank pool:	100%									
8643	6300	<color=#ff8d1e>100% rate in S-Rank pool</color>	Assets/Product/Texture/Image/UiDrawLog/UiDrawLog22.png	Assets/Product/Texture/Image/UiDrawLog/UiDrawLog23.png	Rate in S-Rank pool:	100%									
2043	10000	<color=#26bbf9>100% rate in S-Rank pool</color>													
1049	10000	<color=#26bbf9>100% rate in S-Rank pool</color>													
2022	10000	<color=#26bbf9>70% rate in S-Rank pool</color>													
2023	9990	<color=#26bbf9>70% rate in S-Rank pool</color>													
100200	9920	<color=#26bbf9>70% rate in S-Rank pool</color>													
1028	10000	<color=#26bbf9>70% rate in S-Rank pool</color>													
1029	9990	<color=#26bbf9>70% rate in S-Rank pool</color>													
100100	9920	<color=#26bbf9>70% rate in S-Rank pool</color>													
100300	9910	<color=#26bbf9>70% rate in S-Rank pool</color>													
100400	9910	<color=#26bbf9>70% rate in S-Rank pool</color>													
100500	9900	<color=#26bbf9>70% rate in S-Rank pool</color>													
101800	9890	<color=#26bbf9>70% rate in S-Rank pool</color>													
101900	9880	<color=#26bbf9>70% rate in S-Rank pool</color>													
102000	9870	<color=#26bbf9>70% rate in S-Rank pool</color>													
102100	9860	<color=#26bbf9>70% rate in S-Rank pool</color>													
102200	9850	<color=#26bbf9>70% rate in S-Rank pool</color>													
102300	9840	<color=#26bbf9>70% rate in S-Rank pool</color>													
102400	9830	<color=#26bbf9>70% rate in S-Rank pool</color>													
102500	9820	<color=#26bbf9>70% rate in S-Rank pool</color>													
102600	9810	<color=#26bbf9>70% rate in S-Rank pool</color>													
102700	9800	<color=#26bbf9>70% rate in S-Rank pool</color>													
102800	9790	<color=#26bbf9>70% rate in S-Rank pool</color>													
102900	9780	<color=#26bbf9>70% rate in S-Rank pool</color>													
101000	9770	<color=#26bbf9>70% rate in S-Rank pool</color>													
101500	9760	<color=#26bbf9>70% rate in S-Rank pool</color>													
103000	9750	<color=#26bbf9>100% rate in S-Rank pool</color>													
103100	9740	<color=#26bbf9>100% rate in S-Rank pool</color>													
103200	9730	<color=#26bbf9>70% rate in S-Rank pool</color>													
103300	9720	<color=#26bbf9>70% rate in S-Rank pool</color>													
103400	9710	<color=#26bbf9>70% rate in S-Rank pool</color>													
103500	9700	<color=#26bbf9>70% rate in S-Rank pool</color>													
103600	9690	<color=#26bbf9>70% rate in S-Rank pool</color>													
103700	9680	<color=#26bbf9>70% rate in S-Rank pool</color>													
103800	9670	<color=#26bbf9>70% rate in S-Rank pool</color>													
103900	9660	<color=#26bbf9>70% rate in S-Rank pool</color>													
104000	9650	<color=#26bbf9>70% rate in S-Rank pool</color>													
104100	9640	<color=#26bbf9>70% rate in S-Rank pool</color>													
104200	9630	<color=#26bbf9>70% rate in S-Rank pool</color>													
104300	9620	<color=#26bbf9>70% rate in S-Rank pool</color>													
104400	9610	<color=#26bbf9>70% rate in S-Rank pool</color>													
104500	9600	<color=#26bbf9>70% rate in S-Rank pool</color>													
104600	9590	<color=#26bbf9>70% rate in S-Rank pool</color>													
104700	9580	<color=#26bbf9>70% rate in S-Rank pool</color>													
104800	9570	<color=#26bbf9>70% rate in S-Rank pool</color>													
104900	9560	<color=#26bbf9>70% rate in S-Rank pool</color>													
105000	9550	<color=#26bbf9>70% rate in S-Rank pool</color>													
105100	9540	<color=#26bbf9>70% rate in S-Rank pool</color>													
105200	9530	<color=#26bbf9>70% rate in S-Rank pool</color>													
105300	9520	<color=#26bbf9>70% rate in S-Rank pool</color>													
105400	9510	<color=#26bbf9>70% rate in S-Rank pool</color>													
105500	9500	<color=#26bbf9>70% rate in S-Rank pool</color>													
105600	9490	<color=#26bbf9>70% rate in S-Rank pool</color>													
105700	9480	<color=#26bbf9>70% rate in S-Rank pool</color>													
105800	9470	<color=#26bbf9>70% rate in S-Rank pool</color>													
105900	9460	<color=#26bbf9>70% rate in S-Rank pool</color>													
106000	9450	<color=#26bbf9>70% rate in S-Rank pool</color>													
106100	9440	<color=#26bbf9>70% rate in S-Rank pool</color>													
106200	9430	<color=#26bbf9>70% rate in S-Rank pool</color>													
106300	9420	<color=#26bbf9>70% rate in S-Rank pool</color>													
106400	9410	<color=#26bbf9>100% rate in S-Rank pool</color>													
106500	9400	<color=#26bbf9>100% rate in S-Rank pool</color>													
106600	9390	<color=#26bbf9>70% rate in S-Rank pool</color>													
106700	9380	<color=#26bbf9>70% rate in S-Rank pool</color>													
106800	9370	<color=#26bbf9>70% rate in S-Rank pool</color>													
106900	9360	<color=#26bbf9>70% rate in S-Rank pool</color>													
107000	9350	<color=#26bbf9>70% rate in S-Rank pool</color>													
107100	9340	<color=#26bbf9>70% rate in S-Rank pool</color>													
107200	9330	<color=#26bbf9>70% rate in S-Rank pool</color>													
107300	9320	<color=#26bbf9>70% rate in S-Rank pool</color>													
107400	9310	<color=#26bbf9>70% rate in S-Rank pool</color>													
107500	9300	<color=#26bbf9>70% rate in S-Rank pool</color>													
107600	9290	<color=#26bbf9>70% rate in S-Rank pool</color>													
107700	9280	<color=#26bbf9>70% rate in S-Rank pool</color>													
107800	9270	<color=#26bbf9>70% rate in S-Rank pool</color>													
107900	9260	<color=#26bbf9>70% rate in S-Rank pool</color>													
108000	9250	<color=#26bbf9>70% rate in S-Rank pool</color>													
108100	9240	<color=#26bbf9>70% rate in S-Rank pool</color>													
108200	9230	<color=#26bbf9>70% rate in S-Rank pool</color>													
108300	9220	<color=#26bbf9>70% rate in S-Rank pool</color>													
108400	9210	<color=#26bbf9>70% rate in S-Rank pool</color>													
108500	9200	<color=#26bbf9>70% rate in S-Rank pool</color>													
108600	9190	<color=#26bbf9>70% rate in S-Rank pool</color>													
108700	9180	<color=#26bbf9>70% rate in S-Rank pool</color>													
108800	9170	<color=#26bbf9>70% rate in S-Rank pool</color>													
108900	9160	<color=#26bbf9>70% rate in S-Rank pool</color>													
109000	9150	<color=#26bbf9>70% rate in S-Rank pool</color>													
109100	9140	<color=#26bbf9>70% rate in S-Rank pool</color>													
109200	9130	<color=#26bbf9>70% rate in S-Rank pool</color>													
109300	9120	<color=#26bbf9>70% rate in S-Rank pool</color>													
109400	9110	<color=#26bbf9>70% rate in S-Rank pool</color>													
109500	9100	<color=#26bbf9>70% rate in S-Rank pool</color>													
109600	9090	<color=#26bbf9>70% rate in S-Rank pool</color>													
109700	9080	<color=#26bbf9>70% rate in S-Rank pool</color>													
109800	8780	<color=#26bbf9>Increase chance to obtain an S-rank by 70%</color>													
109900	8770	<color=#26bbf9>Increase chance to obtain an S-rank by 70%</color>													
110000	8760	<color=#26bbf9>Increase chance to obtain an S-rank by 70%</color>													
110100	8750	<color=#26bbf9>Increase chance to obtain an S-rank by 70%</color>													
110200	8740	<color=#26bbf9>Increase chance to obtain an S-rank by 70%</color>													
110300	8730	<color=#26bbf9>Increase chance to obtain an S-rank by 70%</color>													
110400	8720	<color=#26bbf9>Increase chance to obtain an S-rank by 70%</color>													
110500	8710	<color=#26bbf9>Increase chance to obtain an S-rank by 70%</color>													
110600	8700	<color=#26bbf9>Increase chance to obtain an S-rank by 70%</color>													
110700	8690	<color=#26bbf9>Increase chance to obtain an S-rank by 70%</color>													
110800	8680	<color=#26bbf9>Increase chance to obtain an S-rank by 70%</color>													
110900	8670	<color=#26bbf9>Increase chance to obtain an S-rank by 70%</color>													
111000	8660	<color=#26bbf9>Increase chance to obtain an S-rank by 70%</color>													
111100	8650	<color=#26bbf9>Increase chance to obtain an S-rank by 70%</color>													
111200	8640	<color=#26bbf9>Increase chance to obtain an S-rank by 70%</color>													
111300	8630	<color=#26bbf9>Increase chance to obtain an S-rank by 70%</color>													
111400	8620	<color=#26bbf9>Increase chance to obtain an S-rank by 70%</color>													
111500	8610	<color=#26bbf9>Increase chance to obtain an S-rank by 70%</color>													
111600	8600	<color=#26bbf9>70% rate in S-Rank pool</color>													
111700	8590	<color=#26bbf9>70% rate in S-Rank pool</color>													
111800	8580	<color=#26bbf9>70% rate in S-Rank pool</color>													
111900	8570	<color=#26bbf9>70% rate in S-Rank pool</color>													
112000	8560	<color=#26bbf9>70% rate in S-Rank pool</color>													
112100	8550	<color=#26bbf9>70% rate in S-Rank pool</color>													
112200	8540	<color=#26bbf9>70% rate in S-Rank pool</color>													
112300	8530	<color=#26bbf9>70% rate in S-Rank pool</color>													
112400	8520	<color=#26bbf9>70% rate in S-Rank pool</color>													
112500	8510	<color=#26bbf9>70% rate in S-Rank pool</color>													
112600	8500	<color=#26bbf9>70% rate in S-Rank pool</color>													
112700	8490	<color=#26bbf9>70% rate in S-Rank pool</color>													
112800	8480	<color=#26bbf9>70% rate in S-Rank pool</color>													
112900	8470	<color=#26bbf9>70% rate in S-Rank pool</color>													
113000	8460	<color=#26bbf9>70% rate in S-Rank pool</color>													
113100	8450	<color=#26bbf9>70% rate in S-Rank pool</color>													
113200	8440	<color=#26bbf9>70% rate in S-Rank pool</color>													
113300	8430	<color=#26bbf9>70% rate in S-Rank pool</color>													
113400	8420	<color=#26bbf9>70% rate in S-Rank pool</color>													
113500	8410	<color=#26bbf9>70% rate in S-Rank pool</color>													
113600	8400	<color=#26bbf9>70% rate in S-Rank pool</color>													
113700	8390	<color=#26bbf9>70% rate in S-Rank pool</color>													
113800	8380	<color=#26bbf9>70% rate in S-Rank pool</color>													
113900	8370	<color=#26bbf9>70% rate in S-Rank pool</color>													
114000	8360	<color=#26bbf9>70% rate in S-Rank pool</color>													
114100	8350	<color=#26bbf9>70% rate in S-Rank pool</color>													
114200	8340	<color=#26bbf9>70% rate in S-Rank pool</color>													
114300	8330	<color=#26bbf9>70% rate in S-Rank pool</color>													
114400	8320	<color=#26bbf9>70% rate in S-Rank pool</color>													
114500	8310	<color=#26bbf9>70% rate in S-Rank pool</color>													
114600	8300	<color=#26bbf9>70% rate in S-Rank pool</color>													
114700	8290	<color=#26bbf9>70% rate in S-Rank pool</color>													
114800	8280	<color=#26bbf9>70% rate in S-Rank pool</color>													
114900	8270	<color=#26bbf9>70% rate in S-Rank pool</color>													
115000	8260	<color=#26bbf9>70% rate in S-Rank pool</color>													
115100	8250	<color=#26bbf9>70% rate in S-Rank pool</color>													
115200	8240	<color=#26bbf9>70% rate in S-Rank pool</color>													
115300	8230	<color=#26bbf9>70% rate in S-Rank pool</color>													
115400	8220	<color=#26bbf9>70% rate in S-Rank pool</color>													
115500	8210	<color=#26bbf9>70% rate in S-Rank pool</color>													
115600	8200	<color=#26bbf9>70% rate in S-Rank pool</color>													
115700	8190	<color=#26bbf9>70% rate in S-Rank pool</color>													
115800	8180	<color=#26bbf9>70% rate in S-Rank pool</color>													
115900	8170	<color=#26bbf9>70% rate in S-Rank pool</color>													
116000	8160	<color=#26bbf9>70% rate in S-Rank pool</color>													
116100	8150	<color=#26bbf9>70% rate in S-Rank pool</color>													
116200	8140	<color=#26bbf9>70% rate in S-Rank pool</color>													
116300	8130	<color=#26bbf9>70% rate in S-Rank pool</color>													
116400	8120	<color=#26bbf9>70% rate in S-Rank pool</color>													
116500	8110	<color=#26bbf9>70% rate in S-Rank pool</color>													
116600	8100	<color=#26bbf9>70% rate in S-Rank pool</color>													
116700	8090	<color=#26bbf9>70% rate in S-Rank pool</color>													
116800	8080	<color=#26bbf9>70% rate in S-Rank pool</color>													
116900	8070	<color=#26bbf9>70% rate in S-Rank pool</color>													
117000	8060	<color=#26bbf9>70% rate in S-Rank pool</color>													
117100	8050	<color=#26bbf9>70% rate in S-Rank pool</color>													
117200	8040	<color=#26bbf9>70% rate in S-Rank pool</color>													
117300	8030	<color=#26bbf9>70% rate in S-Rank pool</color>													
117400	8020	<color=#26bbf9>70% rate in S-Rank pool</color>													
117500	8010	<color=#26bbf9>70% rate in S-Rank pool</color>													
117600	8000	<color=#26bbf9>70% rate in S-Rank pool</color>													
117700	7990	<color=#26bbf9>70% rate in S-Rank pool</color>													
117800	7980	<color=#26bbf9>70% rate in S-Rank pool</color>													
117900	7970	<color=#26bbf9>70% rate in S-Rank pool</color>													
118000	7960	<color=#26bbf9>70% rate in S-Rank pool</color>													
118100	7950	<color=#26bbf9>70% rate in S-Rank pool</color>													
118200	7940	<color=#26bbf9>70% rate in S-Rank pool</color>													
118300	7930	<color=#26bbf9>70% rate in S-Rank pool</color>													
118400	7920	<color=#26bbf9>70% rate in S-Rank pool</color>													
118500	7910	<color=#26bbf9>70% rate in S-Rank pool</color>													
118600	7900	<color=#26bbf9>70% rate in S-Rank pool</color>													
118700	7890	<color=#26bbf9>70% rate in S-Rank pool</color>													
118800	7880	<color=#26bbf9>70% rate in S-Rank pool</color>													
118900	7870	<color=#26bbf9>70% rate in S-Rank pool</color>													
119000	7860	<color=#26bbf9>70% rate in S-Rank pool</color>													
119100	7850	<color=#26bbf9>70% rate in S-Rank pool</color>													
119200	7840	<color=#26bbf9>70% rate in S-Rank pool</color>													
119300	7830	<color=#26bbf9>70% rate in S-Rank pool</color>													
119400	7820	<color=#26bbf9>70% rate in S-Rank pool</color>													
119500	7810	<color=#26bbf9>70% rate in S-Rank pool</color>													
119600	7800	<color=#26bbf9>70% rate in S-Rank pool</color>													
119700	7790	<color=#26bbf9>70% rate in S-Rank pool</color>													
119800	7780	<color=#26bbf9>70% rate in S-Rank pool</color>													
119900	7770	<color=#26bbf9>70% rate in S-Rank pool</color>													
120000	7760	<color=#26bbf9>70% rate in S-Rank pool</color>													
120100	7750	<color=#26bbf9>70% rate in S-Rank pool</color>													
120200	7740	<color=#26bbf9>70% rate in S-Rank pool</color>													
120300	7730	<color=#26bbf9>70% rate in S-Rank pool</color>													
120400	7720	<color=#26bbf9>70% rate in S-Rank pool</color>													
120500	7710	<color=#26bbf9>70% rate in S-Rank pool</color>													
120600	7700	<color=#26bbf9>70% rate in S-Rank pool</color>													
120700	7690	<color=#26bbf9>70% rate in S-Rank pool</color>													
120800	7680	<color=#26bbf9>70% rate in S-Rank pool</color>													
120900	7670	<color=#26bbf9>70% rate in S-Rank pool</color>													
121000	7660	<color=#26bbf9>70% rate in S-Rank pool</color>													
121100	7650	<color=#26bbf9>70% rate in S-Rank pool</color>													
121200	7640	<color=#26bbf9>70% rate in S-Rank pool</color>													
121300	7630	<color=#26bbf9>70% rate in S-Rank pool</color>													
121400	7620	<color=#26bbf9>70% rate in S-Rank pool</color>													
121500	7610	<color=#26bbf9>70% rate in S-Rank pool</color>													
121600	7600	<color=#26bbf9>70% rate in S-Rank pool</color>													
121700	7590	<color=#26bbf9>70% rate in S-Rank pool</color>													
121800	7580	<color=#26bbf9>70% rate in S-Rank pool</color>													
121900	7570	<color=#26bbf9>70% rate in S-Rank pool</color>													
122000	7560	<color=#26bbf9>70% rate in S-Rank pool</color>													
122100	7550	<color=#26bbf9>70% rate in S-Rank pool</color>													
122200	7540	<color=#26bbf9>70% rate in S-Rank pool</color>													
122300	7530	<color=#26bbf9>70% rate in S-Rank pool</color>													
122400	7520	<color=#26bbf9>70% rate in S-Rank pool</color>													
122500	7510	<color=#26bbf9>70% rate in S-Rank pool</color>													
122600	7500	<color=#26bbf9>70% rate in S-Rank pool</color>													
122700	7490	<color=#26bbf9>70% rate in S-Rank pool</color>													
122800	7480	<color=#26bbf9>70% rate in S-Rank pool</color>													
122900	7470	<color=#26bbf9>70% rate in S-Rank pool</color>													
123000	7460	<color=#26bbf9>70% rate in S-Rank pool</color>													
123100	7450	<color=#26bbf9>70% rate in S-Rank pool</color>													
123200	7440	<color=#26bbf9>70% rate in S-Rank pool</color>													
123300	7430	<color=#26bbf9>70% rate in S-Rank pool</color>													
123400	7420	<color=#26bbf9>70% rate in S-Rank pool</color>													
123500	7410	<color=#26bbf9>70% rate in S-Rank pool</color>													
130001	10000	<color=#26bbf9>70% rate in S-Rank pool</color>													
130002	9990	<color=#26bbf9>70% rate in S-Rank pool</color>													
130003	9980	<color=#26bbf9>70% rate in S-Rank pool</color>													
130004	9970	<color=#26bbf9>70% rate in S-Rank pool</color>													
130005	9960	<color=#26bbf9>70% rate in S-Rank pool</color>													
130006	9950	<color=#26bbf9>70% rate in S-Rank pool</color>													
130007	10000	<color=#26bbf9>70% rate in S-Rank pool</color>													
130008	9990	<color=#26bbf9>70% rate in S-Rank pool</color>													
130009	9980	<color=#26bbf9>70% rate in S-Rank pool</color>													
130010	9970	<color=#26bbf9>70% rate in S-Rank pool</color>													
130011	9960	<color=#26bbf9>70% rate in S-Rank pool</color>													
130012	9950	<color=#26bbf9>70% rate in S-Rank pool</color>													
130013	10000	<color=#26bbf9>70% rate in S-Rank pool</color>													
130014	9990	<color=#26bbf9>70% rate in S-Rank pool</color>													
130015	9980	<color=#26bbf9>70% rate in S-Rank pool</color>													
130016	9970	<color=#26bbf9>70% rate in S-Rank pool</color>													
130017	9960	<color=#26bbf9>70% rate in S-Rank pool</color>													
130018	9950	<color=#26bbf9>70% rate in S-Rank pool</color>													
130019	9940	<color=#26bbf9>70% rate in S-Rank pool</color>													
130020	9930	<color=#26bbf9>70% rate in S-Rank pool</color>													
130021	9920	<color=#26bbf9>70% rate in S-Rank pool</color>													
130022	10000	<color=#26bbf9>70% rate in S-Rank pool</color>													
130023	9990	<color=#26bbf9>70% rate in S-Rank pool</color>													
130024	9980	<color=#26bbf9>70% rate in S-Rank pool</color>													
130025	9970	<color=#26bbf9>70% rate in S-Rank pool</color>													
130026	9960	<color=#26bbf9>70% rate in S-Rank pool</color>													
130027	9950	<color=#26bbf9>70% rate in S-Rank pool</color>													
130028	9940	<color=#26bbf9>70% rate in S-Rank pool</color>													
130029	9930	<color=#26bbf9>70% rate in S-Rank pool</color>													
130030	9920	<color=#26bbf9>70% rate in S-Rank pool</color>													
130031	10000	<color=#26bbf9>70% rate in S-Rank pool</color>													
130032	9990	<color=#26bbf9>70% rate in S-Rank pool</color>													
130033	9980	<color=#26bbf9>70% rate in S-Rank pool</color>													
130034	9970	<color=#26bbf9>70% rate in S-Rank pool</color>													
130035	9960	<color=#26bbf9>70% rate in S-Rank pool</color>													
130036	9950	<color=#26bbf9>70% rate in S-Rank pool</color>													
130037	10000	<color=#26bbf9>70% rate in S-Rank pool</color>													
130038	9990	<color=#26bbf9>70% rate in S-Rank pool</color>													
130039	9980	<color=#26bbf9>70% rate in S-Rank pool</color>													
130040	9970	<color=#26bbf9>70% rate in S-Rank pool</color>													
130041	9960	<color=#26bbf9>70% rate in S-Rank pool</color>													
130042	9950	<color=#26bbf9>70% rate in S-Rank pool</color>													
130043	10000	<color=#26bbf9>70% rate in S-Rank pool</color>													
130044	9990	<color=#26bbf9>70% rate in S-Rank pool</color>													
130045	9980	<color=#26bbf9>70% rate in S-Rank pool</color>													
130046	9970	<color=#26bbf9>70% rate in S-Rank pool</color>													
130047	9960	<color=#26bbf9>70% rate in S-Rank pool</color>													
130048	9950	<color=#26bbf9>70% rate in S-Rank pool</color>													
130049	9940	<color=#26bbf9>70% rate in S-Rank pool</color>													
130050	9930	<color=#26bbf9>70% rate in S-Rank pool</color>													
130051	9920	<color=#26bbf9>70% rate in S-Rank pool</color>													
130052	10000	<color=#26bbf9>70% rate in S-Rank pool</color>													
130053	9990	<color=#26bbf9>70% rate in S-Rank pool</color>													
130054	9980	<color=#26bbf9>70% rate in S-Rank pool</color>													
130055	9970	<color=#26bbf9>70% rate in S-Rank pool</color>													
130056	9960	<color=#26bbf9>70% rate in S-Rank pool</color>													
130057	9950	<color=#26bbf9>70% rate in S-Rank pool</color>													
130058	9940	<color=#26bbf9>70% rate in S-Rank pool</color>													
130059	9930	<color=#26bbf9>70% rate in S-Rank pool</color>													
130060	9920	<color=#26bbf9>70% rate in S-Rank pool</color>													
130061	10000	<color=#26bbf9>70% rate in S-Rank pool</color>	Assets/Product/Texture/Image/UiDrawLog/UiDrawLog22.png	Assets/Product/Texture/Image/UiDrawLog/UiDrawLog23.png	Rate in S-Rank pool:	70%									
130062	9990	<color=#26bbf9>70% rate in S-Rank pool</color>	Assets/Product/Texture/Image/UiDrawLog/UiDrawLog22.png	Assets/Product/Texture/Image/UiDrawLog/UiDrawLog23.png	Rate in S-Rank pool:	70%									
130063	9980	<color=#26bbf9>70% rate in S-Rank pool</color>	Assets/Product/Texture/Image/UiDrawLog/UiDrawLog22.png	Assets/Product/Texture/Image/UiDrawLog/UiDrawLog23.png	Rate in S-Rank pool:	70%									
130064	9970	<color=#26bbf9>70% rate in S-Rank pool</color>	Assets/Product/Texture/Image/UiDrawLog/UiDrawLog22.png	Assets/Product/Texture/Image/UiDrawLog/UiDrawLog23.png	Rate in S-Rank pool:	70%									
130065	9960	<color=#26bbf9>70% rate in S-Rank pool</color>	Assets/Product/Texture/Image/UiDrawLog/UiDrawLog22.png	Assets/Product/Texture/Image/UiDrawLog/UiDrawLog23.png	Rate in S-Rank pool:	70%									
130066	9950	<color=#26bbf9>70% rate in S-Rank pool</color>	Assets/Product/Texture/Image/UiDrawLog/UiDrawLog22.png	Assets/Product/Texture/Image/UiDrawLog/UiDrawLog23.png	Rate in S-Rank pool:	70%									
130067	9940	<color=#26bbf9>70% rate in S-Rank pool</color>	Assets/Product/Texture/Image/UiDrawLog/UiDrawLog22.png	Assets/Product/Texture/Image/UiDrawLog/UiDrawLog23.png	Rate in S-Rank pool:	70%									
130068	9930	<color=#26bbf9>70% rate in S-Rank pool</color>	Assets/Product/Texture/Image/UiDrawLog/UiDrawLog22.png	Assets/Product/Texture/Image/UiDrawLog/UiDrawLog23.png	Rate in S-Rank pool:	70%									
130069	9920	<color=#26bbf9>70% rate in S-Rank pool</color>	Assets/Product/Texture/Image/UiDrawLog/UiDrawLog22.png	Assets/Product/Texture/Image/UiDrawLog/UiDrawLog23.png	Rate in S-Rank pool:	70%									
130070	10000	<color=#26bbf9>70% rate in S-Rank pool</color>	Assets/Product/Texture/Image/UiDrawLog/UiDrawLog22.png	Assets/Product/Texture/Image/UiDrawLog/UiDrawLog23.png	Rate in S-Rank pool:	70%									
130071	9990	<color=#26bbf9>70% rate in S-Rank pool</color>	Assets/Product/Texture/Image/UiDrawLog/UiDrawLog22.png	Assets/Product/Texture/Image/UiDrawLog/UiDrawLog23.png	Rate in S-Rank pool:	70%									
130072	9980	<color=#26bbf9>70% rate in S-Rank pool</color>	Assets/Product/Texture/Image/UiDrawLog/UiDrawLog22.png	Assets/Product/Texture/Image/UiDrawLog/UiDrawLog23.png	Rate in S-Rank pool:	70%									
130073	9970	<color=#26bbf9>70% rate in S-Rank pool</color>	Assets/Product/Texture/Image/UiDrawLog/UiDrawLog22.png	Assets/Product/Texture/Image/UiDrawLog/UiDrawLog23.png	Rate in S-Rank pool:	70%									
130074	9960	<color=#26bbf9>70% rate in S-Rank pool</color>	Assets/Product/Texture/Image/UiDrawLog/UiDrawLog22.png	Assets/Product/Texture/Image/UiDrawLog/UiDrawLog23.png	Rate in S-Rank pool:	70%									
130075	9950	<color=#26bbf9>70% rate in S-Rank pool</color>	Assets/Product/Texture/Image/UiDrawLog/UiDrawLog22.png	Assets/Product/Texture/Image/UiDrawLog/UiDrawLog23.png	Rate in S-Rank pool:	70%									
130076	9940	<color=#26bbf9>70% rate in S-Rank pool</color>	Assets/Product/Texture/Image/UiDrawLog/UiDrawLog22.png	Assets/Product/Texture/Image/UiDrawLog/UiDrawLog23.png	Rate in S-Rank pool:	70%									
130077	9930	<color=#26bbf9>70% rate in S-Rank pool</color>	Assets/Product/Texture/Image/UiDrawLog/UiDrawLog22.png	Assets/Product/Texture/Image/UiDrawLog/UiDrawLog23.png	Rate in S-Rank pool:	70%									
130078	9920	<color=#26bbf9>70% rate in S-Rank pool</color>	Assets/Product/Texture/Image/UiDrawLog/UiDrawLog22.png	Assets/Product/Texture/Image/UiDrawLog/UiDrawLog23.png	Rate in S-Rank pool:	70%									
130079	10000	<color=#26bbf9>70% rate in S-Rank pool</color>	Assets/Product/Texture/Image/UiDrawLog/UiDrawLog22.png	Assets/Product/Texture/Image/UiDrawLog/UiDrawLog23.png	Rate in S-Rank pool:	70%									
130080	9990	<color=#26bbf9>70% rate in S-Rank pool</color>	Assets/Product/Texture/Image/UiDrawLog/UiDrawLog22.png	Assets/Product/Texture/Image/UiDrawLog/UiDrawLog23.png	Rate in S-Rank pool:	70%									
130081	9980	<color=#26bbf9>70% rate in S-Rank pool</color>	Assets/Product/Texture/Image/UiDrawLog/UiDrawLog22.png	Assets/Product/Texture/Image/UiDrawLog/UiDrawLog23.png	Rate in S-Rank pool:	70%									
130082	9970	<color=#26bbf9>70% rate in S-Rank pool</color>	Assets/Product/Texture/Image/UiDrawLog/UiDrawLog22.png	Assets/Product/Texture/Image/UiDrawLog/UiDrawLog23.png	Rate in S-Rank pool:	70%									
130083	9960	<color=#26bbf9>70% rate in S-Rank pool</color>	Assets/Product/Texture/Image/UiDrawLog/UiDrawLog22.png	Assets/Product/Texture/Image/UiDrawLog/UiDrawLog23.png	Rate in S-Rank pool:	70%									
130084	9950	<color=#26bbf9>70% rate in S-Rank pool</color>	Assets/Product/Texture/Image/UiDrawLog/UiDrawLog22.png	Assets/Product/Texture/Image/UiDrawLog/UiDrawLog23.png	Rate in S-Rank pool:	70%									
130085	9940	<color=#26bbf9>70% rate in S-Rank pool</color>	Assets/Product/Texture/Image/UiDrawLog/UiDrawLog22.png	Assets/Product/Texture/Image/UiDrawLog/UiDrawLog23.png	Rate in S-Rank pool:	70%									
130086	9930	<color=#26bbf9>70% rate in S-Rank pool</color>	Assets/Product/Texture/Image/UiDrawLog/UiDrawLog22.png	Assets/Product/Texture/Image/UiDrawLog/UiDrawLog23.png	Rate in S-Rank pool:	70%									
130087	9920	<color=#26bbf9>70% rate in S-Rank pool</color>	Assets/Product/Texture/Image/UiDrawLog/UiDrawLog22.png	Assets/Product/Texture/Image/UiDrawLog/UiDrawLog23.png	Rate in S-Rank pool:	70%									
130088	10000	<color=#26bbf9>70% rate in S-Rank pool</color>	Assets/Product/Texture/Image/UiDrawLog/UiDrawLog22.png	Assets/Product/Texture/Image/UiDrawLog/UiDrawLog23.png	Rate in S-Rank pool:	70%									
130089	9990	<color=#26bbf9>70% rate in S-Rank pool</color>	Assets/Product/Texture/Image/UiDrawLog/UiDrawLog22.png	Assets/Product/Texture/Image/UiDrawLog/UiDrawLog23.png	Rate in S-Rank pool:	70%									
130090	9980	<color=#26bbf9>70% rate in S-Rank pool</color>	Assets/Product/Texture/Image/UiDrawLog/UiDrawLog22.png	Assets/Product/Texture/Image/UiDrawLog/UiDrawLog23.png	Rate in S-Rank pool:	70%									
130091	9970	<color=#26bbf9>70% rate in S-Rank pool</color>	Assets/Product/Texture/Image/UiDrawLog/UiDrawLog22.png	Assets/Product/Texture/Image/UiDrawLog/UiDrawLog23.png	Rate in S-Rank pool:	70%									
130092	9960	<color=#26bbf9>70% rate in S-Rank pool</color>	Assets/Product/Texture/Image/UiDrawLog/UiDrawLog22.png	Assets/Product/Texture/Image/UiDrawLog/UiDrawLog23.png	Rate in S-Rank pool:	70%									
130093	9950	<color=#26bbf9>70% rate in S-Rank pool</color>	Assets/Product/Texture/Image/UiDrawLog/UiDrawLog22.png	Assets/Product/Texture/Image/UiDrawLog/UiDrawLog23.png	Rate in S-Rank pool:	70%									
130094	9940	<color=#26bbf9>70% rate in S-Rank pool</color>	Assets/Product/Texture/Image/UiDrawLog/UiDrawLog22.png	Assets/Product/Texture/Image/UiDrawLog/UiDrawLog23.png	Rate in S-Rank pool:	70%									
130095	9930	<color=#26bbf9>70% rate in S-Rank pool</color>	Assets/Product/Texture/Image/UiDrawLog/UiDrawLog22.png	Assets/Product/Texture/Image/UiDrawLog/UiDrawLog23.png	Rate in S-Rank pool:	70%									
130096	9920	<color=#26bbf9>70% rate in S-Rank pool</color>	Assets/Product/Texture/Image/UiDrawLog/UiDrawLog22.png	Assets/Product/Texture/Image/UiDrawLog/UiDrawLog23.png	Rate in S-Rank pool:	70%									
130097	10000	<color=#26bbf9>70% rate in S-Rank pool</color>	Assets/Product/Texture/Image/UiDrawLog/UiDrawLog22.png	Assets/Product/Texture/Image/UiDrawLog/UiDrawLog23.png	Rate in S-Rank pool:	70%									
130098	9990	<color=#26bbf9>70% rate in S-Rank pool</color>	Assets/Product/Texture/Image/UiDrawLog/UiDrawLog22.png	Assets/Product/Texture/Image/UiDrawLog/UiDrawLog23.png	Rate in S-Rank pool:	70%									
130099	9980	<color=#26bbf9>70% rate in S-Rank pool</color>	Assets/Product/Texture/Image/UiDrawLog/UiDrawLog22.png	Assets/Product/Texture/Image/UiDrawLog/UiDrawLog23.png	Rate in S-Rank pool:	70%									
130100	9970	<color=#26bbf9>70% rate in S-Rank pool</color>	Assets/Product/Texture/Image/UiDrawLog/UiDrawLog22.png	Assets/Product/Texture/Image/UiDrawLog/UiDrawLog23.png	Rate in S-Rank pool:	70%									
130101	9960	<color=#26bbf9>70% rate in S-Rank pool</color>	Assets/Product/Texture/Image/UiDrawLog/UiDrawLog22.png	Assets/Product/Texture/Image/UiDrawLog/UiDrawLog23.png	Rate in S-Rank pool:	70%									
130102	9950	<color=#26bbf9>70% rate in S-Rank pool</color>	Assets/Product/Texture/Image/UiDrawLog/UiDrawLog22.png	Assets/Product/Texture/Image/UiDrawLog/UiDrawLog23.png	Rate in S-Rank pool:	70%									
130103	9940	<color=#26bbf9>70% rate in S-Rank pool</color>	Assets/Product/Texture/Image/UiDrawLog/UiDrawLog22.png	Assets/Product/Texture/Image/UiDrawLog/UiDrawLog23.png	Rate in S-Rank pool:	70%									
130104	9930	<color=#26bbf9>70% rate in S-Rank pool</color>	Assets/Product/Texture/Image/UiDrawLog/UiDrawLog22.png	Assets/Product/Texture/Image/UiDrawLog/UiDrawLog23.png	Rate in S-Rank pool:	70%									
130105	9920	<color=#26bbf9>70% rate in S-Rank pool</color>	Assets/Product/Texture/Image/UiDrawLog/UiDrawLog22.png	Assets/Product/Texture/Image/UiDrawLog/UiDrawLog23.png	Rate in S-Rank pool:	70%									
130106	10000	<color=#26bbf9>70% rate in S-Rank pool</color>	Assets/Product/Texture/Image/UiDrawLog/UiDrawLog22.png	Assets/Product/Texture/Image/UiDrawLog/UiDrawLog23.png	Rate in S-Rank pool:	70%									
130107	9990	<color=#26bbf9>70% rate in S-Rank pool</color>	Assets/Product/Texture/Image/UiDrawLog/UiDrawLog22.png	Assets/Product/Texture/Image/UiDrawLog/UiDrawLog23.png	Rate in S-Rank pool:	70%									
130108	9980	<color=#26bbf9>70% rate in S-Rank pool</color>	Assets/Product/Texture/Image/UiDrawLog/UiDrawLog22.png	Assets/Product/Texture/Image/UiDrawLog/UiDrawLog23.png	Rate in S-Rank pool:	70%									
130109	9970	<color=#26bbf9>70% rate in S-Rank pool</color>	Assets/Product/Texture/Image/UiDrawLog/UiDrawLog22.png	Assets/Product/Texture/Image/UiDrawLog/UiDrawLog23.png	Rate in S-Rank pool:	70%									
130110	9960	<color=#26bbf9>70% rate in S-Rank pool</color>	Assets/Product/Texture/Image/UiDrawLog/UiDrawLog22.png	Assets/Product/Texture/Image/UiDrawLog/UiDrawLog23.png	Rate in S-Rank pool:	70%									
130111	9950	<color=#26bbf9>70% rate in S-Rank pool</color>	Assets/Product/Texture/Image/UiDrawLog/UiDrawLog22.png	Assets/Product/Texture/Image/UiDrawLog/UiDrawLog23.png	Rate in S-Rank pool:	70%									
130112	9940	<color=#26bbf9>70% rate in S-Rank pool</color>	Assets/Product/Texture/Image/UiDrawLog/UiDrawLog22.png	Assets/Product/Texture/Image/UiDrawLog/UiDrawLog23.png	Rate in S-Rank pool:	70%									
130113	9930	<color=#26bbf9>70% rate in S-Rank pool</color>	Assets/Product/Texture/Image/UiDrawLog/UiDrawLog22.png	Assets/Product/Texture/Image/UiDrawLog/UiDrawLog23.png	Rate in S-Rank pool:	70%									
130114	9920	<color=#26bbf9>70% rate in S-Rank pool</color>	Assets/Product/Texture/Image/UiDrawLog/UiDrawLog22.png	Assets/Product/Texture/Image/UiDrawLog/UiDrawLog23.png	Rate in S-Rank pool:	70%									
130115	10000	<color=#26bbf9>70% rate in S-Rank pool</color>	Assets/Product/Texture/Image/UiDrawLog/UiDrawLog22.png	Assets/Product/Texture/Image/UiDrawLog/UiDrawLog23.png	Rate in S-Rank pool:	70%									
130116	9990	<color=#26bbf9>70% rate in S-Rank pool</color>	Assets/Product/Texture/Image/UiDrawLog/UiDrawLog22.png	Assets/Product/Texture/Image/UiDrawLog/UiDrawLog23.png	Rate in S-Rank pool:	70%									
130117	9980	<color=#26bbf9>70% rate in S-Rank pool</color>	Assets/Product/Texture/Image/UiDrawLog/UiDrawLog22.png	Assets/Product/Texture/Image/UiDrawLog/UiDrawLog23.png	Rate in S-Rank pool:	70%									
130118	9970	<color=#26bbf9>70% rate in S-Rank pool</color>	Assets/Product/Texture/Image/UiDrawLog/UiDrawLog22.png	Assets/Product/Texture/Image/UiDrawLog/UiDrawLog23.png	Rate in S-Rank pool:	70%									
130119	9960	<color=#26bbf9>70% rate in S-Rank pool</color>	Assets/Product/Texture/Image/UiDrawLog/UiDrawLog22.png	Assets/Product/Texture/Image/UiDrawLog/UiDrawLog23.png	Rate in S-Rank pool:	70%									
130120	9950	<color=#26bbf9>70% rate in S-Rank pool</color>	Assets/Product/Texture/Image/UiDrawLog/UiDrawLog22.png	Assets/Product/Texture/Image/UiDrawLog/UiDrawLog23.png	Rate in S-Rank pool:	70%									
130121	9940	<color=#26bbf9>70% rate in S-Rank pool</color>	Assets/Product/Texture/Image/UiDrawLog/UiDrawLog22.png	Assets/Product/Texture/Image/UiDrawLog/UiDrawLog23.png	Rate in S-Rank pool:	70%									
130122	9930	<color=#26bbf9>70% rate in S-Rank pool</color>	Assets/Product/Texture/Image/UiDrawLog/UiDrawLog22.png	Assets/Product/Texture/Image/UiDrawLog/UiDrawLog23.png	Rate in S-Rank pool:	70%									
130123	9920	<color=#26bbf9>70% rate in S-Rank pool</color>	Assets/Product/Texture/Image/UiDrawLog/UiDrawLog22.png	Assets/Product/Texture/Image/UiDrawLog/UiDrawLog23.png	Rate in S-Rank pool:	70%									
130124	10000	<color=#26bbf9>70% rate in S-Rank pool</color>	Assets/Product/Texture/Image/UiDrawLog/UiDrawLog22.png	Assets/Product/Texture/Image/UiDrawLog/UiDrawLog23.png	Rate in S-Rank pool:	70%									
130125	9990	<color=#26bbf9>70% rate in S-Rank pool</color>	Assets/Product/Texture/Image/UiDrawLog/UiDrawLog22.png	Assets/Product/Texture/Image/UiDrawLog/UiDrawLog23.png	Rate in S-Rank pool:	70%									
130126	9980	<color=#26bbf9>70% rate in S-Rank pool</color>	Assets/Product/Texture/Image/UiDrawLog/UiDrawLog22.png	Assets/Product/Texture/Image/UiDrawLog/UiDrawLog23.png	Rate in S-Rank pool:	70%									
130127	9970	<color=#26bbf9>70% rate in S-Rank pool</color>	Assets/Product/Texture/Image/UiDrawLog/UiDrawLog22.png	Assets/Product/Texture/Image/UiDrawLog/UiDrawLog23.png	Rate in S-Rank pool:	70%									
130128	9960	<color=#26bbf9>70% rate in S-Rank pool</color>	Assets/Product/Texture/Image/UiDrawLog/UiDrawLog22.png	Assets/Product/Texture/Image/UiDrawLog/UiDrawLog23.png	Rate in S-Rank pool:	70%									
130129	9950	<color=#26bbf9>70% rate in S-Rank pool</color>	Assets/Product/Texture/Image/UiDrawLog/UiDrawLog22.png	Assets/Product/Texture/Image/UiDrawLog/UiDrawLog23.png	Rate in S-Rank pool:	70%									
130130	9940	<color=#26bbf9>70% rate in S-Rank pool</color>	Assets/Product/Texture/Image/UiDrawLog/UiDrawLog22.png	Assets/Product/Texture/Image/UiDrawLog/UiDrawLog23.png	Rate in S-Rank pool:	70%									
130131	9930	<color=#26bbf9>70% rate in S-Rank pool</color>	Assets/Product/Texture/Image/UiDrawLog/UiDrawLog22.png	Assets/Product/Texture/Image/UiDrawLog/UiDrawLog23.png	Rate in S-Rank pool:	70%									
130132	9920	<color=#26bbf9>70% rate in S-Rank pool</color>	Assets/Product/Texture/Image/UiDrawLog/UiDrawLog22.png	Assets/Product/Texture/Image/UiDrawLog/UiDrawLog23.png	Rate in S-Rank pool:	70%									
130133	10000	<color=#26bbf9>70% rate in S-Rank pool</color>	Assets/Product/Texture/Image/UiDrawLog/UiDrawLog22.png	Assets/Product/Texture/Image/UiDrawLog/UiDrawLog23.png	Rate in S-Rank pool:	70%									
130134	9990	<color=#26bbf9>70% rate in S-Rank pool</color>	Assets/Product/Texture/Image/UiDrawLog/UiDrawLog22.png	Assets/Product/Texture/Image/UiDrawLog/UiDrawLog23.png	Rate in S-Rank pool:	70%									
130135	9980	<color=#26bbf9>70% rate in S-Rank pool</color>	Assets/Product/Texture/Image/UiDrawLog/UiDrawLog22.png	Assets/Product/Texture/Image/UiDrawLog/UiDrawLog23.png	Rate in S-Rank pool:	70%									
130136	9970	<color=#26bbf9>70% rate in S-Rank pool</color>	Assets/Product/Texture/Image/UiDrawLog/UiDrawLog22.png	Assets/Product/Texture/Image/UiDrawLog/UiDrawLog23.png	Rate in S-Rank pool:	70%									
130137	9960	<color=#26bbf9>70% rate in S-Rank pool</color>	Assets/Product/Texture/Image/UiDrawLog/UiDrawLog22.png	Assets/Product/Texture/Image/UiDrawLog/UiDrawLog23.png	Rate in S-Rank pool:	70%									
130138	9950	<color=#26bbf9>70% rate in S-Rank pool</color>	Assets/Product/Texture/Image/UiDrawLog/UiDrawLog22.png	Assets/Product/Texture/Image/UiDrawLog/UiDrawLog23.png	Rate in S-Rank pool:	70%									
130139	10000	<color=#26bbf9>70% rate in S-Rank pool</color>	Assets/Product/Texture/Image/UiDrawLog/UiDrawLog22.png	Assets/Product/Texture/Image/UiDrawLog/UiDrawLog23.png	Rate in S-Rank pool:	70%									
130140	9990	<color=#26bbf9>70% rate in S-Rank pool</color>	Assets/Product/Texture/Image/UiDrawLog/UiDrawLog22.png	Assets/Product/Texture/Image/UiDrawLog/UiDrawLog23.png	Rate in S-Rank pool:	70%									
130141	9980	<color=#26bbf9>70% rate in S-Rank pool</color>	Assets/Product/Texture/Image/UiDrawLog/UiDrawLog22.png	Assets/Product/Texture/Image/UiDrawLog/UiDrawLog23.png	Rate in S-Rank pool:	70%									
130142	9970	<color=#26bbf9>70% rate in S-Rank pool</color>	Assets/Product/Texture/Image/UiDrawLog/UiDrawLog22.png	Assets/Product/Texture/Image/UiDrawLog/UiDrawLog23.png	Rate in S-Rank pool:	70%									
130143	9960	<color=#26bbf9>70% rate in S-Rank pool</color>	Assets/Product/Texture/Image/UiDrawLog/UiDrawLog22.png	Assets/Product/Texture/Image/UiDrawLog/UiDrawLog23.png	Rate in S-Rank pool:	70%									
130144	9950	<color=#26bbf9>70% rate in S-Rank pool</color>	Assets/Product/Texture/Image/UiDrawLog/UiDrawLog22.png	Assets/Product/Texture/Image/UiDrawLog/UiDrawLog23.png	Rate in S-Rank pool:	70%									
130145	10000	<color=#26bbf9>70% rate in S-Rank pool</color>	Assets/Product/Texture/Image/UiDrawLog/UiDrawLog22.png	Assets/Product/Texture/Image/UiDrawLog/UiDrawLog23.png	Rate in S-Rank pool:	70%									
130146	9990	<color=#26bbf9>70% rate in S-Rank pool</color>	Assets/Product/Texture/Image/UiDrawLog/UiDrawLog22.png	Assets/Product/Texture/Image/UiDrawLog/UiDrawLog23.png	Rate in S-Rank pool:	70%									
130147	9980	<color=#26bbf9>70% rate in S-Rank pool</color>	Assets/Product/Texture/Image/UiDrawLog/UiDrawLog22.png	Assets/Product/Texture/Image/UiDrawLog/UiDrawLog23.png	Rate in S-Rank pool:	70%									
130148	9970	<color=#26bbf9>70% rate in S-Rank pool</color>	Assets/Product/Texture/Image/UiDrawLog/UiDrawLog22.png	Assets/Product/Texture/Image/UiDrawLog/UiDrawLog23.png	Rate in S-Rank pool:	70%									
130149	9960	<color=#26bbf9>70% rate in S-Rank pool</color>	Assets/Product/Texture/Image/UiDrawLog/UiDrawLog22.png	Assets/Product/Texture/Image/UiDrawLog/UiDrawLog23.png	Rate in S-Rank pool:	70%									
130150	9950	<color=#26bbf9>70% rate in S-Rank pool</color>	Assets/Product/Texture/Image/UiDrawLog/UiDrawLog22.png	Assets/Product/Texture/Image/UiDrawLog/UiDrawLog23.png	Rate in S-Rank pool:	70%									
130151	9940	<color=#26bbf9>70% rate in S-Rank pool</color>	Assets/Product/Texture/Image/UiDrawLog/UiDrawLog22.png	Assets/Product/Texture/Image/UiDrawLog/UiDrawLog23.png	Rate in S-Rank pool:	70%									
130152	9930	<color=#26bbf9>70% rate in S-Rank pool</color>	Assets/Product/Texture/Image/UiDrawLog/UiDrawLog22.png	Assets/Product/Texture/Image/UiDrawLog/UiDrawLog23.png	Rate in S-Rank pool:	70%									
130153	9920	<color=#26bbf9>70% rate in S-Rank pool</color>	Assets/Product/Texture/Image/UiDrawLog/UiDrawLog22.png	Assets/Product/Texture/Image/UiDrawLog/UiDrawLog23.png	Rate in S-Rank pool:	70%									
130154	10000	<color=#26bbf9>70% rate in S-Rank pool</color>	Assets/Product/Texture/Image/UiDrawLog/UiDrawLog22.png	Assets/Product/Texture/Image/UiDrawLog/UiDrawLog23.png	Rate in S-Rank pool:	70%									
130155	9990	<color=#26bbf9>70% rate in S-Rank pool</color>	Assets/Product/Texture/Image/UiDrawLog/UiDrawLog22.png	Assets/Product/Texture/Image/UiDrawLog/UiDrawLog23.png	Rate in S-Rank pool:	70%									
130156	9980	<color=#26bbf9>70% rate in S-Rank pool</color>	Assets/Product/Texture/Image/UiDrawLog/UiDrawLog22.png	Assets/Product/Texture/Image/UiDrawLog/UiDrawLog23.png	Rate in S-Rank pool:	70%									
130157	9970	<color=#26bbf9>70% rate in S-Rank pool</color>	Assets/Product/Texture/Image/UiDrawLog/UiDrawLog22.png	Assets/Product/Texture/Image/UiDrawLog/UiDrawLog23.png	Rate in S-Rank pool:	70%									
130158	9960	<color=#26bbf9>70% rate in S-Rank pool</color>	Assets/Product/Texture/Image/UiDrawLog/UiDrawLog22.png	Assets/Product/Texture/Image/UiDrawLog/UiDrawLog23.png	Rate in S-Rank pool:	70%									
130159	9950	<color=#26bbf9>70% rate in S-Rank pool</color>	Assets/Product/Texture/Image/UiDrawLog/UiDrawLog22.png	Assets/Product/Texture/Image/UiDrawLog/UiDrawLog23.png	Rate in S-Rank pool:	70%									
130160	9940	<color=#26bbf9>70% rate in S-Rank pool</color>	Assets/Product/Texture/Image/UiDrawLog/UiDrawLog22.png	Assets/Product/Texture/Image/UiDrawLog/UiDrawLog23.png	Rate in S-Rank pool:	70%									
130161	9930	<color=#26bbf9>70% rate in S-Rank pool</color>	Assets/Product/Texture/Image/UiDrawLog/UiDrawLog22.png	Assets/Product/Texture/Image/UiDrawLog/UiDrawLog23.png	Rate in S-Rank pool:	70%									
130162	9920	<color=#26bbf9>70% rate in S-Rank pool</color>	Assets/Product/Texture/Image/UiDrawLog/UiDrawLog22.png	Assets/Product/Texture/Image/UiDrawLog/UiDrawLog23.png	Rate in S-Rank pool:	70%									
130163	10000	<color=#26bbf9>70% rate in S-Rank pool</color>	Assets/Product/Texture/Image/UiDrawLog/UiDrawLog22.png	Assets/Product/Texture/Image/UiDrawLog/UiDrawLog23.png	Rate in S-Rank pool:	70%									
130164	9990	<color=#26bbf9>70% rate in S-Rank pool</color>	Assets/Product/Texture/Image/UiDrawLog/UiDrawLog22.png	Assets/Product/Texture/Image/UiDrawLog/UiDrawLog23.png	Rate in S-Rank pool:	70%									
130165	9980	<color=#26bbf9>70% rate in S-Rank pool</color>	Assets/Product/Texture/Image/UiDrawLog/UiDrawLog22.png	Assets/Product/Texture/Image/UiDrawLog/UiDrawLog23.png	Rate in S-Rank pool:	70%									
130166	9970	<color=#26bbf9>70% rate in S-Rank pool</color>	Assets/Product/Texture/Image/UiDrawLog/UiDrawLog22.png	Assets/Product/Texture/Image/UiDrawLog/UiDrawLog23.png	Rate in S-Rank pool:	70%									
130167	9960	<color=#26bbf9>70% rate in S-Rank pool</color>	Assets/Product/Texture/Image/UiDrawLog/UiDrawLog22.png	Assets/Product/Texture/Image/UiDrawLog/UiDrawLog23.png	Rate in S-Rank pool:	70%									
130168	9950	<color=#26bbf9>70% rate in S-Rank pool</color>	Assets/Product/Texture/Image/UiDrawLog/UiDrawLog22.png	Assets/Product/Texture/Image/UiDrawLog/UiDrawLog23.png	Rate in S-Rank pool:	70%									
130169	10000	<color=#26bbf9>70% rate in S-Rank pool</color>	Assets/Product/Texture/Image/UiDrawLog/UiDrawLog22.png	Assets/Product/Texture/Image/UiDrawLog/UiDrawLog23.png	Rate in S-Rank pool:	70%									
130170	9990	<color=#26bbf9>70% rate in S-Rank pool</color>	Assets/Product/Texture/Image/UiDrawLog/UiDrawLog22.png	Assets/Product/Texture/Image/UiDrawLog/UiDrawLog23.png	Rate in S-Rank pool:	70%									
130171	9980	<color=#26bbf9>70% rate in S-Rank pool</color>	Assets/Product/Texture/Image/UiDrawLog/UiDrawLog22.png	Assets/Product/Texture/Image/UiDrawLog/UiDrawLog23.png	Rate in S-Rank pool:	70%									
130172	9970	<color=#26bbf9>70% rate in S-Rank pool</color>	Assets/Product/Texture/Image/UiDrawLog/UiDrawLog22.png	Assets/Product/Texture/Image/UiDrawLog/UiDrawLog23.png	Rate in S-Rank pool:	70%									
130173	9960	<color=#26bbf9>70% rate in S-Rank pool</color>	Assets/Product/Texture/Image/UiDrawLog/UiDrawLog22.png	Assets/Product/Texture/Image/UiDrawLog/UiDrawLog23.png	Rate in S-Rank pool:	70%									
130174	9950	<color=#26bbf9>70% rate in S-Rank pool</color>	Assets/Product/Texture/Image/UiDrawLog/UiDrawLog22.png	Assets/Product/Texture/Image/UiDrawLog/UiDrawLog23.png	Rate in S-Rank pool:	70%									
130175	10000	<color=#26bbf9>70% rate in S-Rank pool</color>	Assets/Product/Texture/Image/UiDrawLog/UiDrawLog22.png	Assets/Product/Texture/Image/UiDrawLog/UiDrawLog23.png	Rate in S-Rank pool:	70%									
130176	9990	<color=#26bbf9>70% rate in S-Rank pool</color>	Assets/Product/Texture/Image/UiDrawLog/UiDrawLog22.png	Assets/Product/Texture/Image/UiDrawLog/UiDrawLog23.png	Rate in S-Rank pool:	70%									
130177	9980	<color=#26bbf9>70% rate in S-Rank pool</color>	Assets/Product/Texture/Image/UiDrawLog/UiDrawLog22.png	Assets/Product/Texture/Image/UiDrawLog/UiDrawLog23.png	Rate in S-Rank pool:	70%									
130178	9970	<color=#26bbf9>70% rate in S-Rank pool</color>	Assets/Product/Texture/Image/UiDrawLog/UiDrawLog22.png	Assets/Product/Texture/Image/UiDrawLog/UiDrawLog23.png	Rate in S-Rank pool:	70%									
130179	9960	<color=#26bbf9>70% rate in S-Rank pool</color>	Assets/Product/Texture/Image/UiDrawLog/UiDrawLog22.png	Assets/Product/Texture/Image/UiDrawLog/UiDrawLog23.png	Rate in S-Rank pool:	70%									
130180	9950	<color=#26bbf9>70% rate in S-Rank pool</color>	Assets/Product/Texture/Image/UiDrawLog/UiDrawLog22.png	Assets/Product/Texture/Image/UiDrawLog/UiDrawLog23.png	Rate in S-Rank pool:	70%									
130181	9940	<color=#26bbf9>70% rate in S-Rank pool</color>	Assets/Product/Texture/Image/UiDrawLog/UiDrawLog22.png	Assets/Product/Texture/Image/UiDrawLog/UiDrawLog23.png	Rate in S-Rank pool:	70%									
130182	9930	<color=#26bbf9>70% rate in S-Rank pool</color>	Assets/Product/Texture/Image/UiDrawLog/UiDrawLog22.png	Assets/Product/Texture/Image/UiDrawLog/UiDrawLog23.png	Rate in S-Rank pool:	70%									
130183	9920	<color=#26bbf9>70% rate in S-Rank pool</color>	Assets/Product/Texture/Image/UiDrawLog/UiDrawLog22.png	Assets/Product/Texture/Image/UiDrawLog/UiDrawLog23.png	Rate in S-Rank pool:	70%									
130184	10000	<color=#26bbf9>70% rate in S-Rank pool</color>	Assets/Product/Texture/Image/UiDrawLog/UiDrawLog22.png	Assets/Product/Texture/Image/UiDrawLog/UiDrawLog23.png	Rate in S-Rank pool:	70%									
130185	9990	<color=#26bbf9>70% rate in S-Rank pool</color>	Assets/Product/Texture/Image/UiDrawLog/UiDrawLog22.png	Assets/Product/Texture/Image/UiDrawLog/UiDrawLog23.png	Rate in S-Rank pool:	70%									
130186	9980	<color=#26bbf9>70% rate in S-Rank pool</color>	Assets/Product/Texture/Image/UiDrawLog/UiDrawLog22.png	Assets/Product/Texture/Image/UiDrawLog/UiDrawLog23.png	Rate in S-Rank pool:	70%									
130187	9970	<color=#26bbf9>70% rate in S-Rank pool</color>	Assets/Product/Texture/Image/UiDrawLog/UiDrawLog22.png	Assets/Product/Texture/Image/UiDrawLog/UiDrawLog23.png	Rate in S-Rank pool:	70%									
130188	9960	<color=#26bbf9>70% rate in S-Rank pool</color>	Assets/Product/Texture/Image/UiDrawLog/UiDrawLog22.png	Assets/Product/Texture/Image/UiDrawLog/UiDrawLog23.png	Rate in S-Rank pool:	70%									
130189	9950	<color=#26bbf9>70% rate in S-Rank pool</color>	Assets/Product/Texture/Image/UiDrawLog/UiDrawLog22.png	Assets/Product/Texture/Image/UiDrawLog/UiDrawLog23.png	Rate in S-Rank pool:	70%									
130190	9940	<color=#26bbf9>70% rate in S-Rank pool</color>	Assets/Product/Texture/Image/UiDrawLog/UiDrawLog22.png	Assets/Product/Texture/Image/UiDrawLog/UiDrawLog23.png	Rate in S-Rank pool:	70%									
130191	9930	<color=#26bbf9>70% rate in S-Rank pool</color>	Assets/Product/Texture/Image/UiDrawLog/UiDrawLog22.png	Assets/Product/Texture/Image/UiDrawLog/UiDrawLog23.png	Rate in S-Rank pool:	70%									
130192	9920	<color=#26bbf9>70% rate in S-Rank pool</color>	Assets/Product/Texture/Image/UiDrawLog/UiDrawLog22.png	Assets/Product/Texture/Image/UiDrawLog/UiDrawLog23.png	Rate in S-Rank pool:	70%									
130193	10000	<color=#26bbf9>70% rate in S-Rank pool</color>	Assets/Product/Texture/Image/UiDrawLog/UiDrawLog22.png	Assets/Product/Texture/Image/UiDrawLog/UiDrawLog23.png	Rate in S-Rank pool:	70%									
130194	9990	<color=#26bbf9>70% rate in S-Rank pool</color>	Assets/Product/Texture/Image/UiDrawLog/UiDrawLog22.png	Assets/Product/Texture/Image/UiDrawLog/UiDrawLog23.png	Rate in S-Rank pool:	70%									
130195	9980	<color=#26bbf9>70% rate in S-Rank pool</color>	Assets/Product/Texture/Image/UiDrawLog/UiDrawLog22.png	Assets/Product/Texture/Image/UiDrawLog/UiDrawLog23.png	Rate in S-Rank pool:	70%									
130196	9970	<color=#26bbf9>70% rate in S-Rank pool</color>	Assets/Product/Texture/Image/UiDrawLog/UiDrawLog22.png	Assets/Product/Texture/Image/UiDrawLog/UiDrawLog23.png	Rate in S-Rank pool:	70%									
130197	9960	<color=#26bbf9>70% rate in S-Rank pool</color>	Assets/Product/Texture/Image/UiDrawLog/UiDrawLog22.png	Assets/Product/Texture/Image/UiDrawLog/UiDrawLog23.png	Rate in S-Rank pool:	70%									
130198	9950	<color=#26bbf9>70% rate in S-Rank pool</color>	Assets/Product/Texture/Image/UiDrawLog/UiDrawLog22.png	Assets/Product/Texture/Image/UiDrawLog/UiDrawLog23.png	Rate in S-Rank pool:	70%									
130199	10000	<color=#26bbf9>70% rate in S-Rank pool</color>	Assets/Product/Texture/Image/UiDrawLog/UiDrawLog22.png	Assets/Product/Texture/Image/UiDrawLog/UiDrawLog23.png	Rate in S-Rank pool:	70%									
130200	9990	<color=#26bbf9>70% rate in S-Rank pool</color>	Assets/Product/Texture/Image/UiDrawLog/UiDrawLog22.png	Assets/Product/Texture/Image/UiDrawLog/UiDrawLog23.png	Rate in S-Rank pool:	70%									
130201	9980	<color=#26bbf9>70% rate in S-Rank pool</color>	Assets/Product/Texture/Image/UiDrawLog/UiDrawLog22.png	Assets/Product/Texture/Image/UiDrawLog/UiDrawLog23.png	Rate in S-Rank pool:	70%									
130202	9970	<color=#26bbf9>70% rate in S-Rank pool</color>	Assets/Product/Texture/Image/UiDrawLog/UiDrawLog22.png	Assets/Product/Texture/Image/UiDrawLog/UiDrawLog23.png	Rate in S-Rank pool:	70%									
130203	9960	<color=#26bbf9>70% rate in S-Rank pool</color>	Assets/Product/Texture/Image/UiDrawLog/UiDrawLog22.png	Assets/Product/Texture/Image/UiDrawLog/UiDrawLog23.png	Rate in S-Rank pool:	70%									
130204	9950	<color=#26bbf9>70% rate in S-Rank pool</color>	Assets/Product/Texture/Image/UiDrawLog/UiDrawLog22.png	Assets/Product/Texture/Image/UiDrawLog/UiDrawLog23.png	Rate in S-Rank pool:	70%									
170001	9980	<color=#26bbf9>70% rate in S-Rank pool</color>	Assets/Product/Texture/Image/UiDrawLog/UiDrawLog22.png	Assets/Product/Texture/Image/UiDrawLog/UiDrawLog23.png	Rate in S-Rank pool:	70%									
170002	9980	<color=#26bbf9>70% rate in S-Rank pool</color>	Assets/Product/Texture/Image/UiDrawLog/UiDrawLog22.png	Assets/Product/Texture/Image/UiDrawLog/UiDrawLog23.png	Rate in S-Rank pool:	70%									
170003	9970	<color=#26bbf9>70% rate in S-Rank pool</color>	Assets/Product/Texture/Image/UiDrawLog/UiDrawLog22.png	Assets/Product/Texture/Image/UiDrawLog/UiDrawLog23.png	Rate in S-Rank pool:	70%									
170004	9970	<color=#26bbf9>70% rate in S-Rank pool</color>	Assets/Product/Texture/Image/UiDrawLog/UiDrawLog22.png	Assets/Product/Texture/Image/UiDrawLog/UiDrawLog23.png	Rate in S-Rank pool:	70%									
170005	9980	<color=#26bbf9>70% rate in S-Rank pool</color>	Assets/Product/Texture/Image/UiDrawLog/UiDrawLog22.png	Assets/Product/Texture/Image/UiDrawLog/UiDrawLog23.png	Rate in S-Rank pool:	70%									
170006	9980	<color=#26bbf9>70% rate in S-Rank pool</color>	Assets/Product/Texture/Image/UiDrawLog/UiDrawLog22.png	Assets/Product/Texture/Image/UiDrawLog/UiDrawLog23.png	Rate in S-Rank pool:	70%									
170007	9970	<color=#26bbf9>70% rate in S-Rank pool</color>	Assets/Product/Texture/Image/UiDrawLog/UiDrawLog22.png	Assets/Product/Texture/Image/UiDrawLog/UiDrawLog23.png	Rate in S-Rank pool:	70%									
170008	9970	<color=#26bbf9>70% rate in S-Rank pool</color>	Assets/Product/Texture/Image/UiDrawLog/UiDrawLog22.png	Assets/Product/Texture/Image/UiDrawLog/UiDrawLog23.png	Rate in S-Rank pool:	70%									
170009	9970	<color=#26bbf9>70% rate in S-Rank pool</color>	Assets/Product/Texture/Image/UiDrawLog/UiDrawLog22.png	Assets/Product/Texture/Image/UiDrawLog/UiDrawLog23.png	Rate in S-Rank pool:	70%									
170010	9970	<color=#26bbf9>70% rate in S-Rank pool</color>	Assets/Product/Texture/Image/UiDrawLog/UiDrawLog22.png	Assets/Product/Texture/Image/UiDrawLog/UiDrawLog23.png	Rate in S-Rank pool:	70%									
170011	9980	<color=#26bbf9>70% rate in S-Rank pool</color>	Assets/Product/Texture/Image/UiDrawLog/UiDrawLog22.png	Assets/Product/Texture/Image/UiDrawLog/UiDrawLog23.png	Rate in S-Rank pool:	70%									
170012	9980	<color=#26bbf9>70% rate in S-Rank pool</color>	Assets/Product/Texture/Image/UiDrawLog/UiDrawLog22.png	Assets/Product/Texture/Image/UiDrawLog/UiDrawLog23.png	Rate in S-Rank pool:	70%									
170013	9980	<color=#26bbf9>70% rate in S-Rank pool</color>	Assets/Product/Texture/Image/UiDrawLog/UiDrawLog22.png	Assets/Product/Texture/Image/UiDrawLog/UiDrawLog23.png	Rate in S-Rank pool:	70%									
170014	9980	<color=#26bbf9>70% rate in S-Rank pool</color>	Assets/Product/Texture/Image/UiDrawLog/UiDrawLog22.png	Assets/Product/Texture/Image/UiDrawLog/UiDrawLog23.png	Rate in S-Rank pool:	70%									
170015	9970	<color=#26bbf9>70% rate in S-Rank pool</color>	Assets/Product/Texture/Image/UiDrawLog/UiDrawLog22.png	Assets/Product/Texture/Image/UiDrawLog/UiDrawLog23.png	Rate in S-Rank pool:	70%									
170016	9970	<color=#26bbf9>70% rate in S-Rank pool</color>	Assets/Product/Texture/Image/UiDrawLog/UiDrawLog22.png	Assets/Product/Texture/Image/UiDrawLog/UiDrawLog23.png	Rate in S-Rank pool:	70%									
170017	9970	<color=#26bbf9>70% rate in S-Rank pool</color>	Assets/Product/Texture/Image/UiDrawLog/UiDrawLog22.png	Assets/Product/Texture/Image/UiDrawLog/UiDrawLog23.png	Rate in S-Rank pool:	70%									
170018	9970	<color=#26bbf9>70% rate in S-Rank pool</color>	Assets/Product/Texture/Image/UiDrawLog/UiDrawLog22.png	Assets/Product/Texture/Image/UiDrawLog/UiDrawLog23.png	Rate in S-Rank pool:	70%									
170019	9980	<color=#26bbf9>70% rate in S-Rank pool</color>	Assets/Product/Texture/Image/UiDrawLog/UiDrawLog22.png	Assets/Product/Texture/Image/UiDrawLog/UiDrawLog23.png	Rate in S-Rank pool:	70%									
170020	9980	<color=#26bbf9>70% rate in S-Rank pool</color>	Assets/Product/Texture/Image/UiDrawLog/UiDrawLog22.png	Assets/Product/Texture/Image/UiDrawLog/UiDrawLog23.png	Rate in S-Rank pool:	70%									
170021	9980	<color=#26bbf9>70% rate in S-Rank pool</color>	Assets/Product/Texture/Image/UiDrawLog/UiDrawLog22.png	Assets/Product/Texture/Image/UiDrawLog/UiDrawLog23.png	Rate in S-Rank pool:	70%									
170022	9980	<color=#26bbf9>70% rate in S-Rank pool</color>	Assets/Product/Texture/Image/UiDrawLog/UiDrawLog22.png	Assets/Product/Texture/Image/UiDrawLog/UiDrawLog23.png	Rate in S-Rank pool:	70%									
170023	9970	<color=#26bbf9>70% rate in S-Rank pool</color>	Assets/Product/Texture/Image/UiDrawLog/UiDrawLog22.png	Assets/Product/Texture/Image/UiDrawLog/UiDrawLog23.png	Rate in S-Rank pool:	70%									
170024	9970	<color=#26bbf9>70% rate in S-Rank pool</color>	Assets/Product/Texture/Image/UiDrawLog/UiDrawLog22.png	Assets/Product/Texture/Image/UiDrawLog/UiDrawLog23.png	Rate in S-Rank pool:	70%									
170025	9980	<color=#26bbf9>70% rate in S-Rank pool</color>	Assets/Product/Texture/Image/UiDrawLog/UiDrawLog22.png	Assets/Product/Texture/Image/UiDrawLog/UiDrawLog23.png	Rate in S-Rank pool:	70%									
170026	9980	<color=#26bbf9>70% rate in S-Rank pool</color>	Assets/Product/Texture/Image/UiDrawLog/UiDrawLog22.png	Assets/Product/Texture/Image/UiDrawLog/UiDrawLog23.png	Rate in S-Rank pool:	70%									
170027	9970	<color=#26bbf9>70% rate in S-Rank pool</color>	Assets/Product/Texture/Image/UiDrawLog/UiDrawLog22.png	Assets/Product/Texture/Image/UiDrawLog/UiDrawLog23.png	Rate in S-Rank pool:	70%									
170028	9970	<color=#26bbf9>70% rate in S-Rank pool</color>	Assets/Product/Texture/Image/UiDrawLog/UiDrawLog22.png	Assets/Product/Texture/Image/UiDrawLog/UiDrawLog23.png	Rate in S-Rank pool:	70%									
170029	9970	<color=#26bbf9>70% rate in S-Rank pool</color>	Assets/Product/Texture/Image/UiDrawLog/UiDrawLog22.png	Assets/Product/Texture/Image/UiDrawLog/UiDrawLog23.png	Rate in S-Rank pool:	70%									
170030	9970	<color=#26bbf9>70% rate in S-Rank pool</color>	Assets/Product/Texture/Image/UiDrawLog/UiDrawLog22.png	Assets/Product/Texture/Image/UiDrawLog/UiDrawLog23.png	Rate in S-Rank pool:	70%									
170031	9980	<color=#26bbf9>70% rate in S-Rank pool</color>	Assets/Product/Texture/Image/UiDrawLog/UiDrawLog22.png	Assets/Product/Texture/Image/UiDrawLog/UiDrawLog23.png	Rate in S-Rank pool:	70%									
170032	9980	<color=#26bbf9>70% rate in S-Rank pool</color>	Assets/Product/Texture/Image/UiDrawLog/UiDrawLog22.png	Assets/Product/Texture/Image/UiDrawLog/UiDrawLog23.png	Rate in S-Rank pool:	70%									
170033	9980	<color=#26bbf9>70% rate in S-Rank pool</color>	Assets/Product/Texture/Image/UiDrawLog/UiDrawLog22.png	Assets/Product/Texture/Image/UiDrawLog/UiDrawLog23.png	Rate in S-Rank pool:	70%									
170034	9980	<color=#26bbf9>70% rate in S-Rank pool</color>	Assets/Product/Texture/Image/UiDrawLog/UiDrawLog22.png	Assets/Product/Texture/Image/UiDrawLog/UiDrawLog23.png	Rate in S-Rank pool:	70%									
170035	9970	<color=#26bbf9>70% rate in S-Rank pool</color>	Assets/Product/Texture/Image/UiDrawLog/UiDrawLog22.png	Assets/Product/Texture/Image/UiDrawLog/UiDrawLog23.png	Rate in S-Rank pool:	70%									
170036	9970	<color=#26bbf9>70% rate in S-Rank pool</color>	Assets/Product/Texture/Image/UiDrawLog/UiDrawLog22.png	Assets/Product/Texture/Image/UiDrawLog/UiDrawLog23.png	Rate in S-Rank pool:	70%									
170037	9980	<color=#26bbf9>70% rate in S-Rank pool</color>	Assets/Product/Texture/Image/UiDrawLog/UiDrawLog22.png	Assets/Product/Texture/Image/UiDrawLog/UiDrawLog23.png	Rate in S-Rank pool:	70%									
170038	9980	<color=#26bbf9>70% rate in S-Rank pool</color>	Assets/Product/Texture/Image/UiDrawLog/UiDrawLog22.png	Assets/Product/Texture/Image/UiDrawLog/UiDrawLog23.png	Rate in S-Rank pool:	70%									
170039	9970	<color=#26bbf9>70% rate in S-Rank pool</color>	Assets/Product/Texture/Image/UiDrawLog/UiDrawLog22.png	Assets/Product/Texture/Image/UiDrawLog/UiDrawLog23.png	Rate in S-Rank pool:	70%									
170040	9970	<color=#26bbf9>70% rate in S-Rank pool</color>	Assets/Product/Texture/Image/UiDrawLog/UiDrawLog22.png	Assets/Product/Texture/Image/UiDrawLog/UiDrawLog23.png	Rate in S-Rank pool:	70%									
170041	9980	<color=#26bbf9>70% rate in S-Rank pool</color>	Assets/Product/Texture/Image/UiDrawLog/UiDrawLog22.png	Assets/Product/Texture/Image/UiDrawLog/UiDrawLog23.png	Rate in S-Rank pool:	70%									
170042	9980	<color=#26bbf9>70% rate in S-Rank pool</color>	Assets/Product/Texture/Image/UiDrawLog/UiDrawLog22.png	Assets/Product/Texture/Image/UiDrawLog/UiDrawLog23.png	Rate in S-Rank pool:	70%									
170043	9970	<color=#26bbf9>70% rate in S-Rank pool</color>	Assets/Product/Texture/Image/UiDrawLog/UiDrawLog22.png	Assets/Product/Texture/Image/UiDrawLog/UiDrawLog23.png	Rate in S-Rank pool:	70%									
170044	9970	<color=#26bbf9>70% rate in S-Rank pool</color>	Assets/Product/Texture/Image/UiDrawLog/UiDrawLog22.png	Assets/Product/Texture/Image/UiDrawLog/UiDrawLog23.png	Rate in S-Rank pool:	70%									
1060	10000	<color=#26bbf9>100% rate in S-Rank pool</color>	Assets/Product/Texture/Image/UiDrawLog/UiDrawLog22.png	Assets/Product/Texture/Image/UiDrawLog/UiDrawLog23.png	Rate in S-Rank pool:	100%									
2054	10000	<color=#26bbf9>100% rate in S-Rank pool</color>	Assets/Product/Texture/Image/UiDrawLog/UiDrawLog22.png	Assets/Product/Texture/Image/UiDrawLog/UiDrawLog23.png	Rate in S-Rank pool:	100%									
170045	9980	<color=#26bbf9>70% rate in S-Rank pool</color>	Assets/Product/Texture/Image/UiDrawLog/UiDrawLog22.png	Assets/Product/Texture/Image/UiDrawLog/UiDrawLog23.png	Rate in S-Rank pool:	70%									
170046	9980	<color=#26bbf9>70% rate in S-Rank pool</color>	Assets/Product/Texture/Image/UiDrawLog/UiDrawLog22.png	Assets/Product/Texture/Image/UiDrawLog/UiDrawLog23.png	Rate in S-Rank pool:	70%									
170047	9970	<color=#26bbf9>70% rate in S-Rank pool</color>	Assets/Product/Texture/Image/UiDrawLog/UiDrawLog22.png	Assets/Product/Texture/Image/UiDrawLog/UiDrawLog23.png	Rate in S-Rank pool:	70%									
170048	9970	<color=#26bbf9>70% rate in S-Rank pool</color>	Assets/Product/Texture/Image/UiDrawLog/UiDrawLog22.png	Assets/Product/Texture/Image/UiDrawLog/UiDrawLog23.png	Rate in S-Rank pool:	70%									
170049	9980	<color=#26bbf9>70% rate in S-Rank pool</color>	Assets/Product/Texture/Image/UiDrawLog/UiDrawLog22.png	Assets/Product/Texture/Image/UiDrawLog/UiDrawLog23.png	Rate in S-Rank pool:	70%									
170050	9980	<color=#26bbf9>70% rate in S-Rank pool</color>	Assets/Product/Texture/Image/UiDrawLog/UiDrawLog22.png	Assets/Product/Texture/Image/UiDrawLog/UiDrawLog23.png	Rate in S-Rank pool:	70%									
170051	9970	<color=#26bbf9>70% rate in S-Rank pool</color>	Assets/Product/Texture/Image/UiDrawLog/UiDrawLog22.png	Assets/Product/Texture/Image/UiDrawLog/UiDrawLog23.png	Rate in S-Rank pool:	70%									
170052	9970	<color=#26bbf9>70% rate in S-Rank pool</color>	Assets/Product/Texture/Image/UiDrawLog/UiDrawLog22.png	Assets/Product/Texture/Image/UiDrawLog/UiDrawLog23.png	Rate in S-Rank pool:	70%									
170053	9980	<color=#26bbf9>70% rate in S-Rank pool</color>	Assets/Product/Texture/Image/UiDrawLog/UiDrawLog22.png	Assets/Product/Texture/Image/UiDrawLog/UiDrawLog23.png	Rate in S-Rank pool:	70%									
170054	9980	<color=#26bbf9>70% rate in S-Rank pool</color>	Assets/Product/Texture/Image/UiDrawLog/UiDrawLog22.png	Assets/Product/Texture/Image/UiDrawLog/UiDrawLog23.png	Rate in S-Rank pool:	70%									
170055	9970	<color=#26bbf9>70% rate in S-Rank pool</color>	Assets/Product/Texture/Image/UiDrawLog/UiDrawLog22.png	Assets/Product/Texture/Image/UiDrawLog/UiDrawLog23.png	Rate in S-Rank pool:	70%									
170056	9970	<color=#26bbf9>70% rate in S-Rank pool</color>	Assets/Product/Texture/Image/UiDrawLog/UiDrawLog22.png	Assets/Product/Texture/Image/UiDrawLog/UiDrawLog23.png	Rate in S-Rank pool:	70%									
170057	9980	<color=#26bbf9>70% rate in S-Rank pool</color>	Assets/Product/Texture/Image/UiDrawLog/UiDrawLog22.png	Assets/Product/Texture/Image/UiDrawLog/UiDrawLog23.png	Rate in S-Rank pool:	70%									
170058	9980	<color=#26bbf9>70% rate in S-Rank pool</color>	Assets/Product/Texture/Image/UiDrawLog/UiDrawLog22.png	Assets/Product/Texture/Image/UiDrawLog/UiDrawLog23.png	Rate in S-Rank pool:	70%									
170059	9970	<color=#26bbf9>70% rate in S-Rank pool</color>	Assets/Product/Texture/Image/UiDrawLog/UiDrawLog22.png	Assets/Product/Texture/Image/UiDrawLog/UiDrawLog23.png	Rate in S-Rank pool:	70%									
170060	9970	<color=#26bbf9>70% rate in S-Rank pool</color>	Assets/Product/Texture/Image/UiDrawLog/UiDrawLog22.png	Assets/Product/Texture/Image/UiDrawLog/UiDrawLog23.png	Rate in S-Rank pool:	70%									
170061	9980	<color=#26bbf9>70% rate in S-Rank pool</color>	Assets/Product/Texture/Image/UiDrawLog/UiDrawLog22.png	Assets/Product/Texture/Image/UiDrawLog/UiDrawLog23.png	Rate in S-Rank pool:	70%									
170062	9980	<color=#26bbf9>70% rate in S-Rank pool</color>	Assets/Product/Texture/Image/UiDrawLog/UiDrawLog22.png	Assets/Product/Texture/Image/UiDrawLog/UiDrawLog23.png	Rate in S-Rank pool:	70%									
170063	9970	<color=#26bbf9>70% rate in S-Rank pool</color>	Assets/Product/Texture/Image/UiDrawLog/UiDrawLog22.png	Assets/Product/Texture/Image/UiDrawLog/UiDrawLog23.png	Rate in S-Rank pool:	70%									
170064	9970	<color=#26bbf9>70% rate in S-Rank pool</color>	Assets/Product/Texture/Image/UiDrawLog/UiDrawLog22.png	Assets/Product/Texture/Image/UiDrawLog/UiDrawLog23.png	Rate in S-Rank pool:	70%									
170065	9970	<color=#26bbf9>70% rate in S-Rank pool</color>	Assets/Product/Texture/Image/UiDrawLog/UiDrawLog22.png	Assets/Product/Texture/Image/UiDrawLog/UiDrawLog23.png	Rate in S-Rank pool:	70%									
170066	9970	<color=#26bbf9>70% rate in S-Rank pool</color>	Assets/Product/Texture/Image/UiDrawLog/UiDrawLog22.png	Assets/Product/Texture/Image/UiDrawLog/UiDrawLog23.png	Rate in S-Rank pool:	70%									
170067	9980	<color=#26bbf9>70% rate in S-Rank pool</color>	Assets/Product/Texture/Image/UiDrawLog/UiDrawLog22.png	Assets/Product/Texture/Image/UiDrawLog/UiDrawLog23.png	Rate in S-Rank pool:	70%									
170068	9980	<color=#26bbf9>70% rate in S-Rank pool</color>	Assets/Product/Texture/Image/UiDrawLog/UiDrawLog22.png	Assets/Product/Texture/Image/UiDrawLog/UiDrawLog23.png	Rate in S-Rank pool:	70%									
170069	9970	<color=#26bbf9>70% rate in S-Rank pool</color>	Assets/Product/Texture/Image/UiDrawLog/UiDrawLog22.png	Assets/Product/Texture/Image/UiDrawLog/UiDrawLog23.png	Rate in S-Rank pool:	70%									
170070	9970	<color=#26bbf9>70% rate in S-Rank pool</color>	Assets/Product/Texture/Image/UiDrawLog/UiDrawLog22.png	Assets/Product/Texture/Image/UiDrawLog/UiDrawLog23.png	Rate in S-Rank pool:	70%									
170071	9980	<color=#26bbf9>70% rate in S-Rank pool</color>	Assets/Product/Texture/Image/UiDrawLog/UiDrawLog22.png	Assets/Product/Texture/Image/UiDrawLog/UiDrawLog23.png	Rate in S-Rank pool:	70%									
170072	9980	<color=#26bbf9>70% rate in S-Rank pool</color>	Assets/Product/Texture/Image/UiDrawLog/UiDrawLog22.png	Assets/Product/Texture/Image/UiDrawLog/UiDrawLog23.png	Rate in S-Rank pool:	70%									
170073	9980	<color=#26bbf9>70% rate in S-Rank pool</color>	Assets/Product/Texture/Image/UiDrawLog/UiDrawLog22.png	Assets/Product/Texture/Image/UiDrawLog/UiDrawLog23.png	Rate in S-Rank pool:	70%									
170074	9980	<color=#26bbf9>70% rate in S-Rank pool</color>	Assets/Product/Texture/Image/UiDrawLog/UiDrawLog22.png	Assets/Product/Texture/Image/UiDrawLog/UiDrawLog23.png	Rate in S-Rank pool:	70%									
170075	9970	<color=#26bbf9>70% rate in S-Rank pool</color>	Assets/Product/Texture/Image/UiDrawLog/UiDrawLog22.png	Assets/Product/Texture/Image/UiDrawLog/UiDrawLog23.png	Rate in S-Rank pool:	70%									
170076	9970	<color=#26bbf9>70% rate in S-Rank pool</color>	Assets/Product/Texture/Image/UiDrawLog/UiDrawLog22.png	Assets/Product/Texture/Image/UiDrawLog/UiDrawLog23.png	Rate in S-Rank pool:	70%									
170077	9970	<color=#26bbf9>70% rate in S-Rank pool</color>	Assets/Product/Texture/Image/UiDrawLog/UiDrawLog22.png	Assets/Product/Texture/Image/UiDrawLog/UiDrawLog23.png	Rate in S-Rank pool:	70%									
170078	9970	<color=#26bbf9>70% rate in S-Rank pool</color>	Assets/Product/Texture/Image/UiDrawLog/UiDrawLog22.png	Assets/Product/Texture/Image/UiDrawLog/UiDrawLog23.png	Rate in S-Rank pool:	70%									
170079	9980	<color=#26bbf9>70% rate in S-Rank pool</color>	Assets/Product/Texture/Image/UiDrawLog/UiDrawLog22.png	Assets/Product/Texture/Image/UiDrawLog/UiDrawLog23.png	Rate in S-Rank pool:	70%									
170080	9980	<color=#26bbf9>70% rate in S-Rank pool</color>	Assets/Product/Texture/Image/UiDrawLog/UiDrawLog22.png	Assets/Product/Texture/Image/UiDrawLog/UiDrawLog23.png	Rate in S-Rank pool:	70%									
170081	9980	<color=#26bbf9>70% rate in S-Rank pool</color>	Assets/Product/Texture/Image/UiDrawLog/UiDrawLog22.png	Assets/Product/Texture/Image/UiDrawLog/UiDrawLog23.png	Rate in S-Rank pool:	70%									
170082	9980	<color=#26bbf9>70% rate in S-Rank pool</color>	Assets/Product/Texture/Image/UiDrawLog/UiDrawLog22.png	Assets/Product/Texture/Image/UiDrawLog/UiDrawLog23.png	Rate in S-Rank pool:	70%									
170083	9970	<color=#26bbf9>70% rate in S-Rank pool</color>	Assets/Product/Texture/Image/UiDrawLog/UiDrawLog22.png	Assets/Product/Texture/Image/UiDrawLog/UiDrawLog23.png	Rate in S-Rank pool:	70%									
170084	9970	<color=#26bbf9>70% rate in S-Rank pool</color>	Assets/Product/Texture/Image/UiDrawLog/UiDrawLog22.png	Assets/Product/Texture/Image/UiDrawLog/UiDrawLog23.png	Rate in S-Rank pool:	70%									
170085	9980	<color=#26bbf9>70% rate in S-Rank pool</color>	Assets/Product/Texture/Image/UiDrawLog/UiDrawLog22.png	Assets/Product/Texture/Image/UiDrawLog/UiDrawLog23.png	Rate in S-Rank pool:	70%									
170086	9980	<color=#26bbf9>70% rate in S-Rank pool</color>	Assets/Product/Texture/Image/UiDrawLog/UiDrawLog22.png	Assets/Product/Texture/Image/UiDrawLog/UiDrawLog23.png	Rate in S-Rank pool:	70%									
170087	9970	<color=#26bbf9>70% rate in S-Rank pool</color>	Assets/Product/Texture/Image/UiDrawLog/UiDrawLog22.png	Assets/Product/Texture/Image/UiDrawLog/UiDrawLog23.png	Rate in S-Rank pool:	70%									
170088	9970	<color=#26bbf9>70% rate in S-Rank pool</color>	Assets/Product/Texture/Image/UiDrawLog/UiDrawLog22.png	Assets/Product/Texture/Image/UiDrawLog/UiDrawLog23.png	Rate in S-Rank pool:	70%									
170089	9970	<color=#26bbf9>70% rate in S-Rank pool</color>	Assets/Product/Texture/Image/UiDrawLog/UiDrawLog22.png	Assets/Product/Texture/Image/UiDrawLog/UiDrawLog23.png	Rate in S-Rank pool:	70%									
170090	9970	<color=#26bbf9>70% rate in S-Rank pool</color>	Assets/Product/Texture/Image/UiDrawLog/UiDrawLog22.png	Assets/Product/Texture/Image/UiDrawLog/UiDrawLog23.png	Rate in S-Rank pool:	70%									
170091	9980	<color=#26bbf9>70% rate in S-Rank pool</color>	Assets/Product/Texture/Image/UiDrawLog/UiDrawLog22.png	Assets/Product/Texture/Image/UiDrawLog/UiDrawLog23.png	Rate in S-Rank pool:	70%									
170092	9980	<color=#26bbf9>70% rate in S-Rank pool</color>	Assets/Product/Texture/Image/UiDrawLog/UiDrawLog22.png	Assets/Product/Texture/Image/UiDrawLog/UiDrawLog23.png	Rate in S-Rank pool:	70%									
170093	9980	<color=#26bbf9>70% rate in S-Rank pool</color>	Assets/Product/Texture/Image/UiDrawLog/UiDrawLog22.png	Assets/Product/Texture/Image/UiDrawLog/UiDrawLog23.png	Rate in S-Rank pool:	70%									
170094	9980	<color=#26bbf9>70% rate in S-Rank pool</color>	Assets/Product/Texture/Image/UiDrawLog/UiDrawLog22.png	Assets/Product/Texture/Image/UiDrawLog/UiDrawLog23.png	Rate in S-Rank pool:	70%									
170095	9970	<color=#26bbf9>70% rate in S-Rank pool</color>	Assets/Product/Texture/Image/UiDrawLog/UiDrawLog22.png	Assets/Product/Texture/Image/UiDrawLog/UiDrawLog23.png	Rate in S-Rank pool:	70%									
170096	9970	<color=#26bbf9>70% rate in S-Rank pool</color>	Assets/Product/Texture/Image/UiDrawLog/UiDrawLog22.png	Assets/Product/Texture/Image/UiDrawLog/UiDrawLog23.png	Rate in S-Rank pool:	70%									
170097	9970	<color=#26bbf9>70% rate in S-Rank pool</color>	Assets/Product/Texture/Image/UiDrawLog/UiDrawLog22.png	Assets/Product/Texture/Image/UiDrawLog/UiDrawLog23.png	Rate in S-Rank pool:	70%									
170098	9970	<color=#26bbf9>70% rate in S-Rank pool</color>	Assets/Product/Texture/Image/UiDrawLog/UiDrawLog22.png	Assets/Product/Texture/Image/UiDrawLog/UiDrawLog23.png	Rate in S-Rank pool:	70%									
170099	9980	<color=#26bbf9>70% rate in S-Rank pool</color>	Assets/Product/Texture/Image/UiDrawLog/UiDrawLog22.png	Assets/Product/Texture/Image/UiDrawLog/UiDrawLog23.png	Rate in S-Rank pool:	70%									
170100	9980	<color=#26bbf9>70% rate in S-Rank pool</color>	Assets/Product/Texture/Image/UiDrawLog/UiDrawLog22.png	Assets/Product/Texture/Image/UiDrawLog/UiDrawLog23.png	Rate in S-Rank pool:	70%									
170101	9980	<color=#26bbf9>70% rate in S-Rank pool</color>	Assets/Product/Texture/Image/UiDrawLog/UiDrawLog22.png	Assets/Product/Texture/Image/UiDrawLog/UiDrawLog23.png	Rate in S-Rank pool:	70%									
170102	9980	<color=#26bbf9>70% rate in S-Rank pool</color>	Assets/Product/Texture/Image/UiDrawLog/UiDrawLog22.png	Assets/Product/Texture/Image/UiDrawLog/UiDrawLog23.png	Rate in S-Rank pool:	70%									
170103	9970	<color=#26bbf9>70% rate in S-Rank pool</color>	Assets/Product/Texture/Image/UiDrawLog/UiDrawLog22.png	Assets/Product/Texture/Image/UiDrawLog/UiDrawLog23.png	Rate in S-Rank pool:	70%									
170104	9970	<color=#26bbf9>70% rate in S-Rank pool</color>	Assets/Product/Texture/Image/UiDrawLog/UiDrawLog22.png	Assets/Product/Texture/Image/UiDrawLog/UiDrawLog23.png	Rate in S-Rank pool:	70%									
170105	9980	<color=#26bbf9>70% rate in S-Rank pool</color>	Assets/Product/Texture/Image/UiDrawLog/UiDrawLog22.png	Assets/Product/Texture/Image/UiDrawLog/UiDrawLog23.png	Rate in S-Rank pool:	70%									
170106	9980	<color=#26bbf9>70% rate in S-Rank pool</color>	Assets/Product/Texture/Image/UiDrawLog/UiDrawLog22.png	Assets/Product/Texture/Image/UiDrawLog/UiDrawLog23.png	Rate in S-Rank pool:	70%									
170107	9970	<color=#26bbf9>70% rate in S-Rank pool</color>	Assets/Product/Texture/Image/UiDrawLog/UiDrawLog22.png	Assets/Product/Texture/Image/UiDrawLog/UiDrawLog23.png	Rate in S-Rank pool:	70%									
170108	9970	<color=#26bbf9>70% rate in S-Rank pool</color>	Assets/Product/Texture/Image/UiDrawLog/UiDrawLog22.png	Assets/Product/Texture/Image/UiDrawLog/UiDrawLog23.png	Rate in S-Rank pool:	70%									
170109	9980	<color=#26bbf9>70% rate in S-Rank pool</color>	Assets/Product/Texture/Image/UiDrawLog/UiDrawLog22.png	Assets/Product/Texture/Image/UiDrawLog/UiDrawLog23.png	Rate in S-Rank pool:	70%									
170110	9980	<color=#26bbf9>70% rate in S-Rank pool</color>	Assets/Product/Texture/Image/UiDrawLog/UiDrawLog22.png	Assets/Product/Texture/Image/UiDrawLog/UiDrawLog23.png	Rate in S-Rank pool:	70%									
170111	9970	<color=#26bbf9>70% rate in S-Rank pool</color>	Assets/Product/Texture/Image/UiDrawLog/UiDrawLog22.png	Assets/Product/Texture/Image/UiDrawLog/UiDrawLog23.png	Rate in S-Rank pool:	70%									
170112	9970	<color=#26bbf9>70% rate in S-Rank pool</color>	Assets/Product/Texture/Image/UiDrawLog/UiDrawLog22.png	Assets/Product/Texture/Image/UiDrawLog/UiDrawLog23.png	Rate in S-Rank pool:	70%									
170113	9980	<color=#26bbf9>70% rate in S-Rank pool</color>	Assets/Product/Texture/Image/UiDrawLog/UiDrawLog22.png	Assets/Product/Texture/Image/UiDrawLog/UiDrawLog23.png	Rate in S-Rank pool:	70%									
170114	9980	<color=#26bbf9>70% rate in S-Rank pool</color>	Assets/Product/Texture/Image/UiDrawLog/UiDrawLog22.png	Assets/Product/Texture/Image/UiDrawLog/UiDrawLog23.png	Rate in S-Rank pool:	70%									
170115	9970	<color=#26bbf9>70% rate in S-Rank pool</color>	Assets/Product/Texture/Image/UiDrawLog/UiDrawLog22.png	Assets/Product/Texture/Image/UiDrawLog/UiDrawLog23.png	Rate in S-Rank pool:	70%									
170116	9970	<color=#26bbf9>70% rate in S-Rank pool</color>	Assets/Product/Texture/Image/UiDrawLog/UiDrawLog22.png	Assets/Product/Texture/Image/UiDrawLog/UiDrawLog23.png	Rate in S-Rank pool:	70%									
170117	9980	<color=#26bbf9>70% rate in S-Rank pool</color>	Assets/Product/Texture/Image/UiDrawLog/UiDrawLog22.png	Assets/Product/Texture/Image/UiDrawLog/UiDrawLog23.png	Rate in S-Rank pool:	70%									
170118	9980	<color=#26bbf9>70% rate in S-Rank pool</color>	Assets/Product/Texture/Image/UiDrawLog/UiDrawLog22.png	Assets/Product/Texture/Image/UiDrawLog/UiDrawLog23.png	Rate in S-Rank pool:	70%									
170119	9970	<color=#26bbf9>70% rate in S-Rank pool</color>	Assets/Product/Texture/Image/UiDrawLog/UiDrawLog22.png	Assets/Product/Texture/Image/UiDrawLog/UiDrawLog23.png	Rate in S-Rank pool:	70%									
170120	9970	<color=#26bbf9>70% rate in S-Rank pool</color>	Assets/Product/Texture/Image/UiDrawLog/UiDrawLog22.png	Assets/Product/Texture/Image/UiDrawLog/UiDrawLog23.png	Rate in S-Rank pool:	70%									
170121	9980	<color=#26bbf9>70% rate in S-Rank pool</color>	Assets/Product/Texture/Image/UiDrawLog/UiDrawLog22.png	Assets/Product/Texture/Image/UiDrawLog/UiDrawLog23.png	Rate in S-Rank pool:	70%									
170122	9980	<color=#26bbf9>70% rate in S-Rank pool</color>	Assets/Product/Texture/Image/UiDrawLog/UiDrawLog22.png	Assets/Product/Texture/Image/UiDrawLog/UiDrawLog23.png	Rate in S-Rank pool:	70%									
170123	9970	<color=#26bbf9>70% rate in S-Rank pool</color>	Assets/Product/Texture/Image/UiDrawLog/UiDrawLog22.png	Assets/Product/Texture/Image/UiDrawLog/UiDrawLog23.png	Rate in S-Rank pool:	70%									
170124	9970	<color=#26bbf9>70% rate in S-Rank pool</color>	Assets/Product/Texture/Image/UiDrawLog/UiDrawLog22.png	Assets/Product/Texture/Image/UiDrawLog/UiDrawLog23.png	Rate in S-Rank pool:	70%									
170125	9980	<color=#26bbf9>70% rate in S-Rank pool</color>	Assets/Product/Texture/Image/UiDrawLog/UiDrawLog22.png	Assets/Product/Texture/Image/UiDrawLog/UiDrawLog23.png	Rate in S-Rank pool:	70%									
170126	9980	<color=#26bbf9>70% rate in S-Rank pool</color>	Assets/Product/Texture/Image/UiDrawLog/UiDrawLog22.png	Assets/Product/Texture/Image/UiDrawLog/UiDrawLog23.png	Rate in S-Rank pool:	70%									
170127	9970	<color=#26bbf9>70% rate in S-Rank pool</color>	Assets/Product/Texture/Image/UiDrawLog/UiDrawLog22.png	Assets/Product/Texture/Image/UiDrawLog/UiDrawLog23.png	Rate in S-Rank pool:	70%									
170128	9970	<color=#26bbf9>70% rate in S-Rank pool</color>	Assets/Product/Texture/Image/UiDrawLog/UiDrawLog22.png	Assets/Product/Texture/Image/UiDrawLog/UiDrawLog23.png	Rate in S-Rank pool:	70%									
170129	9970	<color=#26bbf9>70% rate in S-Rank pool</color>	Assets/Product/Texture/Image/UiDrawLog/UiDrawLog22.png	Assets/Product/Texture/Image/UiDrawLog/UiDrawLog23.png	Rate in S-Rank pool:	70%									
170130	9970	<color=#26bbf9>70% rate in S-Rank pool</color>	Assets/Product/Texture/Image/UiDrawLog/UiDrawLog22.png	Assets/Product/Texture/Image/UiDrawLog/UiDrawLog23.png	Rate in S-Rank pool:	70%									
170131	9980	<color=#26bbf9>70% rate in S-Rank pool</color>	Assets/Product/Texture/Image/UiDrawLog/UiDrawLog22.png	Assets/Product/Texture/Image/UiDrawLog/UiDrawLog23.png	Rate in S-Rank pool:	70%									
170132	9980	<color=#26bbf9>70% rate in S-Rank pool</color>	Assets/Product/Texture/Image/UiDrawLog/UiDrawLog22.png	Assets/Product/Texture/Image/UiDrawLog/UiDrawLog23.png	Rate in S-Rank pool:	70%									
170133	9970	<color=#26bbf9>70% rate in S-Rank pool</color>	Assets/Product/Texture/Image/UiDrawLog/UiDrawLog22.png	Assets/Product/Texture/Image/UiDrawLog/UiDrawLog23.png	Rate in S-Rank pool:	70%									
170134	9970	<color=#26bbf9>70% rate in S-Rank pool</color>	Assets/Product/Texture/Image/UiDrawLog/UiDrawLog22.png	Assets/Product/Texture/Image/UiDrawLog/UiDrawLog23.png	Rate in S-Rank pool:	70%									
170135	9980	<color=#26bbf9>70% rate in S-Rank pool</color>	Assets/Product/Texture/Image/UiDrawLog/UiDrawLog22.png	Assets/Product/Texture/Image/UiDrawLog/UiDrawLog23.png	Rate in S-Rank pool:	70%									
170136	9980	<color=#26bbf9>70% rate in S-Rank pool</color>	Assets/Product/Texture/Image/UiDrawLog/UiDrawLog22.png	Assets/Product/Texture/Image/UiDrawLog/UiDrawLog23.png	Rate in S-Rank pool:	70%									
170137	10000	<color=#ff8d1e>100% rate in S-Rank pool</color>	Assets/Product/Texture/Image/UiDrawLog/UiDrawLog22.png	Assets/Product/Texture/Image/UiDrawLog/UiDrawLog23.png	Rate in S-Rank pool:	100%									
170138	9990	<color=#ff8d1e>100% rate in S-Rank pool</color>	Assets/Product/Texture/Image/UiDrawLog/UiDrawLog22.png	Assets/Product/Texture/Image/UiDrawLog/UiDrawLog23.png	Rate in S-Rank pool:	100%									
170139	9980	<color=#ff8d1e>100% rate in S-Rank pool</color>	Assets/Product/Texture/Image/UiDrawLog/UiDrawLog22.png	Assets/Product/Texture/Image/UiDrawLog/UiDrawLog23.png	Rate in S-Rank pool:	100%									
170140	9970	<color=#ff8d1e>100% rate in S-Rank pool</color>	Assets/Product/Texture/Image/UiDrawLog/UiDrawLog22.png	Assets/Product/Texture/Image/UiDrawLog/UiDrawLog23.png	Rate in S-Rank pool:	100%									
170141	9960	<color=#ff8d1e>100% rate in S-Rank pool</color>	Assets/Product/Texture/Image/UiDrawLog/UiDrawLog22.png	Assets/Product/Texture/Image/UiDrawLog/UiDrawLog23.png	Rate in S-Rank pool:	100%									
170142	9950	<color=#ff8d1e>100% rate in S-Rank pool</color>	Assets/Product/Texture/Image/UiDrawLog/UiDrawLog22.png	Assets/Product/Texture/Image/UiDrawLog/UiDrawLog23.png	Rate in S-Rank pool:	100%									
170143	9940	<color=#ff8d1e>100% rate in S-Rank pool</color>	Assets/Product/Texture/Image/UiDrawLog/UiDrawLog22.png	Assets/Product/Texture/Image/UiDrawLog/UiDrawLog23.png	Rate in S-Rank pool:	100%									
170144	9930	<color=#ff8d1e>100% rate in S-Rank pool</color>	Assets/Product/Texture/Image/UiDrawLog/UiDrawLog22.png	Assets/Product/Texture/Image/UiDrawLog/UiDrawLog23.png	Rate in S-Rank pool:	100%									
170145	9920	<color=#ff8d1e>100% rate in S-Rank pool</color>	Assets/Product/Texture/Image/UiDrawLog/UiDrawLog22.png	Assets/Product/Texture/Image/UiDrawLog/UiDrawLog23.png	Rate in S-Rank pool:	100%									
170146	9910	<color=#ff8d1e>100% rate in S-Rank pool</color>	Assets/Product/Texture/Image/UiDrawLog/UiDrawLog22.png	Assets/Product/Texture/Image/UiDrawLog/UiDrawLog23.png	Rate in S-Rank pool:	100%									
170147	9900	<color=#ff8d1e>100% rate in S-Rank pool</color>	Assets/Product/Texture/Image/UiDrawLog/UiDrawLog22.png	Assets/Product/Texture/Image/UiDrawLog/UiDrawLog23.png	Rate in S-Rank pool:	100%									
170148	9890	<color=#ff8d1e>100% rate in S-Rank pool</color>	Assets/Product/Texture/Image/UiDrawLog/UiDrawLog22.png	Assets/Product/Texture/Image/UiDrawLog/UiDrawLog23.png	Rate in S-Rank pool:	100%									
170149	9880	<color=#ff8d1e>100% rate in S-Rank pool</color>	Assets/Product/Texture/Image/UiDrawLog/UiDrawLog22.png	Assets/Product/Texture/Image/UiDrawLog/UiDrawLog23.png	Rate in S-Rank pool:	100%									
170150	9870	<color=#ff8d1e>100% rate in S-Rank pool</color>	Assets/Product/Texture/Image/UiDrawLog/UiDrawLog22.png	Assets/Product/Texture/Image/UiDrawLog/UiDrawLog23.png	Rate in S-Rank pool:	100%									
170151	9860	<color=#ff8d1e>100% rate in S-Rank pool</color>	Assets/Product/Texture/Image/UiDrawLog/UiDrawLog22.png	Assets/Product/Texture/Image/UiDrawLog/UiDrawLog23.png	Rate in S-Rank pool:	100%									
170152	9850	<color=#ff8d1e>100% rate in S-Rank pool</color>	Assets/Product/Texture/Image/UiDrawLog/UiDrawLog22.png	Assets/Product/Texture/Image/UiDrawLog/UiDrawLog23.png	Rate in S-Rank pool:	100%									
170153	9840	<color=#ff8d1e>100% rate in S-Rank pool</color>	Assets/Product/Texture/Image/UiDrawLog/UiDrawLog22.png	Assets/Product/Texture/Image/UiDrawLog/UiDrawLog23.png	Rate in S-Rank pool:	100%									
170154	9830	<color=#ff8d1e>100% rate in S-Rank pool</color>	Assets/Product/Texture/Image/UiDrawLog/UiDrawLog22.png	Assets/Product/Texture/Image/UiDrawLog/UiDrawLog23.png	Rate in S-Rank pool:	100%									
170155	9820	<color=#ff8d1e>100% rate in S-Rank pool</color>	Assets/Product/Texture/Image/UiDrawLog/UiDrawLog22.png	Assets/Product/Texture/Image/UiDrawLog/UiDrawLog23.png	Rate in S-Rank pool:	100%									
170156	9810	<color=#ff8d1e>100% rate in S-Rank pool</color>	Assets/Product/Texture/Image/UiDrawLog/UiDrawLog22.png	Assets/Product/Texture/Image/UiDrawLog/UiDrawLog23.png	Rate in S-Rank pool:	100%									
170157	9800	<color=#ff8d1e>100% rate in S-Rank pool</color>	Assets/Product/Texture/Image/UiDrawLog/UiDrawLog22.png	Assets/Product/Texture/Image/UiDrawLog/UiDrawLog23.png	Rate in S-Rank pool:	100%									
170158	9790	<color=#ff8d1e>100% rate in S-Rank pool</color>	Assets/Product/Texture/Image/UiDrawLog/UiDrawLog22.png	Assets/Product/Texture/Image/UiDrawLog/UiDrawLog23.png	Rate in S-Rank pool:	100%									
170159	9780	<color=#ff8d1e>100% rate in S-Rank pool</color>	Assets/Product/Texture/Image/UiDrawLog/UiDrawLog22.png	Assets/Product/Texture/Image/UiDrawLog/UiDrawLog23.png	Rate in S-Rank pool:	100%									
170160	9770	<color=#ff8d1e>100% rate in S-Rank pool</color>	Assets/Product/Texture/Image/UiDrawLog/UiDrawLog22.png	Assets/Product/Texture/Image/UiDrawLog/UiDrawLog23.png	Rate in S-Rank pool:	100%									
170161	9980	<color=#26bbf9>70% rate in S-Rank pool</color>	Assets/Product/Texture/Image/UiDrawLog/UiDrawLog22.png	Assets/Product/Texture/Image/UiDrawLog/UiDrawLog23.png	Rate in S-Rank pool:	70%									
170162	9980	<color=#26bbf9>70% rate in S-Rank pool</color>	Assets/Product/Texture/Image/UiDrawLog/UiDrawLog22.png	Assets/Product/Texture/Image/UiDrawLog/UiDrawLog23.png	Rate in S-Rank pool:	70%									
170163	9960	<color=#26bbf9>70% rate in S-Rank pool</color>	Assets/Product/Texture/Image/UiDrawLog/UiDrawLog22.png	Assets/Product/Texture/Image/UiDrawLog/UiDrawLog23.png	Rate in S-Rank pool:	70%									
170164	9960	<color=#26bbf9>70% rate in S-Rank pool</color>	Assets/Product/Texture/Image/UiDrawLog/UiDrawLog22.png	Assets/Product/Texture/Image/UiDrawLog/UiDrawLog23.png	Rate in S-Rank pool:	70%									
170165	9970	<color=#26bbf9>70% rate in S-Rank pool</color>	Assets/Product/Texture/Image/UiDrawLog/UiDrawLog22.png	Assets/Product/Texture/Image/UiDrawLog/UiDrawLog23.png	Rate in S-Rank pool:	70%									
170166	9970	<color=#26bbf9>70% rate in S-Rank pool</color>	Assets/Product/Texture/Image/UiDrawLog/UiDrawLog22.png	Assets/Product/Texture/Image/UiDrawLog/UiDrawLog23.png	Rate in S-Rank pool:	70%									
170167	9980	<color=#26bbf9>70% rate in S-Rank pool</color>	Assets/Product/Texture/Image/UiDrawLog/UiDrawLog22.png	Assets/Product/Texture/Image/UiDrawLog/UiDrawLog23.png	Rate in S-Rank pool:	70%									
170168	9980	<color=#26bbf9>70% rate in S-Rank pool</color>	Assets/Product/Texture/Image/UiDrawLog/UiDrawLog22.png	Assets/Product/Texture/Image/UiDrawLog/UiDrawLog23.png	Rate in S-Rank pool:	70%									
170169	9970	<color=#26bbf9>70% rate in S-Rank pool</color>	Assets/Product/Texture/Image/UiDrawLog/UiDrawLog22.png	Assets/Product/Texture/Image/UiDrawLog/UiDrawLog23.png	Rate in S-Rank pool:	70%									
170170	9970	<color=#26bbf9>70% rate in S-Rank pool</color>	Assets/Product/Texture/Image/UiDrawLog/UiDrawLog22.png	Assets/Product/Texture/Image/UiDrawLog/UiDrawLog23.png	Rate in S-Rank pool:	70%									
170171	9960	<color=#26bbf9>70% rate in S-Rank pool</color>	Assets/Product/Texture/Image/UiDrawLog/UiDrawLog22.png	Assets/Product/Texture/Image/UiDrawLog/UiDrawLog23.png	Rate in S-Rank pool:	70%									
170172	9960	<color=#26bbf9>70% rate in S-Rank pool</color>	Assets/Product/Texture/Image/UiDrawLog/UiDrawLog22.png	Assets/Product/Texture/Image/UiDrawLog/UiDrawLog23.png	Rate in S-Rank pool:	70%									
170173	9980	<color=#26bbf9>70% rate in S-Rank pool</color>	Assets/Product/Texture/Image/UiDrawLog/UiDrawLog22.png	Assets/Product/Texture/Image/UiDrawLog/UiDrawLog23.png	Rate in S-Rank pool:	70%									
170174	9980	<color=#26bbf9>70% rate in S-Rank pool</color>	Assets/Product/Texture/Image/UiDrawLog/UiDrawLog22.png	Assets/Product/Texture/Image/UiDrawLog/UiDrawLog23.png	Rate in S-Rank pool:	70%									
170175	9970	<color=#26bbf9>70% rate in S-Rank pool</color>	Assets/Product/Texture/Image/UiDrawLog/UiDrawLog22.png	Assets/Product/Texture/Image/UiDrawLog/UiDrawLog23.png	Rate in S-Rank pool:	70%									
170176	9970	<color=#26bbf9>70% rate in S-Rank pool</color>	Assets/Product/Texture/Image/UiDrawLog/UiDrawLog22.png	Assets/Product/Texture/Image/UiDrawLog/UiDrawLog23.png	Rate in S-Rank pool:	70%									
170177	9960	<color=#26bbf9>70% rate in S-Rank pool</color>	Assets/Product/Texture/Image/UiDrawLog/UiDrawLog22.png	Assets/Product/Texture/Image/UiDrawLog/UiDrawLog23.png	Rate in S-Rank pool:	70%									
170178	9960	<color=#26bbf9>70% rate in S-Rank pool</color>	Assets/Product/Texture/Image/UiDrawLog/UiDrawLog22.png	Assets/Product/Texture/Image/UiDrawLog/UiDrawLog23.png	Rate in S-Rank pool:	70%									
170179	9980	<color=#26bbf9>70% rate in S-Rank pool</color>	Assets/Product/Texture/Image/UiDrawLog/UiDrawLog22.png	Assets/Product/Texture/Image/UiDrawLog/UiDrawLog23.png	Rate in S-Rank pool:	70%									
170180	9980	<color=#26bbf9>70% rate in S-Rank pool</color>	Assets/Product/Texture/Image/UiDrawLog/UiDrawLog22.png	Assets/Product/Texture/Image/UiDrawLog/UiDrawLog23.png	Rate in S-Rank pool:	70%									
170181	9970	<color=#26bbf9>70% rate in S-Rank pool</color>	Assets/Product/Texture/Image/UiDrawLog/UiDrawLog22.png	Assets/Product/Texture/Image/UiDrawLog/UiDrawLog23.png	Rate in S-Rank pool:	70%									
170182	9970	<color=#26bbf9>70% rate in S-Rank pool</color>	Assets/Product/Texture/Image/UiDrawLog/UiDrawLog22.png	Assets/Product/Texture/Image/UiDrawLog/UiDrawLog23.png	Rate in S-Rank pool:	70%									
170183	9960	<color=#26bbf9>70% rate in S-Rank pool</color>	Assets/Product/Texture/Image/UiDrawLog/UiDrawLog22.png	Assets/Product/Texture/Image/UiDrawLog/UiDrawLog23.png	Rate in S-Rank pool:	70%									
170184	9960	<color=#26bbf9>70% rate in S-Rank pool</color>	Assets/Product/Texture/Image/UiDrawLog/UiDrawLog22.png	Assets/Product/Texture/Image/UiDrawLog/UiDrawLog23.png	Rate in S-Rank pool:	70%									
170185	9980	<color=#26bbf9>70% rate in S-Rank pool</color>	Assets/Product/Texture/Image/UiDrawLog/UiDrawLog22.png	Assets/Product/Texture/Image/UiDrawLog/UiDrawLog23.png	Rate in S-Rank pool:	70%									
170186	9980	<color=#26bbf9>70% rate in S-Rank pool</color>	Assets/Product/Texture/Image/UiDrawLog/UiDrawLog22.png	Assets/Product/Texture/Image/UiDrawLog/UiDrawLog23.png	Rate in S-Rank pool:	70%									
170187	9970	<color=#26bbf9>70% rate in S-Rank pool</color>	Assets/Product/Texture/Image/UiDrawLog/UiDrawLog22.png	Assets/Product/Texture/Image/UiDrawLog/UiDrawLog23.png	Rate in S-Rank pool:	70%									
170188	9970	<color=#26bbf9>70% rate in S-Rank pool</color>	Assets/Product/Texture/Image/UiDrawLog/UiDrawLog22.png	Assets/Product/Texture/Image/UiDrawLog/UiDrawLog23.png	Rate in S-Rank pool:	70%									
170189	9960	<color=#26bbf9>70% rate in S-Rank pool</color>	Assets/Product/Texture/Image/UiDrawLog/UiDrawLog22.png	Assets/Product/Texture/Image/UiDrawLog/UiDrawLog23.png	Rate in S-Rank pool:	70%									
170190	9960	<color=#26bbf9>70% rate in S-Rank pool</color>	Assets/Product/Texture/Image/UiDrawLog/UiDrawLog22.png	Assets/Product/Texture/Image/UiDrawLog/UiDrawLog23.png	Rate in S-Rank pool:	70%									
170191	9980	<color=#26bbf9>70% rate in S-Rank pool</color>	Assets/Product/Texture/Image/UiDrawLog/UiDrawLog22.png	Assets/Product/Texture/Image/UiDrawLog/UiDrawLog23.png	Rate in S-Rank pool:	70%									
170192	9980	<color=#26bbf9>70% rate in S-Rank pool</color>	Assets/Product/Texture/Image/UiDrawLog/UiDrawLog22.png	Assets/Product/Texture/Image/UiDrawLog/UiDrawLog23.png	Rate in S-Rank pool:	70%									
170193	9970	<color=#26bbf9>70% rate in S-Rank pool</color>	Assets/Product/Texture/Image/UiDrawLog/UiDrawLog22.png	Assets/Product/Texture/Image/UiDrawLog/UiDrawLog23.png	Rate in S-Rank pool:	70%									
170194	9970	<color=#26bbf9>70% rate in S-Rank pool</color>	Assets/Product/Texture/Image/UiDrawLog/UiDrawLog22.png	Assets/Product/Texture/Image/UiDrawLog/UiDrawLog23.png	Rate in S-Rank pool:	70%									
170195	9960	<color=#26bbf9>70% rate in S-Rank pool</color>	Assets/Product/Texture/Image/UiDrawLog/UiDrawLog22.png	Assets/Product/Texture/Image/UiDrawLog/UiDrawLog23.png	Rate in S-Rank pool:	70%									
170196	9960	<color=#26bbf9>70% rate in S-Rank pool</color>	Assets/Product/Texture/Image/UiDrawLog/UiDrawLog22.png	Assets/Product/Texture/Image/UiDrawLog/UiDrawLog23.png	Rate in S-Rank pool:	70%									
170197	9980	<color=#26bbf9>70% rate in S-Rank pool</color>	Assets/Product/Texture/Image/UiDrawLog/UiDrawLog22.png	Assets/Product/Texture/Image/UiDrawLog/UiDrawLog23.png	Rate in S-Rank pool:	70%									
170198	9980	<color=#26bbf9>70% rate in S-Rank pool</color>	Assets/Product/Texture/Image/UiDrawLog/UiDrawLog22.png	Assets/Product/Texture/Image/UiDrawLog/UiDrawLog23.png	Rate in S-Rank pool:	70%									
170199	9970	<color=#26bbf9>70% rate in S-Rank pool</color>	Assets/Product/Texture/Image/UiDrawLog/UiDrawLog22.png	Assets/Product/Texture/Image/UiDrawLog/UiDrawLog23.png	Rate in S-Rank pool:	70%									
170200	9970	<color=#26bbf9>70% rate in S-Rank pool</color>	Assets/Product/Texture/Image/UiDrawLog/UiDrawLog22.png	Assets/Product/Texture/Image/UiDrawLog/UiDrawLog23.png	Rate in S-Rank pool:	70%									
170201	9960	<color=#26bbf9>70% rate in S-Rank pool</color>	Assets/Product/Texture/Image/UiDrawLog/UiDrawLog22.png	Assets/Product/Texture/Image/UiDrawLog/UiDrawLog23.png	Rate in S-Rank pool:	70%									
170202	9960	<color=#26bbf9>70% rate in S-Rank pool</color>	Assets/Product/Texture/Image/UiDrawLog/UiDrawLog22.png	Assets/Product/Texture/Image/UiDrawLog/UiDrawLog23.png	Rate in S-Rank pool:	70%									
170203	10000	<color=#26bbf9>70% rate in S-Rank pool</color>	Assets/Product/Texture/Image/UiDrawLog/UiDrawLog22.png	Assets/Product/Texture/Image/UiDrawLog/UiDrawLog23.png	Rate in S-Rank pool:	70%									
170204	9900	<color=#26bbf9>70% rate in S-Rank pool</color>	Assets/Product/Texture/Image/UiDrawLog/UiDrawLog22.png	Assets/Product/Texture/Image/UiDrawLog/UiDrawLog23.png	Rate in S-Rank pool:	70%									
170205	9800	<color=#26bbf9>70% rate in S-Rank pool</color>	Assets/Product/Texture/Image/UiDrawLog/UiDrawLog22.png	Assets/Product/Texture/Image/UiDrawLog/UiDrawLog23.png	Rate in S-Rank pool:	70%									
170206	9700	<color=#26bbf9>70% rate in S-Rank pool</color>	Assets/Product/Texture/Image/UiDrawLog/UiDrawLog22.png	Assets/Product/Texture/Image/UiDrawLog/UiDrawLog23.png	Rate in S-Rank pool:	70%									
170207	9600	<color=#26bbf9>70% rate in S-Rank pool</color>	Assets/Product/Texture/Image/UiDrawLog/UiDrawLog22.png	Assets/Product/Texture/Image/UiDrawLog/UiDrawLog23.png	Rate in S-Rank pool:	70%									
170208	9500	<color=#26bbf9>70% rate in S-Rank pool</color>	Assets/Product/Texture/Image/UiDrawLog/UiDrawLog22.png	Assets/Product/Texture/Image/UiDrawLog/UiDrawLog23.png	Rate in S-Rank pool:	70%									
170209	9400	<color=#26bbf9>70% rate in S-Rank pool</color>	Assets/Product/Texture/Image/UiDrawLog/UiDrawLog22.png	Assets/Product/Texture/Image/UiDrawLog/UiDrawLog23.png	Rate in S-Rank pool:	70%									
170210	9300	<color=#26bbf9>70% rate in S-Rank pool</color>	Assets/Product/Texture/Image/UiDrawLog/UiDrawLog22.png	Assets/Product/Texture/Image/UiDrawLog/UiDrawLog23.png	Rate in S-Rank pool:	70%									
170211	9200	<color=#26bbf9>70% rate in S-Rank pool</color>	Assets/Product/Texture/Image/UiDrawLog/UiDrawLog22.png	Assets/Product/Texture/Image/UiDrawLog/UiDrawLog23.png	Rate in S-Rank pool:	70%									
170212	10000	<color=#26bbf9>70% rate in S-Rank pool</color>	Assets/Product/Texture/Image/UiDrawLog/UiDrawLog22.png	Assets/Product/Texture/Image/UiDrawLog/UiDrawLog23.png	Rate in S-Rank pool:	70%									
170213	9900	<color=#26bbf9>70% rate in S-Rank pool</color>	Assets/Product/Texture/Image/UiDrawLog/UiDrawLog22.png	Assets/Product/Texture/Image/UiDrawLog/UiDrawLog23.png	Rate in S-Rank pool:	70%									
170214	9800	<color=#26bbf9>70% rate in S-Rank pool</color>	Assets/Product/Texture/Image/UiDrawLog/UiDrawLog22.png	Assets/Product/Texture/Image/UiDrawLog/UiDrawLog23.png	Rate in S-Rank pool:	70%									
170215	9700	<color=#26bbf9>70% rate in S-Rank pool</color>	Assets/Product/Texture/Image/UiDrawLog/UiDrawLog22.png	Assets/Product/Texture/Image/UiDrawLog/UiDrawLog23.png	Rate in S-Rank pool:	70%									
170216	9600	<color=#26bbf9>70% rate in S-Rank pool</color>	Assets/Product/Texture/Image/UiDrawLog/UiDrawLog22.png	Assets/Product/Texture/Image/UiDrawLog/UiDrawLog23.png	Rate in S-Rank pool:	70%									
170217	9500	<color=#26bbf9>70% rate in S-Rank pool</color>	Assets/Product/Texture/Image/UiDrawLog/UiDrawLog22.png	Assets/Product/Texture/Image/UiDrawLog/UiDrawLog23.png	Rate in S-Rank pool:	70%									
170218	9400	<color=#26bbf9>70% rate in S-Rank pool</color>	Assets/Product/Texture/Image/UiDrawLog/UiDrawLog22.png	Assets/Product/Texture/Image/UiDrawLog/UiDrawLog23.png	Rate in S-Rank pool:	70%									
170219	9300	<color=#26bbf9>70% rate in S-Rank pool</color>	Assets/Product/Texture/Image/UiDrawLog/UiDrawLog22.png	Assets/Product/Texture/Image/UiDrawLog/UiDrawLog23.png	Rate in S-Rank pool:	70%									
170220	9200	<color=#26bbf9>70% rate in S-Rank pool</color>	Assets/Product/Texture/Image/UiDrawLog/UiDrawLog22.png	Assets/Product/Texture/Image/UiDrawLog/UiDrawLog23.png	Rate in S-Rank pool:	70%									
170223	10000	<color=#ff8d1e>100% rate in S-Rank pool</color>	Assets/Product/Texture/Image/UiDrawLog/UiDrawLog22.png	Assets/Product/Texture/Image/UiDrawLog/UiDrawLog23.png	Rate in S-Rank pool:	100%									
170224	9900	<color=#ff8d1e>100% rate in S-Rank pool</color>	Assets/Product/Texture/Image/UiDrawLog/UiDrawLog22.png	Assets/Product/Texture/Image/UiDrawLog/UiDrawLog23.png	Rate in S-Rank pool:	100%									
170225	9800	<color=#ff8d1e>100% rate in S-Rank pool</color>	Assets/Product/Texture/Image/UiDrawLog/UiDrawLog22.png	Assets/Product/Texture/Image/UiDrawLog/UiDrawLog23.png	Rate in S-Rank pool:	100%									
170226	9700	<color=#ff8d1e>100% rate in S-Rank pool</color>	Assets/Product/Texture/Image/UiDrawLog/UiDrawLog22.png	Assets/Product/Texture/Image/UiDrawLog/UiDrawLog23.png	Rate in S-Rank pool:	100%									
170227	9600	<color=#ff8d1e>100% rate in S-Rank pool</color>	Assets/Product/Texture/Image/UiDrawLog/UiDrawLog22.png	Assets/Product/Texture/Image/UiDrawLog/UiDrawLog23.png	Rate in S-Rank pool:	100%									
170228	9500	<color=#ff8d1e>100% rate in S-Rank pool</color>	Assets/Product/Texture/Image/UiDrawLog/UiDrawLog22.png	Assets/Product/Texture/Image/UiDrawLog/UiDrawLog23.png	Rate in S-Rank pool:	100%									
170229	9400	<color=#ff8d1e>100% rate in S-Rank pool</color>	Assets/Product/Texture/Image/UiDrawLog/UiDrawLog22.png	Assets/Product/Texture/Image/UiDrawLog/UiDrawLog23.png	Rate in S-Rank pool:	100%									
170230	9300	<color=#ff8d1e>100% rate in S-Rank pool</color>	Assets/Product/Texture/Image/UiDrawLog/UiDrawLog22.png	Assets/Product/Texture/Image/UiDrawLog/UiDrawLog23.png	Rate in S-Rank pool:	100%									
170231	9200	<color=#ff8d1e>100% rate in S-Rank pool</color>	Assets/Product/Texture/Image/UiDrawLog/UiDrawLog22.png	Assets/Product/Texture/Image/UiDrawLog/UiDrawLog23.png	Rate in S-Rank pool:	100%									
170232	9100	<color=#ff8d1e>100% rate in S-Rank pool</color>	Assets/Product/Texture/Image/UiDrawLog/UiDrawLog22.png	Assets/Product/Texture/Image/UiDrawLog/UiDrawLog23.png	Rate in S-Rank pool:	100%									
170233	9000	<color=#ff8d1e>100% rate in S-Rank pool</color>	Assets/Product/Texture/Image/UiDrawLog/UiDrawLog22.png	Assets/Product/Texture/Image/UiDrawLog/UiDrawLog23.png	Rate in S-Rank pool:	100%									
170234	8900	<color=#ff8d1e>100% rate in S-Rank pool</color>	Assets/Product/Texture/Image/UiDrawLog/UiDrawLog22.png	Assets/Product/Texture/Image/UiDrawLog/UiDrawLog23.png	Rate in S-Rank pool:	100%									
170235	8800	<color=#ff8d1e>100% rate in S-Rank pool</color>	Assets/Product/Texture/Image/UiDrawLog/UiDrawLog22.png	Assets/Product/Texture/Image/UiDrawLog/UiDrawLog23.png	Rate in S-Rank pool:	100%									
170236	8700	<color=#ff8d1e>100% rate in S-Rank pool</color>	Assets/Product/Texture/Image/UiDrawLog/UiDrawLog22.png	Assets/Product/Texture/Image/UiDrawLog/UiDrawLog23.png	Rate in S-Rank pool:	100%									
170237	8600	<color=#ff8d1e>100% rate in S-Rank pool</color>	Assets/Product/Texture/Image/UiDrawLog/UiDrawLog22.png	Assets/Product/Texture/Image/UiDrawLog/UiDrawLog23.png	Rate in S-Rank pool:	100%									
170238	10000	<color=#ff8d1e>100% rate in S-Rank pool</color>	Assets/Product/Texture/Image/UiDrawLog/UiDrawLog22.png	Assets/Product/Texture/Image/UiDrawLog/UiDrawLog23.png	Rate in S-Rank pool:	100%									
170239	9900	<color=#ff8d1e>100% rate in S-Rank pool</color>	Assets/Product/Texture/Image/UiDrawLog/UiDrawLog22.png	Assets/Product/Texture/Image/UiDrawLog/UiDrawLog23.png	Rate in S-Rank pool:	100%									
170240	9800	<color=#ff8d1e>100% rate in S-Rank pool</color>	Assets/Product/Texture/Image/UiDrawLog/UiDrawLog22.png	Assets/Product/Texture/Image/UiDrawLog/UiDrawLog23.png	Rate in S-Rank pool:	100%									
170241	9700	<color=#ff8d1e>100% rate in S-Rank pool</color>	Assets/Product/Texture/Image/UiDrawLog/UiDrawLog22.png	Assets/Product/Texture/Image/UiDrawLog/UiDrawLog23.png	Rate in S-Rank pool:	100%									
170242	9600	<color=#ff8d1e>100% rate in S-Rank pool</color>	Assets/Product/Texture/Image/UiDrawLog/UiDrawLog22.png	Assets/Product/Texture/Image/UiDrawLog/UiDrawLog23.png	Rate in S-Rank pool:	100%									
170243	9500	<color=#ff8d1e>100% rate in S-Rank pool</color>	Assets/Product/Texture/Image/UiDrawLog/UiDrawLog22.png	Assets/Product/Texture/Image/UiDrawLog/UiDrawLog23.png	Rate in S-Rank pool:	100%									
170244	9400	<color=#ff8d1e>100% rate in S-Rank pool</color>	Assets/Product/Texture/Image/UiDrawLog/UiDrawLog22.png	Assets/Product/Texture/Image/UiDrawLog/UiDrawLog23.png	Rate in S-Rank pool:	100%									
170245	9300	<color=#ff8d1e>100% rate in S-Rank pool</color>	Assets/Product/Texture/Image/UiDrawLog/UiDrawLog22.png	Assets/Product/Texture/Image/UiDrawLog/UiDrawLog23.png	Rate in S-Rank pool:	100%									
170246	9200	<color=#ff8d1e>100% rate in S-Rank pool</color>	Assets/Product/Texture/Image/UiDrawLog/UiDrawLog22.png	Assets/Product/Texture/Image/UiDrawLog/UiDrawLog23.png	Rate in S-Rank pool:	100%									
170247	9100	<color=#ff8d1e>100% rate in S-Rank pool</color>	Assets/Product/Texture/Image/UiDrawLog/UiDrawLog22.png	Assets/Product/Texture/Image/UiDrawLog/UiDrawLog23.png	Rate in S-Rank pool:	100%									
170248	9000	<color=#ff8d1e>100% rate in S-Rank pool</color>	Assets/Product/Texture/Image/UiDrawLog/UiDrawLog22.png	Assets/Product/Texture/Image/UiDrawLog/UiDrawLog23.png	Rate in S-Rank pool:	100%									
170249	8900	<color=#ff8d1e>100% rate in S-Rank pool</color>	Assets/Product/Texture/Image/UiDrawLog/UiDrawLog22.png	Assets/Product/Texture/Image/UiDrawLog/UiDrawLog23.png	Rate in S-Rank pool:	100%									
170250	8800	<color=#ff8d1e>100% rate in S-Rank pool</color>	Assets/Product/Texture/Image/UiDrawLog/UiDrawLog22.png	Assets/Product/Texture/Image/UiDrawLog/UiDrawLog23.png	Rate in S-Rank pool:	100%									
170251	8700	<color=#ff8d1e>100% rate in S-Rank pool</color>	Assets/Product/Texture/Image/UiDrawLog/UiDrawLog22.png	Assets/Product/Texture/Image/UiDrawLog/UiDrawLog23.png	Rate in S-Rank pool:	100%									
170252	8600	<color=#ff8d1e>100% rate in S-Rank pool</color>	Assets/Product/Texture/Image/UiDrawLog/UiDrawLog22.png	Assets/Product/Texture/Image/UiDrawLog/UiDrawLog23.png	Rate in S-Rank pool:	100%									
170253	10000	<color=#26bbf9>70% rate in S-Rank pool</color>	Assets/Product/Texture/Image/UiDrawLog/UiDrawLog22.png	Assets/Product/Texture/Image/UiDrawLog/UiDrawLog23.png	Rate in S-Rank pool:	70%									
170254	9990	<color=#26bbf9>70% rate in S-Rank pool</color>	Assets/Product/Texture/Image/UiDrawLog/UiDrawLog22.png	Assets/Product/Texture/Image/UiDrawLog/UiDrawLog23.png	Rate in S-Rank pool:	70%									
170255	9980	<color=#26bbf9>70% rate in S-Rank pool</color>	Assets/Product/Texture/Image/UiDrawLog/UiDrawLog22.png	Assets/Product/Texture/Image/UiDrawLog/UiDrawLog23.png	Rate in S-Rank pool:	70%									
170256	9970	<color=#26bbf9>70% rate in S-Rank pool</color>	Assets/Product/Texture/Image/UiDrawLog/UiDrawLog22.png	Assets/Product/Texture/Image/UiDrawLog/UiDrawLog23.png	Rate in S-Rank pool:	70%									
170257	9960	<color=#26bbf9>70% rate in S-Rank pool</color>	Assets/Product/Texture/Image/UiDrawLog/UiDrawLog22.png	Assets/Product/Texture/Image/UiDrawLog/UiDrawLog23.png	Rate in S-Rank pool:	70%									
170258	9950	<color=#26bbf9>70% rate in S-Rank pool</color>	Assets/Product/Texture/Image/UiDrawLog/UiDrawLog22.png	Assets/Product/Texture/Image/UiDrawLog/UiDrawLog23.png	Rate in S-Rank pool:	70%									
170259	10000	<color=#26bbf9>70% rate in S-Rank pool</color>	Assets/Product/Texture/Image/UiDrawLog/UiDrawLog22.png	Assets/Product/Texture/Image/UiDrawLog/UiDrawLog23.png	Rate in S-Rank pool:	70%									
170260	9990	<color=#26bbf9>70% rate in S-Rank pool</color>	Assets/Product/Texture/Image/UiDrawLog/UiDrawLog22.png	Assets/Product/Texture/Image/UiDrawLog/UiDrawLog23.png	Rate in S-Rank pool:	70%									
170261	9980	<color=#26bbf9>70% rate in S-Rank pool</color>	Assets/Product/Texture/Image/UiDrawLog/UiDrawLog22.png	Assets/Product/Texture/Image/UiDrawLog/UiDrawLog23.png	Rate in S-Rank pool:	70%									
170262	9970	<color=#26bbf9>70% rate in S-Rank pool</color>	Assets/Product/Texture/Image/UiDrawLog/UiDrawLog22.png	Assets/Product/Texture/Image/UiDrawLog/UiDrawLog23.png	Rate in S-Rank pool:	70%									
170263	9960	<color=#26bbf9>70% rate in S-Rank pool</color>	Assets/Product/Texture/Image/UiDrawLog/UiDrawLog22.png	Assets/Product/Texture/Image/UiDrawLog/UiDrawLog23.png	Rate in S-Rank pool:	70%									
170264	9950	<color=#26bbf9>70% rate in S-Rank pool</color>	Assets/Product/Texture/Image/UiDrawLog/UiDrawLog22.png	Assets/Product/Texture/Image/UiDrawLog/UiDrawLog23.png	Rate in S-Rank pool:	70%									
170265	10000	<color=#26bbf9>70% rate in S-Rank pool</color>	Assets/Product/Texture/Image/UiDrawLog/UiDrawLog22.png	Assets/Product/Texture/Image/UiDrawLog/UiDrawLog23.png	Rate in S-Rank pool:	70%									
170266	9990	<color=#26bbf9>70% rate in S-Rank pool</color>	Assets/Product/Texture/Image/UiDrawLog/UiDrawLog22.png	Assets/Product/Texture/Image/UiDrawLog/UiDrawLog23.png	Rate in S-Rank pool:	70%									
170267	9980	<color=#26bbf9>70% rate in S-Rank pool</color>	Assets/Product/Texture/Image/UiDrawLog/UiDrawLog22.png	Assets/Product/Texture/Image/UiDrawLog/UiDrawLog23.png	Rate in S-Rank pool:	70%									
170268	9970	<color=#26bbf9>70% rate in S-Rank pool</color>	Assets/Product/Texture/Image/UiDrawLog/UiDrawLog22.png	Assets/Product/Texture/Image/UiDrawLog/UiDrawLog23.png	Rate in S-Rank pool:	70%									
170269	9960	<color=#26bbf9>70% rate in S-Rank pool</color>	Assets/Product/Texture/Image/UiDrawLog/UiDrawLog22.png	Assets/Product/Texture/Image/UiDrawLog/UiDrawLog23.png	Rate in S-Rank pool:	70%									
170270	9950	<color=#26bbf9>70% rate in S-Rank pool</color>	Assets/Product/Texture/Image/UiDrawLog/UiDrawLog22.png	Assets/Product/Texture/Image/UiDrawLog/UiDrawLog23.png	Rate in S-Rank pool:	70%									
170271	9940	<color=#26bbf9>70% rate in S-Rank pool</color>	Assets/Product/Texture/Image/UiDrawLog/UiDrawLog22.png	Assets/Product/Texture/Image/UiDrawLog/UiDrawLog23.png	Rate in S-Rank pool:	70%									
170272	9930	<color=#26bbf9>70% rate in S-Rank pool</color>	Assets/Product/Texture/Image/UiDrawLog/UiDrawLog22.png	Assets/Product/Texture/Image/UiDrawLog/UiDrawLog23.png	Rate in S-Rank pool:	70%									
170273	9920	<color=#26bbf9>70% rate in S-Rank pool</color>	Assets/Product/Texture/Image/UiDrawLog/UiDrawLog22.png	Assets/Product/Texture/Image/UiDrawLog/UiDrawLog23.png	Rate in S-Rank pool:	70%									
170274	10000	<color=#26bbf9>70% rate in S-Rank pool</color>	Assets/Product/Texture/Image/UiDrawLog/UiDrawLog22.png	Assets/Product/Texture/Image/UiDrawLog/UiDrawLog23.png	Rate in S-Rank pool:	70%									
170275	9990	<color=#26bbf9>70% rate in S-Rank pool</color>	Assets/Product/Texture/Image/UiDrawLog/UiDrawLog22.png	Assets/Product/Texture/Image/UiDrawLog/UiDrawLog23.png	Rate in S-Rank pool:	70%									
170276	9980	<color=#26bbf9>70% rate in S-Rank pool</color>	Assets/Product/Texture/Image/UiDrawLog/UiDrawLog22.png	Assets/Product/Texture/Image/UiDrawLog/UiDrawLog23.png	Rate in S-Rank pool:	70%									
170277	9970	<color=#26bbf9>70% rate in S-Rank pool</color>	Assets/Product/Texture/Image/UiDrawLog/UiDrawLog22.png	Assets/Product/Texture/Image/UiDrawLog/UiDrawLog23.png	Rate in S-Rank pool:	70%									
170278	9960	<color=#26bbf9>70% rate in S-Rank pool</color>	Assets/Product/Texture/Image/UiDrawLog/UiDrawLog22.png	Assets/Product/Texture/Image/UiDrawLog/UiDrawLog23.png	Rate in S-Rank pool:	70%									
170279	9950	<color=#26bbf9>70% rate in S-Rank pool</color>	Assets/Product/Texture/Image/UiDrawLog/UiDrawLog22.png	Assets/Product/Texture/Image/UiDrawLog/UiDrawLog23.png	Rate in S-Rank pool:	70%									
170280	9940	<color=#26bbf9>70% rate in S-Rank pool</color>	Assets/Product/Texture/Image/UiDrawLog/UiDrawLog22.png	Assets/Product/Texture/Image/UiDrawLog/UiDrawLog23.png	Rate in S-Rank pool:	70%									
170281	9930	<color=#26bbf9>70% rate in S-Rank pool</color>	Assets/Product/Texture/Image/UiDrawLog/UiDrawLog22.png	Assets/Product/Texture/Image/UiDrawLog/UiDrawLog23.png	Rate in S-Rank pool:	70%									
170282	9920	<color=#26bbf9>70% rate in S-Rank pool</color>	Assets/Product/Texture/Image/UiDrawLog/UiDrawLog22.png	Assets/Product/Texture/Image/UiDrawLog/UiDrawLog23.png	Rate in S-Rank pool:	70%									
170283	10000	<color=#26bbf9>70% rate in S-Rank pool</color>	Assets/Product/Texture/Image/UiDrawLog/UiDrawLog22.png	Assets/Product/Texture/Image/UiDrawLog/UiDrawLog23.png	Rate in S-Rank pool:	70%									
170284	9990	<color=#26bbf9>70% rate in S-Rank pool</color>	Assets/Product/Texture/Image/UiDrawLog/UiDrawLog22.png	Assets/Product/Texture/Image/UiDrawLog/UiDrawLog23.png	Rate in S-Rank pool:	70%									
170285	9980	<color=#26bbf9>70% rate in S-Rank pool</color>	Assets/Product/Texture/Image/UiDrawLog/UiDrawLog22.png	Assets/Product/Texture/Image/UiDrawLog/UiDrawLog23.png	Rate in S-Rank pool:	70%									
170286	9970	<color=#26bbf9>70% rate in S-Rank pool</color>	Assets/Product/Texture/Image/UiDrawLog/UiDrawLog22.png	Assets/Product/Texture/Image/UiDrawLog/UiDrawLog23.png	Rate in S-Rank pool:	70%									
170287	9960	<color=#26bbf9>70% rate in S-Rank pool</color>	Assets/Product/Texture/Image/UiDrawLog/UiDrawLog22.png	Assets/Product/Texture/Image/UiDrawLog/UiDrawLog23.png	Rate in S-Rank pool:	70%									
170288	9950	<color=#26bbf9>70% rate in S-Rank pool</color>	Assets/Product/Texture/Image/UiDrawLog/UiDrawLog22.png	Assets/Product/Texture/Image/UiDrawLog/UiDrawLog23.png	Rate in S-Rank pool:	70%									
170289	9940	<color=#26bbf9>70% rate in S-Rank pool</color>	Assets/Product/Texture/Image/UiDrawLog/UiDrawLog22.png	Assets/Product/Texture/Image/UiDrawLog/UiDrawLog23.png	Rate in S-Rank pool:	70%									
170290	9930	<color=#26bbf9>70% rate in S-Rank pool</color>	Assets/Product/Texture/Image/UiDrawLog/UiDrawLog22.png	Assets/Product/Texture/Image/UiDrawLog/UiDrawLog23.png	Rate in S-Rank pool:	70%									
170291	9920	<color=#26bbf9>70% rate in S-Rank pool</color>	Assets/Product/Texture/Image/UiDrawLog/UiDrawLog22.png	Assets/Product/Texture/Image/UiDrawLog/UiDrawLog23.png	Rate in S-Rank pool:	70%									
170292	10000	<color=#26bbf9>70% rate in S-Rank pool</color>	Assets/Product/Texture/Image/UiDrawLog/UiDrawLog22.png	Assets/Product/Texture/Image/UiDrawLog/UiDrawLog23.png	Rate in S-Rank pool:	70%									
170293	9990	<color=#26bbf9>70% rate in S-Rank pool</color>	Assets/Product/Texture/Image/UiDrawLog/UiDrawLog22.png	Assets/Product/Texture/Image/UiDrawLog/UiDrawLog23.png	Rate in S-Rank pool:	70%									
170294	9980	<color=#26bbf9>70% rate in S-Rank pool</color>	Assets/Product/Texture/Image/UiDrawLog/UiDrawLog22.png	Assets/Product/Texture/Image/UiDrawLog/UiDrawLog23.png	Rate in S-Rank pool:	70%									
170295	9970	<color=#26bbf9>70% rate in S-Rank pool</color>	Assets/Product/Texture/Image/UiDrawLog/UiDrawLog22.png	Assets/Product/Texture/Image/UiDrawLog/UiDrawLog23.png	Rate in S-Rank pool:	70%									
170296	9960	<color=#26bbf9>70% rate in S-Rank pool</color>	Assets/Product/Texture/Image/UiDrawLog/UiDrawLog22.png	Assets/Product/Texture/Image/UiDrawLog/UiDrawLog23.png	Rate in S-Rank pool:	70%									
170297	9950	<color=#26bbf9>70% rate in S-Rank pool</color>	Assets/Product/Texture/Image/UiDrawLog/UiDrawLog22.png	Assets/Product/Texture/Image/UiDrawLog/UiDrawLog23.png	Rate in S-Rank pool:	70%									
170298	9940	<color=#26bbf9>70% rate in S-Rank pool</color>	Assets/Product/Texture/Image/UiDrawLog/UiDrawLog22.png	Assets/Product/Texture/Image/UiDrawLog/UiDrawLog23.png	Rate in S-Rank pool:	70%									
170299	9930	<color=#26bbf9>70% rate in S-Rank pool</color>	Assets/Product/Texture/Image/UiDrawLog/UiDrawLog22.png	Assets/Product/Texture/Image/UiDrawLog/UiDrawLog23.png	Rate in S-Rank pool:	70%									
170300	9920	<color=#26bbf9>70% rate in S-Rank pool</color>	Assets/Product/Texture/Image/UiDrawLog/UiDrawLog22.png	Assets/Product/Texture/Image/UiDrawLog/UiDrawLog23.png	Rate in S-Rank pool:	70%									
170301	10000	<color=#26bbf9>70% rate in S-Rank pool</color>	Assets/Product/Texture/Image/UiDrawLog/UiDrawLog22.png	Assets/Product/Texture/Image/UiDrawLog/UiDrawLog23.png	Rate in S-Rank pool:	70%									
170302	9990	<color=#26bbf9>70% rate in S-Rank pool</color>	Assets/Product/Texture/Image/UiDrawLog/UiDrawLog22.png	Assets/Product/Texture/Image/UiDrawLog/UiDrawLog23.png	Rate in S-Rank pool:	70%									
170303	9980	<color=#26bbf9>70% rate in S-Rank pool</color>	Assets/Product/Texture/Image/UiDrawLog/UiDrawLog22.png	Assets/Product/Texture/Image/UiDrawLog/UiDrawLog23.png	Rate in S-Rank pool:	70%									
170304	9970	<color=#26bbf9>70% rate in S-Rank pool</color>	Assets/Product/Texture/Image/UiDrawLog/UiDrawLog22.png	Assets/Product/Texture/Image/UiDrawLog/UiDrawLog23.png	Rate in S-Rank pool:	70%									
170305	9960	<color=#26bbf9>70% rate in S-Rank pool</color>	Assets/Product/Texture/Image/UiDrawLog/UiDrawLog22.png	Assets/Product/Texture/Image/UiDrawLog/UiDrawLog23.png	Rate in S-Rank pool:	70%									
170306	9950	<color=#26bbf9>70% rate in S-Rank pool</color>	Assets/Product/Texture/Image/UiDrawLog/UiDrawLog22.png	Assets/Product/Texture/Image/UiDrawLog/UiDrawLog23.png	Rate in S-Rank pool:	70%									
170307	10000	<color=#26bbf9>70% rate in S-Rank pool</color>	Assets/Product/Texture/Image/UiDrawLog/UiDrawLog22.png	Assets/Product/Texture/Image/UiDrawLog/UiDrawLog23.png	Rate in S-Rank pool:	70%									
170308	9990	<color=#26bbf9>70% rate in S-Rank pool</color>	Assets/Product/Texture/Image/UiDrawLog/UiDrawLog22.png	Assets/Product/Texture/Image/UiDrawLog/UiDrawLog23.png	Rate in S-Rank pool:	70%									
170309	9980	<color=#26bbf9>70% rate in S-Rank pool</color>	Assets/Product/Texture/Image/UiDrawLog/UiDrawLog22.png	Assets/Product/Texture/Image/UiDrawLog/UiDrawLog23.png	Rate in S-Rank pool:	70%									
170310	9970	<color=#26bbf9>70% rate in S-Rank pool</color>	Assets/Product/Texture/Image/UiDrawLog/UiDrawLog22.png	Assets/Product/Texture/Image/UiDrawLog/UiDrawLog23.png	Rate in S-Rank pool:	70%									
170311	9960	<color=#26bbf9>70% rate in S-Rank pool</color>	Assets/Product/Texture/Image/UiDrawLog/UiDrawLog22.png	Assets/Product/Texture/Image/UiDrawLog/UiDrawLog23.png	Rate in S-Rank pool:	70%									
170312	9950	<color=#26bbf9>70% rate in S-Rank pool</color>	Assets/Product/Texture/Image/UiDrawLog/UiDrawLog22.png	Assets/Product/Texture/Image/UiDrawLog/UiDrawLog23.png	Rate in S-Rank pool:	70%									
170313	10000	<color=#26bbf9>70% rate in S-Rank pool</color>	Assets/Product/Texture/Image/UiDrawLog/UiDrawLog22.png	Assets/Product/Texture/Image/UiDrawLog/UiDrawLog23.png	Rate in S-Rank pool:	70%									
170314	9990	<color=#26bbf9>70% rate in S-Rank pool</color>	Assets/Product/Texture/Image/UiDrawLog/UiDrawLog22.png	Assets/Product/Texture/Image/UiDrawLog/UiDrawLog23.png	Rate in S-Rank pool:	70%									
170315	9980	<color=#26bbf9>70% rate in S-Rank pool</color>	Assets/Product/Texture/Image/UiDrawLog/UiDrawLog22.png	Assets/Product/Texture/Image/UiDrawLog/UiDrawLog23.png	Rate in S-Rank pool:	70%									
170316	9970	<color=#26bbf9>70% rate in S-Rank pool</color>	Assets/Product/Texture/Image/UiDrawLog/UiDrawLog22.png	Assets/Product/Texture/Image/UiDrawLog/UiDrawLog23.png	Rate in S-Rank pool:	70%									
170317	9960	<color=#26bbf9>70% rate in S-Rank pool</color>	Assets/Product/Texture/Image/UiDrawLog/UiDrawLog22.png	Assets/Product/Texture/Image/UiDrawLog/UiDrawLog23.png	Rate in S-Rank pool:	70%									
170318	9950	<color=#26bbf9>70% rate in S-Rank pool</color>	Assets/Product/Texture/Image/UiDrawLog/UiDrawLog22.png	Assets/Product/Texture/Image/UiDrawLog/UiDrawLog23.png	Rate in S-Rank pool:	70%									
170319	9940	<color=#26bbf9>70% rate in S-Rank pool</color>	Assets/Product/Texture/Image/UiDrawLog/UiDrawLog22.png	Assets/Product/Texture/Image/UiDrawLog/UiDrawLog23.png	Rate in S-Rank pool:	70%									
170320	9930	<color=#26bbf9>70% rate in S-Rank pool</color>	Assets/Product/Texture/Image/UiDrawLog/UiDrawLog22.png	Assets/Product/Texture/Image/UiDrawLog/UiDrawLog23.png	Rate in S-Rank pool:	70%									
170321	9920	<color=#26bbf9>70% rate in S-Rank pool</color>	Assets/Product/Texture/Image/UiDrawLog/UiDrawLog22.png	Assets/Product/Texture/Image/UiDrawLog/UiDrawLog23.png	Rate in S-Rank pool:	70%									
170322	10000	<color=#26bbf9>70% rate in S-Rank pool</color>	Assets/Product/Texture/Image/UiDrawLog/UiDrawLog22.png	Assets/Product/Texture/Image/UiDrawLog/UiDrawLog23.png	Rate in S-Rank pool:	70%									
170323	9990	<color=#26bbf9>70% rate in S-Rank pool</color>	Assets/Product/Texture/Image/UiDrawLog/UiDrawLog22.png	Assets/Product/Texture/Image/UiDrawLog/UiDrawLog23.png	Rate in S-Rank pool:	70%									
170324	9980	<color=#26bbf9>70% rate in S-Rank pool</color>	Assets/Product/Texture/Image/UiDrawLog/UiDrawLog22.png	Assets/Product/Texture/Image/UiDrawLog/UiDrawLog23.png	Rate in S-Rank pool:	70%									
170325	9970	<color=#26bbf9>70% rate in S-Rank pool</color>	Assets/Product/Texture/Image/UiDrawLog/UiDrawLog22.png	Assets/Product/Texture/Image/UiDrawLog/UiDrawLog23.png	Rate in S-Rank pool:	70%									
170326	9960	<color=#26bbf9>70% rate in S-Rank pool</color>	Assets/Product/Texture/Image/UiDrawLog/UiDrawLog22.png	Assets/Product/Texture/Image/UiDrawLog/UiDrawLog23.png	Rate in S-Rank pool:	70%									
170327	9950	<color=#26bbf9>70% rate in S-Rank pool</color>	Assets/Product/Texture/Image/UiDrawLog/UiDrawLog22.png	Assets/Product/Texture/Image/UiDrawLog/UiDrawLog23.png	Rate in S-Rank pool:	70%									
170328	9940	<color=#26bbf9>70% rate in S-Rank pool</color>	Assets/Product/Texture/Image/UiDrawLog/UiDrawLog22.png	Assets/Product/Texture/Image/UiDrawLog/UiDrawLog23.png	Rate in S-Rank pool:	70%									
170329	9930	<color=#26bbf9>70% rate in S-Rank pool</color>	Assets/Product/Texture/Image/UiDrawLog/UiDrawLog22.png	Assets/Product/Texture/Image/UiDrawLog/UiDrawLog23.png	Rate in S-Rank pool:	70%									
170330	9920	<color=#26bbf9>70% rate in S-Rank pool</color>	Assets/Product/Texture/Image/UiDrawLog/UiDrawLog22.png	Assets/Product/Texture/Image/UiDrawLog/UiDrawLog23.png	Rate in S-Rank pool:	70%									
170331	10000	<color=#ff8d1e>100% rate in S-Rank pool</color>	Assets/Product/Texture/Image/UiDrawLog/UiDrawLog22.png	Assets/Product/Texture/Image/UiDrawLog/UiDrawLog23.png	Rate in S-Rank pool:	100%									
170332	9990	<color=#ff8d1e>100% rate in S-Rank pool</color>	Assets/Product/Texture/Image/UiDrawLog/UiDrawLog22.png	Assets/Product/Texture/Image/UiDrawLog/UiDrawLog23.png	Rate in S-Rank pool:	100%									
170333	9980	<color=#ff8d1e>100% rate in S-Rank pool</color>	Assets/Product/Texture/Image/UiDrawLog/UiDrawLog22.png	Assets/Product/Texture/Image/UiDrawLog/UiDrawLog23.png	Rate in S-Rank pool:	100%									
170334	9970	<color=#ff8d1e>100% rate in S-Rank pool</color>	Assets/Product/Texture/Image/UiDrawLog/UiDrawLog22.png	Assets/Product/Texture/Image/UiDrawLog/UiDrawLog23.png	Rate in S-Rank pool:	100%									
170335	9960	<color=#ff8d1e>100% rate in S-Rank pool</color>	Assets/Product/Texture/Image/UiDrawLog/UiDrawLog22.png	Assets/Product/Texture/Image/UiDrawLog/UiDrawLog23.png	Rate in S-Rank pool:	100%									
170336	9950	<color=#ff8d1e>100% rate in S-Rank pool</color>	Assets/Product/Texture/Image/UiDrawLog/UiDrawLog22.png	Assets/Product/Texture/Image/UiDrawLog/UiDrawLog23.png	Rate in S-Rank pool:	100%									
170337	9940	<color=#ff8d1e>100% rate in S-Rank pool</color>	Assets/Product/Texture/Image/UiDrawLog/UiDrawLog22.png	Assets/Product/Texture/Image/UiDrawLog/UiDrawLog23.png	Rate in S-Rank pool:	100%									
170338	9930	<color=#ff8d1e>100% rate in S-Rank pool</color>	Assets/Product/Texture/Image/UiDrawLog/UiDrawLog22.png	Assets/Product/Texture/Image/UiDrawLog/UiDrawLog23.png	Rate in S-Rank pool:	100%									
170339	9920	<color=#ff8d1e>100% rate in S-Rank pool</color>	Assets/Product/Texture/Image/UiDrawLog/UiDrawLog22.png	Assets/Product/Texture/Image/UiDrawLog/UiDrawLog23.png	Rate in S-Rank pool:	100%									
170340	9910	<color=#ff8d1e>100% rate in S-Rank pool</color>	Assets/Product/Texture/Image/UiDrawLog/UiDrawLog22.png	Assets/Product/Texture/Image/UiDrawLog/UiDrawLog23.png	Rate in S-Rank pool:	100%									
170341	9900	<color=#ff8d1e>100% rate in S-Rank pool</color>	Assets/Product/Texture/Image/UiDrawLog/UiDrawLog22.png	Assets/Product/Texture/Image/UiDrawLog/UiDrawLog23.png	Rate in S-Rank pool:	100%									
170342	9890	<color=#ff8d1e>100% rate in S-Rank pool</color>	Assets/Product/Texture/Image/UiDrawLog/UiDrawLog22.png	Assets/Product/Texture/Image/UiDrawLog/UiDrawLog23.png	Rate in S-Rank pool:	100%									
170343	9880	<color=#ff8d1e>100% rate in S-Rank pool</color>	Assets/Product/Texture/Image/UiDrawLog/UiDrawLog22.png	Assets/Product/Texture/Image/UiDrawLog/UiDrawLog23.png	Rate in S-Rank pool:	100%									
170344	9870	<color=#ff8d1e>100% rate in S-Rank pool</color>	Assets/Product/Texture/Image/UiDrawLog/UiDrawLog22.png	Assets/Product/Texture/Image/UiDrawLog/UiDrawLog23.png	Rate in S-Rank pool:	100%									
170345	9860	<color=#ff8d1e>100% rate in S-Rank pool</color>	Assets/Product/Texture/Image/UiDrawLog/UiDrawLog22.png	Assets/Product/Texture/Image/UiDrawLog/UiDrawLog23.png	Rate in S-Rank pool:	100%									
170346	9850	<color=#ff8d1e>100% rate in S-Rank pool</color>	Assets/Product/Texture/Image/UiDrawLog/UiDrawLog22.png	Assets/Product/Texture/Image/UiDrawLog/UiDrawLog23.png	Rate in S-Rank pool:	100%									
170347	9840	<color=#ff8d1e>100% rate in S-Rank pool</color>	Assets/Product/Texture/Image/UiDrawLog/UiDrawLog22.png	Assets/Product/Texture/Image/UiDrawLog/UiDrawLog23.png	Rate in S-Rank pool:	100%									
170348	10000	<color=#ff8d1e>100% rate in S-Rank pool</color>	Assets/Product/Texture/Image/UiDrawLog/UiDrawLog22.png	Assets/Product/Texture/Image/UiDrawLog/UiDrawLog23.png	Rate in S-Rank pool:	100%									
170349	9990	<color=#ff8d1e>100% rate in S-Rank pool</color>	Assets/Product/Texture/Image/UiDrawLog/UiDrawLog22.png	Assets/Product/Texture/Image/UiDrawLog/UiDrawLog23.png	Rate in S-Rank pool:	100%									
170350	9980	<color=#ff8d1e>100% rate in S-Rank pool</color>	Assets/Product/Texture/Image/UiDrawLog/UiDrawLog22.png	Assets/Product/Texture/Image/UiDrawLog/UiDrawLog23.png	Rate in S-Rank pool:	100%									
170351	9970	<color=#ff8d1e>100% rate in S-Rank pool</color>	Assets/Product/Texture/Image/UiDrawLog/UiDrawLog22.png	Assets/Product/Texture/Image/UiDrawLog/UiDrawLog23.png	Rate in S-Rank pool:	100%									
170352	9960	<color=#ff8d1e>100% rate in S-Rank pool</color>	Assets/Product/Texture/Image/UiDrawLog/UiDrawLog22.png	Assets/Product/Texture/Image/UiDrawLog/UiDrawLog23.png	Rate in S-Rank pool:	100%									
170353	9950	<color=#ff8d1e>100% rate in S-Rank pool</color>	Assets/Product/Texture/Image/UiDrawLog/UiDrawLog22.png	Assets/Product/Texture/Image/UiDrawLog/UiDrawLog23.png	Rate in S-Rank pool:	100%									
170354	9940	<color=#ff8d1e>100% rate in S-Rank pool</color>	Assets/Product/Texture/Image/UiDrawLog/UiDrawLog22.png	Assets/Product/Texture/Image/UiDrawLog/UiDrawLog23.png	Rate in S-Rank pool:	100%									
170355	9930	<color=#ff8d1e>100% rate in S-Rank pool</color>	Assets/Product/Texture/Image/UiDrawLog/UiDrawLog22.png	Assets/Product/Texture/Image/UiDrawLog/UiDrawLog23.png	Rate in S-Rank pool:	100%									
170356	9920	<color=#ff8d1e>100% rate in S-Rank pool</color>	Assets/Product/Texture/Image/UiDrawLog/UiDrawLog22.png	Assets/Product/Texture/Image/UiDrawLog/UiDrawLog23.png	Rate in S-Rank pool:	100%									
170357	9910	<color=#ff8d1e>100% rate in S-Rank pool</color>	Assets/Product/Texture/Image/UiDrawLog/UiDrawLog22.png	Assets/Product/Texture/Image/UiDrawLog/UiDrawLog23.png	Rate in S-Rank pool:	100%									
170358	9900	<color=#ff8d1e>100% rate in S-Rank pool</color>	Assets/Product/Texture/Image/UiDrawLog/UiDrawLog22.png	Assets/Product/Texture/Image/UiDrawLog/UiDrawLog23.png	Rate in S-Rank pool:	100%									
170359	9890	<color=#ff8d1e>100% rate in S-Rank pool</color>	Assets/Product/Texture/Image/UiDrawLog/UiDrawLog22.png	Assets/Product/Texture/Image/UiDrawLog/UiDrawLog23.png	Rate in S-Rank pool:	100%									
170360	9880	<color=#ff8d1e>100% rate in S-Rank pool</color>	Assets/Product/Texture/Image/UiDrawLog/UiDrawLog22.png	Assets/Product/Texture/Image/UiDrawLog/UiDrawLog23.png	Rate in S-Rank pool:	100%									
170361	9870	<color=#ff8d1e>100% rate in S-Rank pool</color>	Assets/Product/Texture/Image/UiDrawLog/UiDrawLog22.png	Assets/Product/Texture/Image/UiDrawLog/UiDrawLog23.png	Rate in S-Rank pool:	100%									
170362	9860	<color=#ff8d1e>100% rate in S-Rank pool</color>	Assets/Product/Texture/Image/UiDrawLog/UiDrawLog22.png	Assets/Product/Texture/Image/UiDrawLog/UiDrawLog23.png	Rate in S-Rank pool:	100%									
170363	9850	<color=#ff8d1e>100% rate in S-Rank pool</color>	Assets/Product/Texture/Image/UiDrawLog/UiDrawLog22.png	Assets/Product/Texture/Image/UiDrawLog/UiDrawLog23.png	Rate in S-Rank pool:	100%									
170364	9840	<color=#ff8d1e>100% rate in S-Rank pool</color>	Assets/Product/Texture/Image/UiDrawLog/UiDrawLog22.png	Assets/Product/Texture/Image/UiDrawLog/UiDrawLog23.png	Rate in S-Rank pool:	100%									
170365	10000	<color=#26bbf9>70% rate in S-Rank pool</color>	Assets/Product/Texture/Image/UiDrawLog/UiDrawLog22.png	Assets/Product/Texture/Image/UiDrawLog/UiDrawLog23.png	Rate in S-Rank pool:	70%									
170366	9990	<color=#26bbf9>70% rate in S-Rank pool</color>	Assets/Product/Texture/Image/UiDrawLog/UiDrawLog22.png	Assets/Product/Texture/Image/UiDrawLog/UiDrawLog23.png	Rate in S-Rank pool:	70%									
170367	9980	<color=#26bbf9>70% rate in S-Rank pool</color>	Assets/Product/Texture/Image/UiDrawLog/UiDrawLog22.png	Assets/Product/Texture/Image/UiDrawLog/UiDrawLog23.png	Rate in S-Rank pool:	70%									
170368	9970	<color=#26bbf9>70% rate in S-Rank pool</color>	Assets/Product/Texture/Image/UiDrawLog/UiDrawLog22.png	Assets/Product/Texture/Image/UiDrawLog/UiDrawLog23.png	Rate in S-Rank pool:	70%									
170369	9960	<color=#26bbf9>70% rate in S-Rank pool</color>	Assets/Product/Texture/Image/UiDrawLog/UiDrawLog22.png	Assets/Product/Texture/Image/UiDrawLog/UiDrawLog23.png	Rate in S-Rank pool:	70%									
170370	9950	<color=#26bbf9>70% rate in S-Rank pool</color>	Assets/Product/Texture/Image/UiDrawLog/UiDrawLog22.png	Assets/Product/Texture/Image/UiDrawLog/UiDrawLog23.png	Rate in S-Rank pool:	70%									
170371	9940	<color=#26bbf9>70% rate in S-Rank pool</color>	Assets/Product/Texture/Image/UiDrawLog/UiDrawLog22.png	Assets/Product/Texture/Image/UiDrawLog/UiDrawLog23.png	Rate in S-Rank pool:	70%									
170372	9930	<color=#26bbf9>70% rate in S-Rank pool</color>	Assets/Product/Texture/Image/UiDrawLog/UiDrawLog22.png	Assets/Product/Texture/Image/UiDrawLog/UiDrawLog23.png	Rate in S-Rank pool:	70%									
170373	9920	<color=#26bbf9>70% rate in S-Rank pool</color>	Assets/Product/Texture/Image/UiDrawLog/UiDrawLog22.png	Assets/Product/Texture/Image/UiDrawLog/UiDrawLog23.png	Rate in S-Rank pool:	70%									
170374	10000	<color=#26bbf9>70% rate in S-Rank pool</color>	Assets/Product/Texture/Image/UiDrawLog/UiDrawLog22.png	Assets/Product/Texture/Image/UiDrawLog/UiDrawLog23.png	Rate in S-Rank pool:	70%									
170375	9990	<color=#26bbf9>70% rate in S-Rank pool</color>	Assets/Product/Texture/Image/UiDrawLog/UiDrawLog22.png	Assets/Product/Texture/Image/UiDrawLog/UiDrawLog23.png	Rate in S-Rank pool:	70%									
170376	9980	<color=#26bbf9>70% rate in S-Rank pool</color>	Assets/Product/Texture/Image/UiDrawLog/UiDrawLog22.png	Assets/Product/Texture/Image/UiDrawLog/UiDrawLog23.png	Rate in S-Rank pool:	70%									
170377	9970	<color=#26bbf9>70% rate in S-Rank pool</color>	Assets/Product/Texture/Image/UiDrawLog/UiDrawLog22.png	Assets/Product/Texture/Image/UiDrawLog/UiDrawLog23.png	Rate in S-Rank pool:	70%									
170378	9960	<color=#26bbf9>70% rate in S-Rank pool</color>	Assets/Product/Texture/Image/UiDrawLog/UiDrawLog22.png	Assets/Product/Texture/Image/UiDrawLog/UiDrawLog23.png	Rate in S-Rank pool:	70%									
170379	9950	<color=#26bbf9>70% rate in S-Rank pool</color>	Assets/Product/Texture/Image/UiDrawLog/UiDrawLog22.png	Assets/Product/Texture/Image/UiDrawLog/UiDrawLog23.png	Rate in S-Rank pool:	70%									
170380	9940	<color=#26bbf9>70% rate in S-Rank pool</color>	Assets/Product/Texture/Image/UiDrawLog/UiDrawLog22.png	Assets/Product/Texture/Image/UiDrawLog/UiDrawLog23.png	Rate in S-Rank pool:	70%									
170381	9930	<color=#26bbf9>70% rate in S-Rank pool</color>	Assets/Product/Texture/Image/UiDrawLog/UiDrawLog22.png	Assets/Product/Texture/Image/UiDrawLog/UiDrawLog23.png	Rate in S-Rank pool:	70%									
170382	9920	<color=#26bbf9>70% rate in S-Rank pool</color>	Assets/Product/Texture/Image/UiDrawLog/UiDrawLog22.png	Assets/Product/Texture/Image/UiDrawLog/UiDrawLog23.png	Rate in S-Rank pool:	70%									
170383	10000	<color=#26bbf9>70% rate in S-Rank pool</color>	Assets/Product/Texture/Image/UiDrawLog/UiDrawLog22.png	Assets/Product/Texture/Image/UiDrawLog/UiDrawLog23.png	Rate in S-Rank pool:	70%									
170384	9990	<color=#26bbf9>70% rate in S-Rank pool</color>	Assets/Product/Texture/Image/UiDrawLog/UiDrawLog22.png	Assets/Product/Texture/Image/UiDrawLog/UiDrawLog23.png	Rate in S-Rank pool:	70%									
170385	9980	<color=#26bbf9>70% rate in S-Rank pool</color>	Assets/Product/Texture/Image/UiDrawLog/UiDrawLog22.png	Assets/Product/Texture/Image/UiDrawLog/UiDrawLog23.png	Rate in S-Rank pool:	70%									
170386	9970	<color=#26bbf9>70% rate in S-Rank pool</color>	Assets/Product/Texture/Image/UiDrawLog/UiDrawLog22.png	Assets/Product/Texture/Image/UiDrawLog/UiDrawLog23.png	Rate in S-Rank pool:	70%									
170387	9960	<color=#26bbf9>70% rate in S-Rank pool</color>	Assets/Product/Texture/Image/UiDrawLog/UiDrawLog22.png	Assets/Product/Texture/Image/UiDrawLog/UiDrawLog23.png	Rate in S-Rank pool:	70%									
170388	9950	<color=#26bbf9>70% rate in S-Rank pool</color>	Assets/Product/Texture/Image/UiDrawLog/UiDrawLog22.png	Assets/Product/Texture/Image/UiDrawLog/UiDrawLog23.png	Rate in S-Rank pool:	70%									
170389	10000	<color=#26bbf9>70% rate in S-Rank pool</color>	Assets/Product/Texture/Image/UiDrawLog/UiDrawLog22.png	Assets/Product/Texture/Image/UiDrawLog/UiDrawLog23.png	Rate in S-Rank pool:	70%									
170390	9990	<color=#26bbf9>70% rate in S-Rank pool</color>	Assets/Product/Texture/Image/UiDrawLog/UiDrawLog22.png	Assets/Product/Texture/Image/UiDrawLog/UiDrawLog23.png	Rate in S-Rank pool:	70%									
170391	9980	<color=#26bbf9>70% rate in S-Rank pool</color>	Assets/Product/Texture/Image/UiDrawLog/UiDrawLog22.png	Assets/Product/Texture/Image/UiDrawLog/UiDrawLog23.png	Rate in S-Rank pool:	70%									
170392	9970	<color=#26bbf9>70% rate in S-Rank pool</color>	Assets/Product/Texture/Image/UiDrawLog/UiDrawLog22.png	Assets/Product/Texture/Image/UiDrawLog/UiDrawLog23.png	Rate in S-Rank pool:	70%									
170393	9960	<color=#26bbf9>70% rate in S-Rank pool</color>	Assets/Product/Texture/Image/UiDrawLog/UiDrawLog22.png	Assets/Product/Texture/Image/UiDrawLog/UiDrawLog23.png	Rate in S-Rank pool:	70%									
170394	9950	<color=#26bbf9>70% rate in S-Rank pool</color>	Assets/Product/Texture/Image/UiDrawLog/UiDrawLog22.png	Assets/Product/Texture/Image/UiDrawLog/UiDrawLog23.png	Rate in S-Rank pool:	70%									
170395	10000	<color=#26bbf9>70% rate in S-Rank pool</color>	Assets/Product/Texture/Image/UiDrawLog/UiDrawLog22.png	Assets/Product/Texture/Image/UiDrawLog/UiDrawLog23.png	Rate in S-Rank pool:	70%									
170396	9990	<color=#26bbf9>70% rate in S-Rank pool</color>	Assets/Product/Texture/Image/UiDrawLog/UiDrawLog22.png	Assets/Product/Texture/Image/UiDrawLog/UiDrawLog23.png	Rate in S-Rank pool:	70%									
170397	9980	<color=#26bbf9>70% rate in S-Rank pool</color>	Assets/Product/Texture/Image/UiDrawLog/UiDrawLog22.png	Assets/Product/Texture/Image/UiDrawLog/UiDrawLog23.png	Rate in S-Rank pool:	70%									
170398	9970	<color=#26bbf9>70% rate in S-Rank pool</color>	Assets/Product/Texture/Image/UiDrawLog/UiDrawLog22.png	Assets/Product/Texture/Image/UiDrawLog/UiDrawLog23.png	Rate in S-Rank pool:	70%									
170399	9960	<color=#26bbf9>70% rate in S-Rank pool</color>	Assets/Product/Texture/Image/UiDrawLog/UiDrawLog22.png	Assets/Product/Texture/Image/UiDrawLog/UiDrawLog23.png	Rate in S-Rank pool:	70%									
170400	9950	<color=#26bbf9>70% rate in S-Rank pool</color>	Assets/Product/Texture/Image/UiDrawLog/UiDrawLog22.png	Assets/Product/Texture/Image/UiDrawLog/UiDrawLog23.png	Rate in S-Rank pool:	70%									
170401	9940	<color=#26bbf9>70% rate in S-Rank pool</color>	Assets/Product/Texture/Image/UiDrawLog/UiDrawLog22.png	Assets/Product/Texture/Image/UiDrawLog/UiDrawLog23.png	Rate in S-Rank pool:	70%									
170402	9930	<color=#26bbf9>70% rate in S-Rank pool</color>	Assets/Product/Texture/Image/UiDrawLog/UiDrawLog22.png	Assets/Product/Texture/Image/UiDrawLog/UiDrawLog23.png	Rate in S-Rank pool:	70%									
170403	9920	<color=#26bbf9>70% rate in S-Rank pool</color>	Assets/Product/Texture/Image/UiDrawLog/UiDrawLog22.png	Assets/Product/Texture/Image/UiDrawLog/UiDrawLog23.png	Rate in S-Rank pool:	70%									
170404	10000	<color=#26bbf9>70% rate in S-Rank pool</color>	Assets/Product/Texture/Image/UiDrawLog/UiDrawLog22.png	Assets/Product/Texture/Image/UiDrawLog/UiDrawLog23.png	Rate in S-Rank pool:	70%									
170405	9990	<color=#26bbf9>70% rate in S-Rank pool</color>	Assets/Product/Texture/Image/UiDrawLog/UiDrawLog22.png	Assets/Product/Texture/Image/UiDrawLog/UiDrawLog23.png	Rate in S-Rank pool:	70%									
170406	9980	<color=#26bbf9>70% rate in S-Rank pool</color>	Assets/Product/Texture/Image/UiDrawLog/UiDrawLog22.png	Assets/Product/Texture/Image/UiDrawLog/UiDrawLog23.png	Rate in S-Rank pool:	70%									
170407	9970	<color=#26bbf9>70% rate in S-Rank pool</color>	Assets/Product/Texture/Image/UiDrawLog/UiDrawLog22.png	Assets/Product/Texture/Image/UiDrawLog/UiDrawLog23.png	Rate in S-Rank pool:	70%									
170408	9960	<color=#26bbf9>70% rate in S-Rank pool</color>	Assets/Product/Texture/Image/UiDrawLog/UiDrawLog22.png	Assets/Product/Texture/Image/UiDrawLog/UiDrawLog23.png	Rate in S-Rank pool:	70%									
170409	9950	<color=#26bbf9>70% rate in S-Rank pool</color>	Assets/Product/Texture/Image/UiDrawLog/UiDrawLog22.png	Assets/Product/Texture/Image/UiDrawLog/UiDrawLog23.png	Rate in S-Rank pool:	70%									
170410	9940	<color=#26bbf9>70% rate in S-Rank pool</color>	Assets/Product/Texture/Image/UiDrawLog/UiDrawLog22.png	Assets/Product/Texture/Image/UiDrawLog/UiDrawLog23.png	Rate in S-Rank pool:	70%									
170411	9930	<color=#26bbf9>70% rate in S-Rank pool</color>	Assets/Product/Texture/Image/UiDrawLog/UiDrawLog22.png	Assets/Product/Texture/Image/UiDrawLog/UiDrawLog23.png	Rate in S-Rank pool:	70%									
170412	9920	<color=#26bbf9>70% rate in S-Rank pool</color>	Assets/Product/Texture/Image/UiDrawLog/UiDrawLog22.png	Assets/Product/Texture/Image/UiDrawLog/UiDrawLog23.png	Rate in S-Rank pool:	70%									
170413	10000	<color=#26bbf9>70% rate in S-Rank pool</color>	Assets/Product/Texture/Image/UiDrawLog/UiDrawLog22.png	Assets/Product/Texture/Image/UiDrawLog/UiDrawLog23.png	Rate in S-Rank pool:	70%									
170414	9990	<color=#26bbf9>70% rate in S-Rank pool</color>	Assets/Product/Texture/Image/UiDrawLog/UiDrawLog22.png	Assets/Product/Texture/Image/UiDrawLog/UiDrawLog23.png	Rate in S-Rank pool:	70%									
170415	9980	<color=#26bbf9>70% rate in S-Rank pool</color>	Assets/Product/Texture/Image/UiDrawLog/UiDrawLog22.png	Assets/Product/Texture/Image/UiDrawLog/UiDrawLog23.png	Rate in S-Rank pool:	70%									
170416	9970	<color=#26bbf9>70% rate in S-Rank pool</color>	Assets/Product/Texture/Image/UiDrawLog/UiDrawLog22.png	Assets/Product/Texture/Image/UiDrawLog/UiDrawLog23.png	Rate in S-Rank pool:	70%									
170417	9960	<color=#26bbf9>70% rate in S-Rank pool</color>	Assets/Product/Texture/Image/UiDrawLog/UiDrawLog22.png	Assets/Product/Texture/Image/UiDrawLog/UiDrawLog23.png	Rate in S-Rank pool:	70%									
170418	9950	<color=#26bbf9>70% rate in S-Rank pool</color>	Assets/Product/Texture/Image/UiDrawLog/UiDrawLog22.png	Assets/Product/Texture/Image/UiDrawLog/UiDrawLog23.png	Rate in S-Rank pool:	70%									
170419	10000	<color=#26bbf9>70% rate in S-Rank pool</color>	Assets/Product/Texture/Image/UiDrawLog/UiDrawLog22.png	Assets/Product/Texture/Image/UiDrawLog/UiDrawLog23.png	Rate in S-Rank pool:	70%									
170420	9990	<color=#26bbf9>70% rate in S-Rank pool</color>	Assets/Product/Texture/Image/UiDrawLog/UiDrawLog22.png	Assets/Product/Texture/Image/UiDrawLog/UiDrawLog23.png	Rate in S-Rank pool:	70%									
170421	9980	<color=#26bbf9>70% rate in S-Rank pool</color>	Assets/Product/Texture/Image/UiDrawLog/UiDrawLog22.png	Assets/Product/Texture/Image/UiDrawLog/UiDrawLog23.png	Rate in S-Rank pool:	70%									
170422	9970	<color=#26bbf9>70% rate in S-Rank pool</color>	Assets/Product/Texture/Image/UiDrawLog/UiDrawLog22.png	Assets/Product/Texture/Image/UiDrawLog/UiDrawLog23.png	Rate in S-Rank pool:	70%									
170423	9960	<color=#26bbf9>70% rate in S-Rank pool</color>	Assets/Product/Texture/Image/UiDrawLog/UiDrawLog22.png	Assets/Product/Texture/Image/UiDrawLog/UiDrawLog23.png	Rate in S-Rank pool:	70%									
170424	9950	<color=#26bbf9>70% rate in S-Rank pool</color>	Assets/Product/Texture/Image/UiDrawLog/UiDrawLog22.png	Assets/Product/Texture/Image/UiDrawLog/UiDrawLog23.png	Rate in S-Rank pool:	70%									
170425	10000	<color=#26bbf9>70% rate in S-Rank pool</color>	Assets/Product/Texture/Image/UiDrawLog/UiDrawLog22.png	Assets/Product/Texture/Image/UiDrawLog/UiDrawLog23.png	Rate in S-Rank pool:	70%									
170426	9990	<color=#26bbf9>70% rate in S-Rank pool</color>	Assets/Product/Texture/Image/UiDrawLog/UiDrawLog22.png	Assets/Product/Texture/Image/UiDrawLog/UiDrawLog23.png	Rate in S-Rank pool:	70%									
170427	9980	<color=#26bbf9>70% rate in S-Rank pool</color>	Assets/Product/Texture/Image/UiDrawLog/UiDrawLog22.png	Assets/Product/Texture/Image/UiDrawLog/UiDrawLog23.png	Rate in S-Rank pool:	70%									
170428	9970	<color=#26bbf9>70% rate in S-Rank pool</color>	Assets/Product/Texture/Image/UiDrawLog/UiDrawLog22.png	Assets/Product/Texture/Image/UiDrawLog/UiDrawLog23.png	Rate in S-Rank pool:	70%									
170429	9960	<color=#26bbf9>70% rate in S-Rank pool</color>	Assets/Product/Texture/Image/UiDrawLog/UiDrawLog22.png	Assets/Product/Texture/Image/UiDrawLog/UiDrawLog23.png	Rate in S-Rank pool:	70%									
170430	9950	<color=#26bbf9>70% rate in S-Rank pool</color>	Assets/Product/Texture/Image/UiDrawLog/UiDrawLog22.png	Assets/Product/Texture/Image/UiDrawLog/UiDrawLog23.png	Rate in S-Rank pool:	70%									
170431	9940	<color=#26bbf9>70% rate in S-Rank pool</color>	Assets/Product/Texture/Image/UiDrawLog/UiDrawLog22.png	Assets/Product/Texture/Image/UiDrawLog/UiDrawLog23.png	Rate in S-Rank pool:	70%									
170432	9930	<color=#26bbf9>70% rate in S-Rank pool</color>	Assets/Product/Texture/Image/UiDrawLog/UiDrawLog22.png	Assets/Product/Texture/Image/UiDrawLog/UiDrawLog23.png	Rate in S-Rank pool:	70%									
170433	9920	<color=#26bbf9>70% rate in S-Rank pool</color>	Assets/Product/Texture/Image/UiDrawLog/UiDrawLog22.png	Assets/Product/Texture/Image/UiDrawLog/UiDrawLog23.png	Rate in S-Rank pool:	70%									
170434	10000	<color=#26bbf9>70% rate in S-Rank pool</color>	Assets/Product/Texture/Image/UiDrawLog/UiDrawLog22.png	Assets/Product/Texture/Image/UiDrawLog/UiDrawLog23.png	Rate in S-Rank pool:	70%									
170435	9990	<color=#26bbf9>70% rate in S-Rank pool</color>	Assets/Product/Texture/Image/UiDrawLog/UiDrawLog22.png	Assets/Product/Texture/Image/UiDrawLog/UiDrawLog23.png	Rate in S-Rank pool:	70%									
170436	9980	<color=#26bbf9>70% rate in S-Rank pool</color>	Assets/Product/Texture/Image/UiDrawLog/UiDrawLog22.png	Assets/Product/Texture/Image/UiDrawLog/UiDrawLog23.png	Rate in S-Rank pool:	70%									
170437	9970	<color=#26bbf9>70% rate in S-Rank pool</color>	Assets/Product/Texture/Image/UiDrawLog/UiDrawLog22.png	Assets/Product/Texture/Image/UiDrawLog/UiDrawLog23.png	Rate in S-Rank pool:	70%									
170438	9960	<color=#26bbf9>70% rate in S-Rank pool</color>	Assets/Product/Texture/Image/UiDrawLog/UiDrawLog22.png	Assets/Product/Texture/Image/UiDrawLog/UiDrawLog23.png	Rate in S-Rank pool:	70%									
170439	9950	<color=#26bbf9>70% rate in S-Rank pool</color>	Assets/Product/Texture/Image/UiDrawLog/UiDrawLog22.png	Assets/Product/Texture/Image/UiDrawLog/UiDrawLog23.png	Rate in S-Rank pool:	70%									
170440	9940	<color=#26bbf9>70% rate in S-Rank pool</color>	Assets/Product/Texture/Image/UiDrawLog/UiDrawLog22.png	Assets/Product/Texture/Image/UiDrawLog/UiDrawLog23.png	Rate in S-Rank pool:	70%									
170441	9930	<color=#26bbf9>70% rate in S-Rank pool</color>	Assets/Product/Texture/Image/UiDrawLog/UiDrawLog22.png	Assets/Product/Texture/Image/UiDrawLog/UiDrawLog23.png	Rate in S-Rank pool:	70%									
170442	9920	<color=#26bbf9>70% rate in S-Rank pool</color>	Assets/Product/Texture/Image/UiDrawLog/UiDrawLog22.png	Assets/Product/Texture/Image/UiDrawLog/UiDrawLog23.png	Rate in S-Rank pool:	70%									
170443	10000	<color=#ff8d1e>100% rate in S-Rank pool</color>	Assets/Product/Texture/Image/UiDrawLog/UiDrawLog22.png	Assets/Product/Texture/Image/UiDrawLog/UiDrawLog23.png	Rate in S-Rank pool:	100%									
170444	9990	<color=#ff8d1e>100% rate in S-Rank pool</color>	Assets/Product/Texture/Image/UiDrawLog/UiDrawLog22.png	Assets/Product/Texture/Image/UiDrawLog/UiDrawLog23.png	Rate in S-Rank pool:	100%									
170445	9980	<color=#ff8d1e>100% rate in S-Rank pool</color>	Assets/Product/Texture/Image/UiDrawLog/UiDrawLog22.png	Assets/Product/Texture/Image/UiDrawLog/UiDrawLog23.png	Rate in S-Rank pool:	100%									
170446	9970	<color=#ff8d1e>100% rate in S-Rank pool</color>	Assets/Product/Texture/Image/UiDrawLog/UiDrawLog22.png	Assets/Product/Texture/Image/UiDrawLog/UiDrawLog23.png	Rate in S-Rank pool:	100%									
170447	9960	<color=#ff8d1e>100% rate in S-Rank pool</color>	Assets/Product/Texture/Image/UiDrawLog/UiDrawLog22.png	Assets/Product/Texture/Image/UiDrawLog/UiDrawLog23.png	Rate in S-Rank pool:	100%									
170448	9950	<color=#ff8d1e>100% rate in S-Rank pool</color>	Assets/Product/Texture/Image/UiDrawLog/UiDrawLog22.png	Assets/Product/Texture/Image/UiDrawLog/UiDrawLog23.png	Rate in S-Rank pool:	100%									
170449	9940	<color=#ff8d1e>100% rate in S-Rank pool</color>	Assets/Product/Texture/Image/UiDrawLog/UiDrawLog22.png	Assets/Product/Texture/Image/UiDrawLog/UiDrawLog23.png	Rate in S-Rank pool:	100%									
170450	9930	<color=#ff8d1e>100% rate in S-Rank pool</color>	Assets/Product/Texture/Image/UiDrawLog/UiDrawLog22.png	Assets/Product/Texture/Image/UiDrawLog/UiDrawLog23.png	Rate in S-Rank pool:	100%									
170451	9920	<color=#ff8d1e>100% rate in S-Rank pool</color>	Assets/Product/Texture/Image/UiDrawLog/UiDrawLog22.png	Assets/Product/Texture/Image/UiDrawLog/UiDrawLog23.png	Rate in S-Rank pool:	100%									
170452	9910	<color=#ff8d1e>100% rate in S-Rank pool</color>	Assets/Product/Texture/Image/UiDrawLog/UiDrawLog22.png	Assets/Product/Texture/Image/UiDrawLog/UiDrawLog23.png	Rate in S-Rank pool:	100%									
170453	9900	<color=#ff8d1e>100% rate in S-Rank pool</color>	Assets/Product/Texture/Image/UiDrawLog/UiDrawLog22.png	Assets/Product/Texture/Image/UiDrawLog/UiDrawLog23.png	Rate in S-Rank pool:	100%									
170454	9890	<color=#ff8d1e>100% rate in S-Rank pool</color>	Assets/Product/Texture/Image/UiDrawLog/UiDrawLog22.png	Assets/Product/Texture/Image/UiDrawLog/UiDrawLog23.png	Rate in S-Rank pool:	100%									
170455	9880	<color=#ff8d1e>100% rate in S-Rank pool</color>	Assets/Product/Texture/Image/UiDrawLog/UiDrawLog22.png	Assets/Product/Texture/Image/UiDrawLog/UiDrawLog23.png	Rate in S-Rank pool:	100%									
170456	9870	<color=#ff8d1e>100% rate in S-Rank pool</color>	Assets/Product/Texture/Image/UiDrawLog/UiDrawLog22.png	Assets/Product/Texture/Image/UiDrawLog/UiDrawLog23.png	Rate in S-Rank pool:	100%									
170457	9860	<color=#ff8d1e>100% rate in S-Rank pool</color>	Assets/Product/Texture/Image/UiDrawLog/UiDrawLog22.png	Assets/Product/Texture/Image/UiDrawLog/UiDrawLog23.png	Rate in S-Rank pool:	100%									
170458	9850	<color=#ff8d1e>100% rate in S-Rank pool</color>	Assets/Product/Texture/Image/UiDrawLog/UiDrawLog22.png	Assets/Product/Texture/Image/UiDrawLog/UiDrawLog23.png	Rate in S-Rank pool:	100%									
170459	9840	<color=#ff8d1e>100% rate in S-Rank pool</color>	Assets/Product/Texture/Image/UiDrawLog/UiDrawLog22.png	Assets/Product/Texture/Image/UiDrawLog/UiDrawLog23.png	Rate in S-Rank pool:	100%									
170460	9830	<color=#ff8d1e>100% rate in S-Rank pool</color>	Assets/Product/Texture/Image/UiDrawLog/UiDrawLog22.png	Assets/Product/Texture/Image/UiDrawLog/UiDrawLog23.png	Rate in S-Rank pool:	100%									
170461	9820	<color=#ff8d1e>100% rate in S-Rank pool</color>	Assets/Product/Texture/Image/UiDrawLog/UiDrawLog22.png	Assets/Product/Texture/Image/UiDrawLog/UiDrawLog23.png	Rate in S-Rank pool:	100%									
170462	9810	<color=#ff8d1e>100% rate in S-Rank pool</color>	Assets/Product/Texture/Image/UiDrawLog/UiDrawLog22.png	Assets/Product/Texture/Image/UiDrawLog/UiDrawLog23.png	Rate in S-Rank pool:	100%									
170463	10000	<color=#ff8d1e>100% rate in S-Rank pool</color>	Assets/Product/Texture/Image/UiDrawLog/UiDrawLog22.png	Assets/Product/Texture/Image/UiDrawLog/UiDrawLog23.png	Rate in S-Rank pool:	100%									
170464	9990	<color=#ff8d1e>100% rate in S-Rank pool</color>	Assets/Product/Texture/Image/UiDrawLog/UiDrawLog22.png	Assets/Product/Texture/Image/UiDrawLog/UiDrawLog23.png	Rate in S-Rank pool:	100%									
170465	9980	<color=#ff8d1e>100% rate in S-Rank pool</color>	Assets/Product/Texture/Image/UiDrawLog/UiDrawLog22.png	Assets/Product/Texture/Image/UiDrawLog/UiDrawLog23.png	Rate in S-Rank pool:	100%									
170466	9970	<color=#ff8d1e>100% rate in S-Rank pool</color>	Assets/Product/Texture/Image/UiDrawLog/UiDrawLog22.png	Assets/Product/Texture/Image/UiDrawLog/UiDrawLog23.png	Rate in S-Rank pool:	100%									
170467	9960	<color=#ff8d1e>100% rate in S-Rank pool</color>	Assets/Product/Texture/Image/UiDrawLog/UiDrawLog22.png	Assets/Product/Texture/Image/UiDrawLog/UiDrawLog23.png	Rate in S-Rank pool:	100%									
170468	9950	<color=#ff8d1e>100% rate in S-Rank pool</color>	Assets/Product/Texture/Image/UiDrawLog/UiDrawLog22.png	Assets/Product/Texture/Image/UiDrawLog/UiDrawLog23.png	Rate in S-Rank pool:	100%									
170469	9940	<color=#ff8d1e>100% rate in S-Rank pool</color>	Assets/Product/Texture/Image/UiDrawLog/UiDrawLog22.png	Assets/Product/Texture/Image/UiDrawLog/UiDrawLog23.png	Rate in S-Rank pool:	100%									
170470	9930	<color=#ff8d1e>100% rate in S-Rank pool</color>	Assets/Product/Texture/Image/UiDrawLog/UiDrawLog22.png	Assets/Product/Texture/Image/UiDrawLog/UiDrawLog23.png	Rate in S-Rank pool:	100%									
170471	9920	<color=#ff8d1e>100% rate in S-Rank pool</color>	Assets/Product/Texture/Image/UiDrawLog/UiDrawLog22.png	Assets/Product/Texture/Image/UiDrawLog/UiDrawLog23.png	Rate in S-Rank pool:	100%									
170472	9910	<color=#ff8d1e>100% rate in S-Rank pool</color>	Assets/Product/Texture/Image/UiDrawLog/UiDrawLog22.png	Assets/Product/Texture/Image/UiDrawLog/UiDrawLog23.png	Rate in S-Rank pool:	100%									
170473	9900	<color=#ff8d1e>100% rate in S-Rank pool</color>	Assets/Product/Texture/Image/UiDrawLog/UiDrawLog22.png	Assets/Product/Texture/Image/UiDrawLog/UiDrawLog23.png	Rate in S-Rank pool:	100%									
170474	9890	<color=#ff8d1e>100% rate in S-Rank pool</color>	Assets/Product/Texture/Image/UiDrawLog/UiDrawLog22.png	Assets/Product/Texture/Image/UiDrawLog/UiDrawLog23.png	Rate in S-Rank pool:	100%									
170475	9880	<color=#ff8d1e>100% rate in S-Rank pool</color>	Assets/Product/Texture/Image/UiDrawLog/UiDrawLog22.png	Assets/Product/Texture/Image/UiDrawLog/UiDrawLog23.png	Rate in S-Rank pool:	100%									
170476	9870	<color=#ff8d1e>100% rate in S-Rank pool</color>	Assets/Product/Texture/Image/UiDrawLog/UiDrawLog22.png	Assets/Product/Texture/Image/UiDrawLog/UiDrawLog23.png	Rate in S-Rank pool:	100%									
170477	9860	<color=#ff8d1e>100% rate in S-Rank pool</color>	Assets/Product/Texture/Image/UiDrawLog/UiDrawLog22.png	Assets/Product/Texture/Image/UiDrawLog/UiDrawLog23.png	Rate in S-Rank pool:	100%									
170478	9850	<color=#ff8d1e>100% rate in S-Rank pool</color>	Assets/Product/Texture/Image/UiDrawLog/UiDrawLog22.png	Assets/Product/Texture/Image/UiDrawLog/UiDrawLog23.png	Rate in S-Rank pool:	100%									
170479	9840	<color=#ff8d1e>100% rate in S-Rank pool</color>	Assets/Product/Texture/Image/UiDrawLog/UiDrawLog22.png	Assets/Product/Texture/Image/UiDrawLog/UiDrawLog23.png	Rate in S-Rank pool:	100%									
170480	9830	<color=#ff8d1e>100% rate in S-Rank pool</color>	Assets/Product/Texture/Image/UiDrawLog/UiDrawLog22.png	Assets/Product/Texture/Image/UiDrawLog/UiDrawLog23.png	Rate in S-Rank pool:	100%									
170481	9820	<color=#ff8d1e>100% rate in S-Rank pool</color>	Assets/Product/Texture/Image/UiDrawLog/UiDrawLog22.png	Assets/Product/Texture/Image/UiDrawLog/UiDrawLog23.png	Rate in S-Rank pool:	100%									
170482	9810	<color=#ff8d1e>100% rate in S-Rank pool</color>	Assets/Product/Texture/Image/UiDrawLog/UiDrawLog22.png	Assets/Product/Texture/Image/UiDrawLog/UiDrawLog23.png	Rate in S-Rank pool:	100%									
170483	10000	<color=#26bbf9>70% rate in S-Rank pool</color>	Assets/Product/Texture/Image/UiDrawLog/UiDrawLog22.png	Assets/Product/Texture/Image/UiDrawLog/UiDrawLog23.png	Rate in S-Rank pool:	70%									
170484	9990	<color=#26bbf9>70% rate in S-Rank pool</color>	Assets/Product/Texture/Image/UiDrawLog/UiDrawLog22.png	Assets/Product/Texture/Image/UiDrawLog/UiDrawLog23.png	Rate in S-Rank pool:	70%									
170485	9980	<color=#26bbf9>70% rate in S-Rank pool</color>	Assets/Product/Texture/Image/UiDrawLog/UiDrawLog22.png	Assets/Product/Texture/Image/UiDrawLog/UiDrawLog23.png	Rate in S-Rank pool:	70%									
170486	9970	<color=#26bbf9>70% rate in S-Rank pool</color>	Assets/Product/Texture/Image/UiDrawLog/UiDrawLog22.png	Assets/Product/Texture/Image/UiDrawLog/UiDrawLog23.png	Rate in S-Rank pool:	70%									
170487	9960	<color=#26bbf9>70% rate in S-Rank pool</color>	Assets/Product/Texture/Image/UiDrawLog/UiDrawLog22.png	Assets/Product/Texture/Image/UiDrawLog/UiDrawLog23.png	Rate in S-Rank pool:	70%									
170488	9950	<color=#26bbf9>70% rate in S-Rank pool</color>	Assets/Product/Texture/Image/UiDrawLog/UiDrawLog22.png	Assets/Product/Texture/Image/UiDrawLog/UiDrawLog23.png	Rate in S-Rank pool:	70%									
170489	10000	<color=#26bbf9>70% rate in S-Rank pool</color>	Assets/Product/Texture/Image/UiDrawLog/UiDrawLog22.png	Assets/Product/Texture/Image/UiDrawLog/UiDrawLog23.png	Rate in S-Rank pool:	70%									
170490	9990	<color=#26bbf9>70% rate in S-Rank pool</color>	Assets/Product/Texture/Image/UiDrawLog/UiDrawLog22.png	Assets/Product/Texture/Image/UiDrawLog/UiDrawLog23.png	Rate in S-Rank pool:	70%									
170491	9980	<color=#26bbf9>70% rate in S-Rank pool</color>	Assets/Product/Texture/Image/UiDrawLog/UiDrawLog22.png	Assets/Product/Texture/Image/UiDrawLog/UiDrawLog23.png	Rate in S-Rank pool:	70%									
170492	9970	<color=#26bbf9>70% rate in S-Rank pool</color>	Assets/Product/Texture/Image/UiDrawLog/UiDrawLog22.png	Assets/Product/Texture/Image/UiDrawLog/UiDrawLog23.png	Rate in S-Rank pool:	70%									
170493	9960	<color=#26bbf9>70% rate in S-Rank pool</color>	Assets/Product/Texture/Image/UiDrawLog/UiDrawLog22.png	Assets/Product/Texture/Image/UiDrawLog/UiDrawLog23.png	Rate in S-Rank pool:	70%									
170494	9950	<color=#26bbf9>70% rate in S-Rank pool</color>	Assets/Product/Texture/Image/UiDrawLog/UiDrawLog22.png	Assets/Product/Texture/Image/UiDrawLog/UiDrawLog23.png	Rate in S-Rank pool:	70%									
170495	10000	<color=#26bbf9>70% rate in S-Rank pool</color>	Assets/Product/Texture/Image/UiDrawLog/UiDrawLog22.png	Assets/Product/Texture/Image/UiDrawLog/UiDrawLog23.png	Rate in S-Rank pool:	70%									
170496	9990	<color=#26bbf9>70% rate in S-Rank pool</color>	Assets/Product/Texture/Image/UiDrawLog/UiDrawLog22.png	Assets/Product/Texture/Image/UiDrawLog/UiDrawLog23.png	Rate in S-Rank pool:	70%									
170497	9980	<color=#26bbf9>70% rate in S-Rank pool</color>	Assets/Product/Texture/Image/UiDrawLog/UiDrawLog22.png	Assets/Product/Texture/Image/UiDrawLog/UiDrawLog23.png	Rate in S-Rank pool:	70%									
170498	9970	<color=#26bbf9>70% rate in S-Rank pool</color>	Assets/Product/Texture/Image/UiDrawLog/UiDrawLog22.png	Assets/Product/Texture/Image/UiDrawLog/UiDrawLog23.png	Rate in S-Rank pool:	70%									
170499	9960	<color=#26bbf9>70% rate in S-Rank pool</color>	Assets/Product/Texture/Image/UiDrawLog/UiDrawLog22.png	Assets/Product/Texture/Image/UiDrawLog/UiDrawLog23.png	Rate in S-Rank pool:	70%									
170500	9950	<color=#26bbf9>70% rate in S-Rank pool</color>	Assets/Product/Texture/Image/UiDrawLog/UiDrawLog22.png	Assets/Product/Texture/Image/UiDrawLog/UiDrawLog23.png	Rate in S-Rank pool:	70%									
170501	9940	<color=#26bbf9>70% rate in S-Rank pool</color>	Assets/Product/Texture/Image/UiDrawLog/UiDrawLog22.png	Assets/Product/Texture/Image/UiDrawLog/UiDrawLog23.png	Rate in S-Rank pool:	70%									
170502	9930	<color=#26bbf9>70% rate in S-Rank pool</color>	Assets/Product/Texture/Image/UiDrawLog/UiDrawLog22.png	Assets/Product/Texture/Image/UiDrawLog/UiDrawLog23.png	Rate in S-Rank pool:	70%									
170503	9920	<color=#26bbf9>70% rate in S-Rank pool</color>	Assets/Product/Texture/Image/UiDrawLog/UiDrawLog22.png	Assets/Product/Texture/Image/UiDrawLog/UiDrawLog23.png	Rate in S-Rank pool:	70%									
170504	10000	<color=#26bbf9>70% rate in S-Rank pool</color>	Assets/Product/Texture/Image/UiDrawLog/UiDrawLog22.png	Assets/Product/Texture/Image/UiDrawLog/UiDrawLog23.png	Rate in S-Rank pool:	70%									
170505	9990	<color=#26bbf9>70% rate in S-Rank pool</color>	Assets/Product/Texture/Image/UiDrawLog/UiDrawLog22.png	Assets/Product/Texture/Image/UiDrawLog/UiDrawLog23.png	Rate in S-Rank pool:	70%									
170506	9980	<color=#26bbf9>70% rate in S-Rank pool</color>	Assets/Product/Texture/Image/UiDrawLog/UiDrawLog22.png	Assets/Product/Texture/Image/UiDrawLog/UiDrawLog23.png	Rate in S-Rank pool:	70%									
170507	9970	<color=#26bbf9>70% rate in S-Rank pool</color>	Assets/Product/Texture/Image/UiDrawLog/UiDrawLog22.png	Assets/Product/Texture/Image/UiDrawLog/UiDrawLog23.png	Rate in S-Rank pool:	70%									
170508	9960	<color=#26bbf9>70% rate in S-Rank pool</color>	Assets/Product/Texture/Image/UiDrawLog/UiDrawLog22.png	Assets/Product/Texture/Image/UiDrawLog/UiDrawLog23.png	Rate in S-Rank pool:	70%									
170509	9950	<color=#26bbf9>70% rate in S-Rank pool</color>	Assets/Product/Texture/Image/UiDrawLog/UiDrawLog22.png	Assets/Product/Texture/Image/UiDrawLog/UiDrawLog23.png	Rate in S-Rank pool:	70%									
170510	9940	<color=#26bbf9>70% rate in S-Rank pool</color>	Assets/Product/Texture/Image/UiDrawLog/UiDrawLog22.png	Assets/Product/Texture/Image/UiDrawLog/UiDrawLog23.png	Rate in S-Rank pool:	70%									
170511	9930	<color=#26bbf9>70% rate in S-Rank pool</color>	Assets/Product/Texture/Image/UiDrawLog/UiDrawLog22.png	Assets/Product/Texture/Image/UiDrawLog/UiDrawLog23.png	Rate in S-Rank pool:	70%									
170512	9920	<color=#26bbf9>70% rate in S-Rank pool</color>	Assets/Product/Texture/Image/UiDrawLog/UiDrawLog22.png	Assets/Product/Texture/Image/UiDrawLog/UiDrawLog23.png	Rate in S-Rank pool:	70%									
170513	10000	<color=#26bbf9>70% rate in S-Rank pool</color>	Assets/Product/Texture/Image/UiDrawLog/UiDrawLog22.png	Assets/Product/Texture/Image/UiDrawLog/UiDrawLog23.png	Rate in S-Rank pool:	70%									
170514	9990	<color=#26bbf9>70% rate in S-Rank pool</color>	Assets/Product/Texture/Image/UiDrawLog/UiDrawLog22.png	Assets/Product/Texture/Image/UiDrawLog/UiDrawLog23.png	Rate in S-Rank pool:	70%									
170515	9980	<color=#26bbf9>70% rate in S-Rank pool</color>	Assets/Product/Texture/Image/UiDrawLog/UiDrawLog22.png	Assets/Product/Texture/Image/UiDrawLog/UiDrawLog23.png	Rate in S-Rank pool:	70%									
170516	9970	<color=#26bbf9>70% rate in S-Rank pool</color>	Assets/Product/Texture/Image/UiDrawLog/UiDrawLog22.png	Assets/Product/Texture/Image/UiDrawLog/UiDrawLog23.png	Rate in S-Rank pool:	70%									
170517	9960	<color=#26bbf9>70% rate in S-Rank pool</color>	Assets/Product/Texture/Image/UiDrawLog/UiDrawLog22.png	Assets/Product/Texture/Image/UiDrawLog/UiDrawLog23.png	Rate in S-Rank pool:	70%									
170518	9950	<color=#26bbf9>70% rate in S-Rank pool</color>	Assets/Product/Texture/Image/UiDrawLog/UiDrawLog22.png	Assets/Product/Texture/Image/UiDrawLog/UiDrawLog23.png	Rate in S-Rank pool:	70%									
170519	10000	<color=#26bbf9>70% rate in S-Rank pool</color>	Assets/Product/Texture/Image/UiDrawLog/UiDrawLog22.png	Assets/Product/Texture/Image/UiDrawLog/UiDrawLog23.png	Rate in S-Rank pool:	70%									
170520	9990	<color=#26bbf9>70% rate in S-Rank pool</color>	Assets/Product/Texture/Image/UiDrawLog/UiDrawLog22.png	Assets/Product/Texture/Image/UiDrawLog/UiDrawLog23.png	Rate in S-Rank pool:	70%									
170521	9980	<color=#26bbf9>70% rate in S-Rank pool</color>	Assets/Product/Texture/Image/UiDrawLog/UiDrawLog22.png	Assets/Product/Texture/Image/UiDrawLog/UiDrawLog23.png	Rate in S-Rank pool:	70%									
170522	9970	<color=#26bbf9>70% rate in S-Rank pool</color>	Assets/Product/Texture/Image/UiDrawLog/UiDrawLog22.png	Assets/Product/Texture/Image/UiDrawLog/UiDrawLog23.png	Rate in S-Rank pool:	70%									
170523	9960	<color=#26bbf9>70% rate in S-Rank pool</color>	Assets/Product/Texture/Image/UiDrawLog/UiDrawLog22.png	Assets/Product/Texture/Image/UiDrawLog/UiDrawLog23.png	Rate in S-Rank pool:	70%									
170524	9950	<color=#26bbf9>70% rate in S-Rank pool</color>	Assets/Product/Texture/Image/UiDrawLog/UiDrawLog22.png	Assets/Product/Texture/Image/UiDrawLog/UiDrawLog23.png	Rate in S-Rank pool:	70%									
170525	10000	<color=#26bbf9>70% rate in S-Rank pool</color>	Assets/Product/Texture/Image/UiDrawLog/UiDrawLog22.png	Assets/Product/Texture/Image/UiDrawLog/UiDrawLog23.png	Rate in S-Rank pool:	70%									
170526	9990	<color=#26bbf9>70% rate in S-Rank pool</color>	Assets/Product/Texture/Image/UiDrawLog/UiDrawLog22.png	Assets/Product/Texture/Image/UiDrawLog/UiDrawLog23.png	Rate in S-Rank pool:	70%									
170527	9980	<color=#26bbf9>70% rate in S-Rank pool</color>	Assets/Product/Texture/Image/UiDrawLog/UiDrawLog22.png	Assets/Product/Texture/Image/UiDrawLog/UiDrawLog23.png	Rate in S-Rank pool:	70%									
170528	9970	<color=#26bbf9>70% rate in S-Rank pool</color>	Assets/Product/Texture/Image/UiDrawLog/UiDrawLog22.png	Assets/Product/Texture/Image/UiDrawLog/UiDrawLog23.png	Rate in S-Rank pool:	70%									
170529	9960	<color=#26bbf9>70% rate in S-Rank pool</color>	Assets/Product/Texture/Image/UiDrawLog/UiDrawLog22.png	Assets/Product/Texture/Image/UiDrawLog/UiDrawLog23.png	Rate in S-Rank pool:	70%									
170530	9950	<color=#26bbf9>70% rate in S-Rank pool</color>	Assets/Product/Texture/Image/UiDrawLog/UiDrawLog22.png	Assets/Product/Texture/Image/UiDrawLog/UiDrawLog23.png	Rate in S-Rank pool:	70%									
170531	9940	<color=#26bbf9>70% rate in S-Rank pool</color>	Assets/Product/Texture/Image/UiDrawLog/UiDrawLog22.png	Assets/Product/Texture/Image/UiDrawLog/UiDrawLog23.png	Rate in S-Rank pool:	70%									
170532	9930	<color=#26bbf9>70% rate in S-Rank pool</color>	Assets/Product/Texture/Image/UiDrawLog/UiDrawLog22.png	Assets/Product/Texture/Image/UiDrawLog/UiDrawLog23.png	Rate in S-Rank pool:	70%									
170533	9920	<color=#26bbf9>70% rate in S-Rank pool</color>	Assets/Product/Texture/Image/UiDrawLog/UiDrawLog22.png	Assets/Product/Texture/Image/UiDrawLog/UiDrawLog23.png	Rate in S-Rank pool:	70%									
170534	10000	<color=#26bbf9>70% rate in S-Rank pool</color>	Assets/Product/Texture/Image/UiDrawLog/UiDrawLog22.png	Assets/Product/Texture/Image/UiDrawLog/UiDrawLog23.png	Rate in S-Rank pool:	70%									
170535	9990	<color=#26bbf9>70% rate in S-Rank pool</color>	Assets/Product/Texture/Image/UiDrawLog/UiDrawLog22.png	Assets/Product/Texture/Image/UiDrawLog/UiDrawLog23.png	Rate in S-Rank pool:	70%									
170536	9980	<color=#26bbf9>70% rate in S-Rank pool</color>	Assets/Product/Texture/Image/UiDrawLog/UiDrawLog22.png	Assets/Product/Texture/Image/UiDrawLog/UiDrawLog23.png	Rate in S-Rank pool:	70%									
170537	9970	<color=#26bbf9>70% rate in S-Rank pool</color>	Assets/Product/Texture/Image/UiDrawLog/UiDrawLog22.png	Assets/Product/Texture/Image/UiDrawLog/UiDrawLog23.png	Rate in S-Rank pool:	70%									
170538	9960	<color=#26bbf9>70% rate in S-Rank pool</color>	Assets/Product/Texture/Image/UiDrawLog/UiDrawLog22.png	Assets/Product/Texture/Image/UiDrawLog/UiDrawLog23.png	Rate in S-Rank pool:	70%									
170539	9950	<color=#26bbf9>70% rate in S-Rank pool</color>	Assets/Product/Texture/Image/UiDrawLog/UiDrawLog22.png	Assets/Product/Texture/Image/UiDrawLog/UiDrawLog23.png	Rate in S-Rank pool:	70%									
170540	9940	<color=#26bbf9>70% rate in S-Rank pool</color>	Assets/Product/Texture/Image/UiDrawLog/UiDrawLog22.png	Assets/Product/Texture/Image/UiDrawLog/UiDrawLog23.png	Rate in S-Rank pool:	70%									
170541	9930	<color=#26bbf9>70% rate in S-Rank pool</color>	Assets/Product/Texture/Image/UiDrawLog/UiDrawLog22.png	Assets/Product/Texture/Image/UiDrawLog/UiDrawLog23.png	Rate in S-Rank pool:	70%									
170542	9920	<color=#26bbf9>70% rate in S-Rank pool</color>	Assets/Product/Texture/Image/UiDrawLog/UiDrawLog22.png	Assets/Product/Texture/Image/UiDrawLog/UiDrawLog23.png	Rate in S-Rank pool:	70%									
170543	10000	<color=#ff8d1e>100% rate in S-Rank pool</color>	Assets/Product/Texture/Image/UiDrawLog/UiDrawLog22.png	Assets/Product/Texture/Image/UiDrawLog/UiDrawLog23.png	Rate in S-Rank pool:	100%									
170544	9990	<color=#ff8d1e>100% rate in S-Rank pool</color>	Assets/Product/Texture/Image/UiDrawLog/UiDrawLog22.png	Assets/Product/Texture/Image/UiDrawLog/UiDrawLog23.png	Rate in S-Rank pool:	100%									
170545	9980	<color=#ff8d1e>100% rate in S-Rank pool</color>	Assets/Product/Texture/Image/UiDrawLog/UiDrawLog22.png	Assets/Product/Texture/Image/UiDrawLog/UiDrawLog23.png	Rate in S-Rank pool:	100%									
170546	9970	<color=#ff8d1e>100% rate in S-Rank pool</color>	Assets/Product/Texture/Image/UiDrawLog/UiDrawLog22.png	Assets/Product/Texture/Image/UiDrawLog/UiDrawLog23.png	Rate in S-Rank pool:	100%									
170547	9960	<color=#ff8d1e>100% rate in S-Rank pool</color>	Assets/Product/Texture/Image/UiDrawLog/UiDrawLog22.png	Assets/Product/Texture/Image/UiDrawLog/UiDrawLog23.png	Rate in S-Rank pool:	100%									
170548	9950	<color=#ff8d1e>100% rate in S-Rank pool</color>	Assets/Product/Texture/Image/UiDrawLog/UiDrawLog22.png	Assets/Product/Texture/Image/UiDrawLog/UiDrawLog23.png	Rate in S-Rank pool:	100%									
170549	9940	<color=#ff8d1e>100% rate in S-Rank pool</color>	Assets/Product/Texture/Image/UiDrawLog/UiDrawLog22.png	Assets/Product/Texture/Image/UiDrawLog/UiDrawLog23.png	Rate in S-Rank pool:	100%									
170550	9930	<color=#ff8d1e>100% rate in S-Rank pool</color>	Assets/Product/Texture/Image/UiDrawLog/UiDrawLog22.png	Assets/Product/Texture/Image/UiDrawLog/UiDrawLog23.png	Rate in S-Rank pool:	100%									
170551	9920	<color=#ff8d1e>100% rate in S-Rank pool</color>	Assets/Product/Texture/Image/UiDrawLog/UiDrawLog22.png	Assets/Product/Texture/Image/UiDrawLog/UiDrawLog23.png	Rate in S-Rank pool:	100%									
170552	9910	<color=#ff8d1e>100% rate in S-Rank pool</color>	Assets/Product/Texture/Image/UiDrawLog/UiDrawLog22.png	Assets/Product/Texture/Image/UiDrawLog/UiDrawLog23.png	Rate in S-Rank pool:	100%									
170553	9900	<color=#ff8d1e>100% rate in S-Rank pool</color>	Assets/Product/Texture/Image/UiDrawLog/UiDrawLog22.png	Assets/Product/Texture/Image/UiDrawLog/UiDrawLog23.png	Rate in S-Rank pool:	100%									
170554	9890	<color=#ff8d1e>100% rate in S-Rank pool</color>	Assets/Product/Texture/Image/UiDrawLog/UiDrawLog22.png	Assets/Product/Texture/Image/UiDrawLog/UiDrawLog23.png	Rate in S-Rank pool:	100%									
170555	9880	<color=#ff8d1e>100% rate in S-Rank pool</color>	Assets/Product/Texture/Image/UiDrawLog/UiDrawLog22.png	Assets/Product/Texture/Image/UiDrawLog/UiDrawLog23.png	Rate in S-Rank pool:	100%									
170556	9870	<color=#ff8d1e>100% rate in S-Rank pool</color>	Assets/Product/Texture/Image/UiDrawLog/UiDrawLog22.png	Assets/Product/Texture/Image/UiDrawLog/UiDrawLog23.png	Rate in S-Rank pool:	100%									
170557	9860	<color=#ff8d1e>100% rate in S-Rank pool</color>	Assets/Product/Texture/Image/UiDrawLog/UiDrawLog22.png	Assets/Product/Texture/Image/UiDrawLog/UiDrawLog23.png	Rate in S-Rank pool:	100%									
170558	9850	<color=#ff8d1e>100% rate in S-Rank pool</color>	Assets/Product/Texture/Image/UiDrawLog/UiDrawLog22.png	Assets/Product/Texture/Image/UiDrawLog/UiDrawLog23.png	Rate in S-Rank pool:	100%									
170559	9840	<color=#ff8d1e>100% rate in S-Rank pool</color>	Assets/Product/Texture/Image/UiDrawLog/UiDrawLog22.png	Assets/Product/Texture/Image/UiDrawLog/UiDrawLog23.png	Rate in S-Rank pool:	100%									
170560	9830	<color=#ff8d1e>100% rate in S-Rank pool</color>	Assets/Product/Texture/Image/UiDrawLog/UiDrawLog22.png	Assets/Product/Texture/Image/UiDrawLog/UiDrawLog23.png	Rate in S-Rank pool:	100%									
170561	9820	<color=#ff8d1e>100% rate in S-Rank pool</color>	Assets/Product/Texture/Image/UiDrawLog/UiDrawLog22.png	Assets/Product/Texture/Image/UiDrawLog/UiDrawLog23.png	Rate in S-Rank pool:	100%									
170562	9810	<color=#ff8d1e>100% rate in S-Rank pool</color>	Assets/Product/Texture/Image/UiDrawLog/UiDrawLog22.png	Assets/Product/Texture/Image/UiDrawLog/UiDrawLog23.png	Rate in S-Rank pool:	100%									
170563	9800	<color=#ff8d1e>100% rate in S-Rank pool</color>	Assets/Product/Texture/Image/UiDrawLog/UiDrawLog22.png	Assets/Product/Texture/Image/UiDrawLog/UiDrawLog23.png	Rate in S-Rank pool:	100%									
170564	9790	<color=#ff8d1e>100% rate in S-Rank pool</color>	Assets/Product/Texture/Image/UiDrawLog/UiDrawLog22.png	Assets/Product/Texture/Image/UiDrawLog/UiDrawLog23.png	Rate in S-Rank pool:	100%									
170565	9780	<color=#ff8d1e>100% rate in S-Rank pool</color>	Assets/Product/Texture/Image/UiDrawLog/UiDrawLog22.png	Assets/Product/Texture/Image/UiDrawLog/UiDrawLog23.png	Rate in S-Rank pool:	100%									
170566	10000	<color=#ff8d1e>100% rate in S-Rank pool</color>	Assets/Product/Texture/Image/UiDrawLog/UiDrawLog22.png	Assets/Product/Texture/Image/UiDrawLog/UiDrawLog23.png	Rate in S-Rank pool:	100%									
170567	9990	<color=#ff8d1e>100% rate in S-Rank pool</color>	Assets/Product/Texture/Image/UiDrawLog/UiDrawLog22.png	Assets/Product/Texture/Image/UiDrawLog/UiDrawLog23.png	Rate in S-Rank pool:	100%									
170568	9980	<color=#ff8d1e>100% rate in S-Rank pool</color>	Assets/Product/Texture/Image/UiDrawLog/UiDrawLog22.png	Assets/Product/Texture/Image/UiDrawLog/UiDrawLog23.png	Rate in S-Rank pool:	100%									
170569	9970	<color=#ff8d1e>100% rate in S-Rank pool</color>	Assets/Product/Texture/Image/UiDrawLog/UiDrawLog22.png	Assets/Product/Texture/Image/UiDrawLog/UiDrawLog23.png	Rate in S-Rank pool:	100%									
170570	9960	<color=#ff8d1e>100% rate in S-Rank pool</color>	Assets/Product/Texture/Image/UiDrawLog/UiDrawLog22.png	Assets/Product/Texture/Image/UiDrawLog/UiDrawLog23.png	Rate in S-Rank pool:	100%									
170571	9950	<color=#ff8d1e>100% rate in S-Rank pool</color>	Assets/Product/Texture/Image/UiDrawLog/UiDrawLog22.png	Assets/Product/Texture/Image/UiDrawLog/UiDrawLog23.png	Rate in S-Rank pool:	100%									
170572	9940	<color=#ff8d1e>100% rate in S-Rank pool</color>	Assets/Product/Texture/Image/UiDrawLog/UiDrawLog22.png	Assets/Product/Texture/Image/UiDrawLog/UiDrawLog23.png	Rate in S-Rank pool:	100%									
170573	9930	<color=#ff8d1e>100% rate in S-Rank pool</color>	Assets/Product/Texture/Image/UiDrawLog/UiDrawLog22.png	Assets/Product/Texture/Image/UiDrawLog/UiDrawLog23.png	Rate in S-Rank pool:	100%									
170574	9920	<color=#ff8d1e>100% rate in S-Rank pool</color>	Assets/Product/Texture/Image/UiDrawLog/UiDrawLog22.png	Assets/Product/Texture/Image/UiDrawLog/UiDrawLog23.png	Rate in S-Rank pool:	100%									
170575	9910	<color=#ff8d1e>100% rate in S-Rank pool</color>	Assets/Product/Texture/Image/UiDrawLog/UiDrawLog22.png	Assets/Product/Texture/Image/UiDrawLog/UiDrawLog23.png	Rate in S-Rank pool:	100%									
170576	9900	<color=#ff8d1e>100% rate in S-Rank pool</color>	Assets/Product/Texture/Image/UiDrawLog/UiDrawLog22.png	Assets/Product/Texture/Image/UiDrawLog/UiDrawLog23.png	Rate in S-Rank pool:	100%									
170577	9890	<color=#ff8d1e>100% rate in S-Rank pool</color>	Assets/Product/Texture/Image/UiDrawLog/UiDrawLog22.png	Assets/Product/Texture/Image/UiDrawLog/UiDrawLog23.png	Rate in S-Rank pool:	100%									
170578	9880	<color=#ff8d1e>100% rate in S-Rank pool</color>	Assets/Product/Texture/Image/UiDrawLog/UiDrawLog22.png	Assets/Product/Texture/Image/UiDrawLog/UiDrawLog23.png	Rate in S-Rank pool:	100%									
170579	9870	<color=#ff8d1e>100% rate in S-Rank pool</color>	Assets/Product/Texture/Image/UiDrawLog/UiDrawLog22.png	Assets/Product/Texture/Image/UiDrawLog/UiDrawLog23.png	Rate in S-Rank pool:	100%									
170580	9860	<color=#ff8d1e>100% rate in S-Rank pool</color>	Assets/Product/Texture/Image/UiDrawLog/UiDrawLog22.png	Assets/Product/Texture/Image/UiDrawLog/UiDrawLog23.png	Rate in S-Rank pool:	100%									
170581	9850	<color=#ff8d1e>100% rate in S-Rank pool</color>	Assets/Product/Texture/Image/UiDrawLog/UiDrawLog22.png	Assets/Product/Texture/Image/UiDrawLog/UiDrawLog23.png	Rate in S-Rank pool:	100%									
170582	9840	<color=#ff8d1e>100% rate in S-Rank pool</color>	Assets/Product/Texture/Image/UiDrawLog/UiDrawLog22.png	Assets/Product/Texture/Image/UiDrawLog/UiDrawLog23.png	Rate in S-Rank pool:	100%									
170583	9830	<color=#ff8d1e>100% rate in S-Rank pool</color>	Assets/Product/Texture/Image/UiDrawLog/UiDrawLog22.png	Assets/Product/Texture/Image/UiDrawLog/UiDrawLog23.png	Rate in S-Rank pool:	100%									
170584	9820	<color=#ff8d1e>100% rate in S-Rank pool</color>	Assets/Product/Texture/Image/UiDrawLog/UiDrawLog22.png	Assets/Product/Texture/Image/UiDrawLog/UiDrawLog23.png	Rate in S-Rank pool:	100%									
170585	9810	<color=#ff8d1e>100% rate in S-Rank pool</color>	Assets/Product/Texture/Image/UiDrawLog/UiDrawLog22.png	Assets/Product/Texture/Image/UiDrawLog/UiDrawLog23.png	Rate in S-Rank pool:	100%									
170586	9800	<color=#ff8d1e>100% rate in S-Rank pool</color>	Assets/Product/Texture/Image/UiDrawLog/UiDrawLog22.png	Assets/Product/Texture/Image/UiDrawLog/UiDrawLog23.png	Rate in S-Rank pool:	100%									
170587	9790	<color=#ff8d1e>100% rate in S-Rank pool</color>	Assets/Product/Texture/Image/UiDrawLog/UiDrawLog22.png	Assets/Product/Texture/Image/UiDrawLog/UiDrawLog23.png	Rate in S-Rank pool:	100%									
170588	9780	<color=#ff8d1e>100% rate in S-Rank pool</color>	Assets/Product/Texture/Image/UiDrawLog/UiDrawLog22.png	Assets/Product/Texture/Image/UiDrawLog/UiDrawLog23.png	Rate in S-Rank pool:	100%									
170589	10000	<color=#26bbf9>70% rate in S-Rank pool</color>	Assets/Product/Texture/Image/UiDrawLog/UiDrawLog22.png	Assets/Product/Texture/Image/UiDrawLog/UiDrawLog23.png	Rate in S-Rank pool:	70%									
170590	9990	<color=#26bbf9>70% rate in S-Rank pool</color>	Assets/Product/Texture/Image/UiDrawLog/UiDrawLog22.png	Assets/Product/Texture/Image/UiDrawLog/UiDrawLog23.png	Rate in S-Rank pool:	70%									
170591	9980	<color=#26bbf9>70% rate in S-Rank pool</color>	Assets/Product/Texture/Image/UiDrawLog/UiDrawLog22.png	Assets/Product/Texture/Image/UiDrawLog/UiDrawLog23.png	Rate in S-Rank pool:	70%									
170592	9970	<color=#26bbf9>70% rate in S-Rank pool</color>	Assets/Product/Texture/Image/UiDrawLog/UiDrawLog22.png	Assets/Product/Texture/Image/UiDrawLog/UiDrawLog23.png	Rate in S-Rank pool:	70%									
170593	9960	<color=#26bbf9>70% rate in S-Rank pool</color>	Assets/Product/Texture/Image/UiDrawLog/UiDrawLog22.png	Assets/Product/Texture/Image/UiDrawLog/UiDrawLog23.png	Rate in S-Rank pool:	70%									
170594	9950	<color=#26bbf9>70% rate in S-Rank pool</color>	Assets/Product/Texture/Image/UiDrawLog/UiDrawLog22.png	Assets/Product/Texture/Image/UiDrawLog/UiDrawLog23.png	Rate in S-Rank pool:	70%									
170595	9940	<color=#26bbf9>70% rate in S-Rank pool</color>	Assets/Product/Texture/Image/UiDrawLog/UiDrawLog22.png	Assets/Product/Texture/Image/UiDrawLog/UiDrawLog23.png	Rate in S-Rank pool:	70%									
170596	9930	<color=#26bbf9>70% rate in S-Rank pool</color>	Assets/Product/Texture/Image/UiDrawLog/UiDrawLog22.png	Assets/Product/Texture/Image/UiDrawLog/UiDrawLog23.png	Rate in S-Rank pool:	70%									
170597	9920	<color=#26bbf9>70% rate in S-Rank pool</color>	Assets/Product/Texture/Image/UiDrawLog/UiDrawLog22.png	Assets/Product/Texture/Image/UiDrawLog/UiDrawLog23.png	Rate in S-Rank pool:	70%									
170598	10000	<color=#26bbf9>70% rate in S-Rank pool</color>	Assets/Product/Texture/Image/UiDrawLog/UiDrawLog22.png	Assets/Product/Texture/Image/UiDrawLog/UiDrawLog23.png	Rate in S-Rank pool:	70%									
170599	9990	<color=#26bbf9>70% rate in S-Rank pool</color>	Assets/Product/Texture/Image/UiDrawLog/UiDrawLog22.png	Assets/Product/Texture/Image/UiDrawLog/UiDrawLog23.png	Rate in S-Rank pool:	70%									
170600	9980	<color=#26bbf9>70% rate in S-Rank pool</color>	Assets/Product/Texture/Image/UiDrawLog/UiDrawLog22.png	Assets/Product/Texture/Image/UiDrawLog/UiDrawLog23.png	Rate in S-Rank pool:	70%									
170601	9970	<color=#26bbf9>70% rate in S-Rank pool</color>	Assets/Product/Texture/Image/UiDrawLog/UiDrawLog22.png	Assets/Product/Texture/Image/UiDrawLog/UiDrawLog23.png	Rate in S-Rank pool:	70%									
170602	9960	<color=#26bbf9>70% rate in S-Rank pool</color>	Assets/Product/Texture/Image/UiDrawLog/UiDrawLog22.png	Assets/Product/Texture/Image/UiDrawLog/UiDrawLog23.png	Rate in S-Rank pool:	70%									
170603	9950	<color=#26bbf9>70% rate in S-Rank pool</color>	Assets/Product/Texture/Image/UiDrawLog/UiDrawLog22.png	Assets/Product/Texture/Image/UiDrawLog/UiDrawLog23.png	Rate in S-Rank pool:	70%									
170604	9940	<color=#26bbf9>70% rate in S-Rank pool</color>	Assets/Product/Texture/Image/UiDrawLog/UiDrawLog22.png	Assets/Product/Texture/Image/UiDrawLog/UiDrawLog23.png	Rate in S-Rank pool:	70%									
170605	9930	<color=#26bbf9>70% rate in S-Rank pool</color>	Assets/Product/Texture/Image/UiDrawLog/UiDrawLog22.png	Assets/Product/Texture/Image/UiDrawLog/UiDrawLog23.png	Rate in S-Rank pool:	70%									
170606	9920	<color=#26bbf9>70% rate in S-Rank pool</color>	Assets/Product/Texture/Image/UiDrawLog/UiDrawLog22.png	Assets/Product/Texture/Image/UiDrawLog/UiDrawLog23.png	Rate in S-Rank pool:	70%									
170607	10000	<color=#26bbf9>70% rate in S-Rank pool</color>	Assets/Product/Texture/Image/UiDrawLog/UiDrawLog22.png	Assets/Product/Texture/Image/UiDrawLog/UiDrawLog23.png	Rate in S-Rank pool:	70%									
170608	9990	<color=#26bbf9>70% rate in S-Rank pool</color>	Assets/Product/Texture/Image/UiDrawLog/UiDrawLog22.png	Assets/Product/Texture/Image/UiDrawLog/UiDrawLog23.png	Rate in S-Rank pool:	70%									
170609	9980	<color=#26bbf9>70% rate in S-Rank pool</color>	Assets/Product/Texture/Image/UiDrawLog/UiDrawLog22.png	Assets/Product/Texture/Image/UiDrawLog/UiDrawLog23.png	Rate in S-Rank pool:	70%									
170610	9970	<color=#26bbf9>70% rate in S-Rank pool</color>	Assets/Product/Texture/Image/UiDrawLog/UiDrawLog22.png	Assets/Product/Texture/Image/UiDrawLog/UiDrawLog23.png	Rate in S-Rank pool:	70%									
170611	9960	<color=#26bbf9>70% rate in S-Rank pool</color>	Assets/Product/Texture/Image/UiDrawLog/UiDrawLog22.png	Assets/Product/Texture/Image/UiDrawLog/UiDrawLog23.png	Rate in S-Rank pool:	70%									
170612	9950	<color=#26bbf9>70% rate in S-Rank pool</color>	Assets/Product/Texture/Image/UiDrawLog/UiDrawLog22.png	Assets/Product/Texture/Image/UiDrawLog/UiDrawLog23.png	Rate in S-Rank pool:	70%									
170613	9940	<color=#26bbf9>70% rate in S-Rank pool</color>	Assets/Product/Texture/Image/UiDrawLog/UiDrawLog22.png	Assets/Product/Texture/Image/UiDrawLog/UiDrawLog23.png	Rate in S-Rank pool:	70%									
170614	9930	<color=#26bbf9>70% rate in S-Rank pool</color>	Assets/Product/Texture/Image/UiDrawLog/UiDrawLog22.png	Assets/Product/Texture/Image/UiDrawLog/UiDrawLog23.png	Rate in S-Rank pool:	70%									
170615	9920	<color=#26bbf9>70% rate in S-Rank pool</color>	Assets/Product/Texture/Image/UiDrawLog/UiDrawLog22.png	Assets/Product/Texture/Image/UiDrawLog/UiDrawLog23.png	Rate in S-Rank pool:	70%									
170616	10000	<color=#26bbf9>70% rate in S-Rank pool</color>	Assets/Product/Texture/Image/UiDrawLog/UiDrawLog22.png	Assets/Product/Texture/Image/UiDrawLog/UiDrawLog23.png	Rate in S-Rank pool:	70%									
170617	9990	<color=#26bbf9>70% rate in S-Rank pool</color>	Assets/Product/Texture/Image/UiDrawLog/UiDrawLog22.png	Assets/Product/Texture/Image/UiDrawLog/UiDrawLog23.png	Rate in S-Rank pool:	70%									
170618	9980	<color=#26bbf9>70% rate in S-Rank pool</color>	Assets/Product/Texture/Image/UiDrawLog/UiDrawLog22.png	Assets/Product/Texture/Image/UiDrawLog/UiDrawLog23.png	Rate in S-Rank pool:	70%									
170619	9970	<color=#26bbf9>70% rate in S-Rank pool</color>	Assets/Product/Texture/Image/UiDrawLog/UiDrawLog22.png	Assets/Product/Texture/Image/UiDrawLog/UiDrawLog23.png	Rate in S-Rank pool:	70%									
170620	9960	<color=#26bbf9>70% rate in S-Rank pool</color>	Assets/Product/Texture/Image/UiDrawLog/UiDrawLog22.png	Assets/Product/Texture/Image/UiDrawLog/UiDrawLog23.png	Rate in S-Rank pool:	70%									
170621	9950	<color=#26bbf9>70% rate in S-Rank pool</color>	Assets/Product/Texture/Image/UiDrawLog/UiDrawLog22.png	Assets/Product/Texture/Image/UiDrawLog/UiDrawLog23.png	Rate in S-Rank pool:	70%									
170622	9940	<color=#26bbf9>70% rate in S-Rank pool</color>	Assets/Product/Texture/Image/UiDrawLog/UiDrawLog22.png	Assets/Product/Texture/Image/UiDrawLog/UiDrawLog23.png	Rate in S-Rank pool:	70%									
170623	9930	<color=#26bbf9>70% rate in S-Rank pool</color>	Assets/Product/Texture/Image/UiDrawLog/UiDrawLog22.png	Assets/Product/Texture/Image/UiDrawLog/UiDrawLog23.png	Rate in S-Rank pool:	70%									
170624	9920	<color=#26bbf9>70% rate in S-Rank pool</color>	Assets/Product/Texture/Image/UiDrawLog/UiDrawLog22.png	Assets/Product/Texture/Image/UiDrawLog/UiDrawLog23.png	Rate in S-Rank pool:	70%									
170625	10000	<color=#ff8d1e>100% rate in S-Rank pool</color>	Assets/Product/Texture/Image/UiDrawLog/UiDrawLog22.png	Assets/Product/Texture/Image/UiDrawLog/UiDrawLog23.png	Rate in S-Rank pool:	100%									
170626	9990	<color=#ff8d1e>100% rate in S-Rank pool</color>	Assets/Product/Texture/Image/UiDrawLog/UiDrawLog22.png	Assets/Product/Texture/Image/UiDrawLog/UiDrawLog23.png	Rate in S-Rank pool:	100%									
170627	9980	<color=#ff8d1e>100% rate in S-Rank pool</color>	Assets/Product/Texture/Image/UiDrawLog/UiDrawLog22.png	Assets/Product/Texture/Image/UiDrawLog/UiDrawLog23.png	Rate in S-Rank pool:	100%									
170628	9970	<color=#ff8d1e>100% rate in S-Rank pool</color>	Assets/Product/Texture/Image/UiDrawLog/UiDrawLog22.png	Assets/Product/Texture/Image/UiDrawLog/UiDrawLog23.png	Rate in S-Rank pool:	100%									
170629	9960	<color=#ff8d1e>100% rate in S-Rank pool</color>	Assets/Product/Texture/Image/UiDrawLog/UiDrawLog22.png	Assets/Product/Texture/Image/UiDrawLog/UiDrawLog23.png	Rate in S-Rank pool:	100%									
170630	9950	<color=#ff8d1e>100% rate in S-Rank pool</color>	Assets/Product/Texture/Image/UiDrawLog/UiDrawLog22.png	Assets/Product/Texture/Image/UiDrawLog/UiDrawLog23.png	Rate in S-Rank pool:	100%									
170631	9940	<color=#ff8d1e>100% rate in S-Rank pool</color>	Assets/Product/Texture/Image/UiDrawLog/UiDrawLog22.png	Assets/Product/Texture/Image/UiDrawLog/UiDrawLog23.png	Rate in S-Rank pool:	100%									
170632	9930	<color=#ff8d1e>100% rate in S-Rank pool</color>	Assets/Product/Texture/Image/UiDrawLog/UiDrawLog22.png	Assets/Product/Texture/Image/UiDrawLog/UiDrawLog23.png	Rate in S-Rank pool:	100%									
170633	9920	<color=#ff8d1e>100% rate in S-Rank pool</color>	Assets/Product/Texture/Image/UiDrawLog/UiDrawLog22.png	Assets/Product/Texture/Image/UiDrawLog/UiDrawLog23.png	Rate in S-Rank pool:	100%									
170634	9910	<color=#ff8d1e>100% rate in S-Rank pool</color>	Assets/Product/Texture/Image/UiDrawLog/UiDrawLog22.png	Assets/Product/Texture/Image/UiDrawLog/UiDrawLog23.png	Rate in S-Rank pool:	100%									
170635	10000	<color=#ff8d1e>100% rate in S-Rank pool</color>	Assets/Product/Texture/Image/UiDrawLog/UiDrawLog22.png	Assets/Product/Texture/Image/UiDrawLog/UiDrawLog23.png	Rate in S-Rank pool:	100%									
170636	9990	<color=#ff8d1e>100% rate in S-Rank pool</color>	Assets/Product/Texture/Image/UiDrawLog/UiDrawLog22.png	Assets/Product/Texture/Image/UiDrawLog/UiDrawLog23.png	Rate in S-Rank pool:	100%									
170637	9980	<color=#ff8d1e>100% rate in S-Rank pool</color>	Assets/Product/Texture/Image/UiDrawLog/UiDrawLog22.png	Assets/Product/Texture/Image/UiDrawLog/UiDrawLog23.png	Rate in S-Rank pool:	100%									
170638	9970	<color=#ff8d1e>100% rate in S-Rank pool</color>	Assets/Product/Texture/Image/UiDrawLog/UiDrawLog22.png	Assets/Product/Texture/Image/UiDrawLog/UiDrawLog23.png	Rate in S-Rank pool:	100%									
170639	9960	<color=#ff8d1e>100% rate in S-Rank pool</color>	Assets/Product/Texture/Image/UiDrawLog/UiDrawLog22.png	Assets/Product/Texture/Image/UiDrawLog/UiDrawLog23.png	Rate in S-Rank pool:	100%									
170640	9950	<color=#ff8d1e>100% rate in S-Rank pool</color>	Assets/Product/Texture/Image/UiDrawLog/UiDrawLog22.png	Assets/Product/Texture/Image/UiDrawLog/UiDrawLog23.png	Rate in S-Rank pool:	100%									
170641	9940	<color=#ff8d1e>100% rate in S-Rank pool</color>	Assets/Product/Texture/Image/UiDrawLog/UiDrawLog22.png	Assets/Product/Texture/Image/UiDrawLog/UiDrawLog23.png	Rate in S-Rank pool:	100%									
170642	9930	<color=#ff8d1e>100% rate in S-Rank pool</color>	Assets/Product/Texture/Image/UiDrawLog/UiDrawLog22.png	Assets/Product/Texture/Image/UiDrawLog/UiDrawLog23.png	Rate in S-Rank pool:	100%									
170643	9920	<color=#ff8d1e>100% rate in S-Rank pool</color>	Assets/Product/Texture/Image/UiDrawLog/UiDrawLog22.png	Assets/Product/Texture/Image/UiDrawLog/UiDrawLog23.png	Rate in S-Rank pool:	100%									
170644	9910	<color=#ff8d1e>100% rate in S-Rank pool</color>	Assets/Product/Texture/Image/UiDrawLog/UiDrawLog22.png	Assets/Product/Texture/Image/UiDrawLog/UiDrawLog23.png	Rate in S-Rank pool:	100%									
170645	10000	<color=#ff8d1e>100% rate in S-Rank pool</color>	Assets/Product/Texture/Image/UiDrawLog/UiDrawLog22.png	Assets/Product/Texture/Image/UiDrawLog/UiDrawLog23.png	Rate in S-Rank pool:	100%									
170646	9990	<color=#ff8d1e>100% rate in S-Rank pool</color>	Assets/Product/Texture/Image/UiDrawLog/UiDrawLog22.png	Assets/Product/Texture/Image/UiDrawLog/UiDrawLog23.png	Rate in S-Rank pool:	100%									
170647	9980	<color=#ff8d1e>100% rate in S-Rank pool</color>	Assets/Product/Texture/Image/UiDrawLog/UiDrawLog22.png	Assets/Product/Texture/Image/UiDrawLog/UiDrawLog23.png	Rate in S-Rank pool:	100%									
170648	9970	<color=#ff8d1e>100% rate in S-Rank pool</color>	Assets/Product/Texture/Image/UiDrawLog/UiDrawLog22.png	Assets/Product/Texture/Image/UiDrawLog/UiDrawLog23.png	Rate in S-Rank pool:	100%									
170649	9960	<color=#ff8d1e>100% rate in S-Rank pool</color>	Assets/Product/Texture/Image/UiDrawLog/UiDrawLog22.png	Assets/Product/Texture/Image/UiDrawLog/UiDrawLog23.png	Rate in S-Rank pool:	100%									
170650	9950	<color=#ff8d1e>100% rate in S-Rank pool</color>	Assets/Product/Texture/Image/UiDrawLog/UiDrawLog22.png	Assets/Product/Texture/Image/UiDrawLog/UiDrawLog23.png	Rate in S-Rank pool:	100%									
170651	9940	<color=#ff8d1e>100% rate in S-Rank pool</color>	Assets/Product/Texture/Image/UiDrawLog/UiDrawLog22.png	Assets/Product/Texture/Image/UiDrawLog/UiDrawLog23.png	Rate in S-Rank pool:	100%									
170652	9930	<color=#ff8d1e>100% rate in S-Rank pool</color>	Assets/Product/Texture/Image/UiDrawLog/UiDrawLog22.png	Assets/Product/Texture/Image/UiDrawLog/UiDrawLog23.png	Rate in S-Rank pool:	100%									
170653	9920	<color=#ff8d1e>100% rate in S-Rank pool</color>	Assets/Product/Texture/Image/UiDrawLog/UiDrawLog22.png	Assets/Product/Texture/Image/UiDrawLog/UiDrawLog23.png	Rate in S-Rank pool:	100%									
170654	9910	<color=#ff8d1e>100% rate in S-Rank pool</color>	Assets/Product/Texture/Image/UiDrawLog/UiDrawLog22.png	Assets/Product/Texture/Image/UiDrawLog/UiDrawLog23.png	Rate in S-Rank pool:	100%									
170655	9900	<color=#ff8d1e>100% rate in S-Rank pool</color>	Assets/Product/Texture/Image/UiDrawLog/UiDrawLog22.png	Assets/Product/Texture/Image/UiDrawLog/UiDrawLog23.png	Rate in S-Rank pool:	100%									
170656	9890	<color=#ff8d1e>100% rate in S-Rank pool</color>	Assets/Product/Texture/Image/UiDrawLog/UiDrawLog22.png	Assets/Product/Texture/Image/UiDrawLog/UiDrawLog23.png	Rate in S-Rank pool:	100%									
170657	9880	<color=#ff8d1e>100% rate in S-Rank pool</color>	Assets/Product/Texture/Image/UiDrawLog/UiDrawLog22.png	Assets/Product/Texture/Image/UiDrawLog/UiDrawLog23.png	Rate in S-Rank pool:	100%									
170658	9870	<color=#ff8d1e>100% rate in S-Rank pool</color>	Assets/Product/Texture/Image/UiDrawLog/UiDrawLog22.png	Assets/Product/Texture/Image/UiDrawLog/UiDrawLog23.png	Rate in S-Rank pool:	100%									
170659	9860	<color=#ff8d1e>100% rate in S-Rank pool</color>	Assets/Product/Texture/Image/UiDrawLog/UiDrawLog22.png	Assets/Product/Texture/Image/UiDrawLog/UiDrawLog23.png	Rate in S-Rank pool:	100%									
170660	9850	<color=#ff8d1e>100% rate in S-Rank pool</color>	Assets/Product/Texture/Image/UiDrawLog/UiDrawLog22.png	Assets/Product/Texture/Image/UiDrawLog/UiDrawLog23.png	Rate in S-Rank pool:	100%									
170661	10000	<color=#ff8d1e>100% rate in S-Rank pool</color>	Assets/Product/Texture/Image/UiDrawLog/UiDrawLog22.png	Assets/Product/Texture/Image/UiDrawLog/UiDrawLog23.png	Rate in S-Rank pool:	100%									
170662	9990	<color=#ff8d1e>100% rate in S-Rank pool</color>	Assets/Product/Texture/Image/UiDrawLog/UiDrawLog22.png	Assets/Product/Texture/Image/UiDrawLog/UiDrawLog23.png	Rate in S-Rank pool:	100%									
170663	9980	<color=#ff8d1e>100% rate in S-Rank pool</color>	Assets/Product/Texture/Image/UiDrawLog/UiDrawLog22.png	Assets/Product/Texture/Image/UiDrawLog/UiDrawLog23.png	Rate in S-Rank pool:	100%									
170664	9970	<color=#ff8d1e>100% rate in S-Rank pool</color>	Assets/Product/Texture/Image/UiDrawLog/UiDrawLog22.png	Assets/Product/Texture/Image/UiDrawLog/UiDrawLog23.png	Rate in S-Rank pool:	100%									
170665	9960	<color=#ff8d1e>100% rate in S-Rank pool</color>	Assets/Product/Texture/Image/UiDrawLog/UiDrawLog22.png	Assets/Product/Texture/Image/UiDrawLog/UiDrawLog23.png	Rate in S-Rank pool:	100%									
170666	9950	<color=#ff8d1e>100% rate in S-Rank pool</color>	Assets/Product/Texture/Image/UiDrawLog/UiDrawLog22.png	Assets/Product/Texture/Image/UiDrawLog/UiDrawLog23.png	Rate in S-Rank pool:	100%									
170667	9940	<color=#ff8d1e>100% rate in S-Rank pool</color>	Assets/Product/Texture/Image/UiDrawLog/UiDrawLog22.png	Assets/Product/Texture/Image/UiDrawLog/UiDrawLog23.png	Rate in S-Rank pool:	100%									
170668	9930	<color=#ff8d1e>100% rate in S-Rank pool</color>	Assets/Product/Texture/Image/UiDrawLog/UiDrawLog22.png	Assets/Product/Texture/Image/UiDrawLog/UiDrawLog23.png	Rate in S-Rank pool:	100%									
170669	9920	<color=#ff8d1e>100% rate in S-Rank pool</color>	Assets/Product/Texture/Image/UiDrawLog/UiDrawLog22.png	Assets/Product/Texture/Image/UiDrawLog/UiDrawLog23.png	Rate in S-Rank pool:	100%									
170670	9910	<color=#ff8d1e>100% rate in S-Rank pool</color>	Assets/Product/Texture/Image/UiDrawLog/UiDrawLog22.png	Assets/Product/Texture/Image/UiDrawLog/UiDrawLog23.png	Rate in S-Rank pool:	100%									
170671	9900	<color=#ff8d1e>100% rate in S-Rank pool</color>	Assets/Product/Texture/Image/UiDrawLog/UiDrawLog22.png	Assets/Product/Texture/Image/UiDrawLog/UiDrawLog23.png	Rate in S-Rank pool:	100%									
170672	9890	<color=#ff8d1e>100% rate in S-Rank pool</color>	Assets/Product/Texture/Image/UiDrawLog/UiDrawLog22.png	Assets/Product/Texture/Image/UiDrawLog/UiDrawLog23.png	Rate in S-Rank pool:	100%									
170673	9880	<color=#ff8d1e>100% rate in S-Rank pool</color>	Assets/Product/Texture/Image/UiDrawLog/UiDrawLog22.png	Assets/Product/Texture/Image/UiDrawLog/UiDrawLog23.png	Rate in S-Rank pool:	100%									
170674	9870	<color=#ff8d1e>100% rate in S-Rank pool</color>	Assets/Product/Texture/Image/UiDrawLog/UiDrawLog22.png	Assets/Product/Texture/Image/UiDrawLog/UiDrawLog23.png	Rate in S-Rank pool:	100%									
170675	9860	<color=#ff8d1e>100% rate in S-Rank pool</color>	Assets/Product/Texture/Image/UiDrawLog/UiDrawLog22.png	Assets/Product/Texture/Image/UiDrawLog/UiDrawLog23.png	Rate in S-Rank pool:	100%									
170676	9850	<color=#ff8d1e>100% rate in S-Rank pool</color>	Assets/Product/Texture/Image/UiDrawLog/UiDrawLog22.png	Assets/Product/Texture/Image/UiDrawLog/UiDrawLog23.png	Rate in S-Rank pool:	100%									
170680	10000	<color=#26bbf9>70% rate in S-Rank pool</color>	Assets/Product/Texture/Image/UiDrawLog/UiDrawLog22.png	Assets/Product/Texture/Image/UiDrawLog/UiDrawLog23.png	Rate in S-Rank pool:	70%									
170681	9990	<color=#26bbf9>70% rate in S-Rank pool</color>	Assets/Product/Texture/Image/UiDrawLog/UiDrawLog22.png	Assets/Product/Texture/Image/UiDrawLog/UiDrawLog23.png	Rate in S-Rank pool:	70%									
170682	9980	<color=#26bbf9>70% rate in S-Rank pool</color>	Assets/Product/Texture/Image/UiDrawLog/UiDrawLog22.png	Assets/Product/Texture/Image/UiDrawLog/UiDrawLog23.png	Rate in S-Rank pool:	70%									
170683	9970	<color=#26bbf9>70% rate in S-Rank pool</color>	Assets/Product/Texture/Image/UiDrawLog/UiDrawLog22.png	Assets/Product/Texture/Image/UiDrawLog/UiDrawLog23.png	Rate in S-Rank pool:	70%									
170684	9960	<color=#26bbf9>70% rate in S-Rank pool</color>	Assets/Product/Texture/Image/UiDrawLog/UiDrawLog22.png	Assets/Product/Texture/Image/UiDrawLog/UiDrawLog23.png	Rate in S-Rank pool:	70%									
170685	9950	<color=#26bbf9>70% rate in S-Rank pool</color>	Assets/Product/Texture/Image/UiDrawLog/UiDrawLog22.png	Assets/Product/Texture/Image/UiDrawLog/UiDrawLog23.png	Rate in S-Rank pool:	70%									
170686	9940	<color=#26bbf9>70% rate in S-Rank pool</color>	Assets/Product/Texture/Image/UiDrawLog/UiDrawLog22.png	Assets/Product/Texture/Image/UiDrawLog/UiDrawLog23.png	Rate in S-Rank pool:	70%									
170687	9930	<color=#26bbf9>70% rate in S-Rank pool</color>	Assets/Product/Texture/Image/UiDrawLog/UiDrawLog22.png	Assets/Product/Texture/Image/UiDrawLog/UiDrawLog23.png	Rate in S-Rank pool:	70%									
170688	9920	<color=#26bbf9>70% rate in S-Rank pool</color>	Assets/Product/Texture/Image/UiDrawLog/UiDrawLog22.png	Assets/Product/Texture/Image/UiDrawLog/UiDrawLog23.png	Rate in S-Rank pool:	70%									
170689	10000	<color=#26bbf9>70% rate in S-Rank pool</color>	Assets/Product/Texture/Image/UiDrawLog/UiDrawLog22.png	Assets/Product/Texture/Image/UiDrawLog/UiDrawLog23.png	Rate in S-Rank pool:	70%									
170690	9990	<color=#26bbf9>70% rate in S-Rank pool</color>	Assets/Product/Texture/Image/UiDrawLog/UiDrawLog22.png	Assets/Product/Texture/Image/UiDrawLog/UiDrawLog23.png	Rate in S-Rank pool:	70%									
170691	9980	<color=#26bbf9>70% rate in S-Rank pool</color>	Assets/Product/Texture/Image/UiDrawLog/UiDrawLog22.png	Assets/Product/Texture/Image/UiDrawLog/UiDrawLog23.png	Rate in S-Rank pool:	70%									
170692	9970	<color=#26bbf9>70% rate in S-Rank pool</color>	Assets/Product/Texture/Image/UiDrawLog/UiDrawLog22.png	Assets/Product/Texture/Image/UiDrawLog/UiDrawLog23.png	Rate in S-Rank pool:	70%									
170693	9960	<color=#26bbf9>70% rate in S-Rank pool</color>	Assets/Product/Texture/Image/UiDrawLog/UiDrawLog22.png	Assets/Product/Texture/Image/UiDrawLog/UiDrawLog23.png	Rate in S-Rank pool:	70%									
170694	9950	<color=#26bbf9>70% rate in S-Rank pool</color>	Assets/Product/Texture/Image/UiDrawLog/UiDrawLog22.png	Assets/Product/Texture/Image/UiDrawLog/UiDrawLog23.png	Rate in S-Rank pool:	70%									
170695	9940	<color=#26bbf9>70% rate in S-Rank pool</color>	Assets/Product/Texture/Image/UiDrawLog/UiDrawLog22.png	Assets/Product/Texture/Image/UiDrawLog/UiDrawLog23.png	Rate in S-Rank pool:	70%									
170696	9930	<color=#26bbf9>70% rate in S-Rank pool</color>	Assets/Product/Texture/Image/UiDrawLog/UiDrawLog22.png	Assets/Product/Texture/Image/UiDrawLog/UiDrawLog23.png	Rate in S-Rank pool:	70%									
170697	9920	<color=#26bbf9>70% rate in S-Rank pool</color>	Assets/Product/Texture/Image/UiDrawLog/UiDrawLog22.png	Assets/Product/Texture/Image/UiDrawLog/UiDrawLog23.png	Rate in S-Rank pool:	70%									
170698	10000	<color=#26bbf9>70% rate in S-Rank pool</color>	Assets/Product/Texture/Image/UiDrawLog/UiDrawLog22.png	Assets/Product/Texture/Image/UiDrawLog/UiDrawLog23.png	Rate in S-Rank pool:	70%									
170699	9990	<color=#26bbf9>70% rate in S-Rank pool</color>	Assets/Product/Texture/Image/UiDrawLog/UiDrawLog22.png	Assets/Product/Texture/Image/UiDrawLog/UiDrawLog23.png	Rate in S-Rank pool:	70%									
170700	9980	<color=#26bbf9>70% rate in S-Rank pool</color>	Assets/Product/Texture/Image/UiDrawLog/UiDrawLog22.png	Assets/Product/Texture/Image/UiDrawLog/UiDrawLog23.png	Rate in S-Rank pool:	70%									
170701	9970	<color=#26bbf9>70% rate in S-Rank pool</color>	Assets/Product/Texture/Image/UiDrawLog/UiDrawLog22.png	Assets/Product/Texture/Image/UiDrawLog/UiDrawLog23.png	Rate in S-Rank pool:	70%									
170702	9960	<color=#26bbf9>70% rate in S-Rank pool</color>	Assets/Product/Texture/Image/UiDrawLog/UiDrawLog22.png	Assets/Product/Texture/Image/UiDrawLog/UiDrawLog23.png	Rate in S-Rank pool:	70%									
170703	9950	<color=#26bbf9>70% rate in S-Rank pool</color>	Assets/Product/Texture/Image/UiDrawLog/UiDrawLog22.png	Assets/Product/Texture/Image/UiDrawLog/UiDrawLog23.png	Rate in S-Rank pool:	70%									
170704	9940	<color=#26bbf9>70% rate in S-Rank pool</color>	Assets/Product/Texture/Image/UiDrawLog/UiDrawLog22.png	Assets/Product/Texture/Image/UiDrawLog/UiDrawLog23.png	Rate in S-Rank pool:	70%									
170705	9930	<color=#26bbf9>70% rate in S-Rank pool</color>	Assets/Product/Texture/Image/UiDrawLog/UiDrawLog22.png	Assets/Product/Texture/Image/UiDrawLog/UiDrawLog23.png	Rate in S-Rank pool:	70%									
170706	9920	<color=#26bbf9>70% rate in S-Rank pool</color>	Assets/Product/Texture/Image/UiDrawLog/UiDrawLog22.png	Assets/Product/Texture/Image/UiDrawLog/UiDrawLog23.png	Rate in S-Rank pool:	70%									
170707	10000	<color=#26bbf9>70% rate in S-Rank pool</color>	Assets/Product/Texture/Image/UiDrawLog/UiDrawLog22.png	Assets/Product/Texture/Image/UiDrawLog/UiDrawLog23.png	Rate in S-Rank pool:	70%									
170708	9990	<color=#26bbf9>70% rate in S-Rank pool</color>	Assets/Product/Texture/Image/UiDrawLog/UiDrawLog22.png	Assets/Product/Texture/Image/UiDrawLog/UiDrawLog23.png	Rate in S-Rank pool:	70%									
170709	9980	<color=#26bbf9>70% rate in S-Rank pool</color>	Assets/Product/Texture/Image/UiDrawLog/UiDrawLog22.png	Assets/Product/Texture/Image/UiDrawLog/UiDrawLog23.png	Rate in S-Rank pool:	70%									
170710	9970	<color=#26bbf9>70% rate in S-Rank pool</color>	Assets/Product/Texture/Image/UiDrawLog/UiDrawLog22.png	Assets/Product/Texture/Image/UiDrawLog/UiDrawLog23.png	Rate in S-Rank pool:	70%									
170711	9960	<color=#26bbf9>70% rate in S-Rank pool</color>	Assets/Product/Texture/Image/UiDrawLog/UiDrawLog22.png	Assets/Product/Texture/Image/UiDrawLog/UiDrawLog23.png	Rate in S-Rank pool:	70%									
170712	9950	<color=#26bbf9>70% rate in S-Rank pool</color>	Assets/Product/Texture/Image/UiDrawLog/UiDrawLog22.png	Assets/Product/Texture/Image/UiDrawLog/UiDrawLog23.png	Rate in S-Rank pool:	70%									
170713	9940	<color=#26bbf9>70% rate in S-Rank pool</color>	Assets/Product/Texture/Image/UiDrawLog/UiDrawLog22.png	Assets/Product/Texture/Image/UiDrawLog/UiDrawLog23.png	Rate in S-Rank pool:	70%									
170714	9930	<color=#26bbf9>70% rate in S-Rank pool</color>	Assets/Product/Texture/Image/UiDrawLog/UiDrawLog22.png	Assets/Product/Texture/Image/UiDrawLog/UiDrawLog23.png	Rate in S-Rank pool:	70%									
170715	9920	<color=#26bbf9>70% rate in S-Rank pool</color>	Assets/Product/Texture/Image/UiDrawLog/UiDrawLog22.png	Assets/Product/Texture/Image/UiDrawLog/UiDrawLog23.png	Rate in S-Rank pool:	70%									
170716	10000	<color=#26bbf9>70% rate in S-Rank pool</color>	Assets/Product/Texture/Image/UiDrawLog/UiDrawLog22.png	Assets/Product/Texture/Image/UiDrawLog/UiDrawLog23.png	Rate in S-Rank pool:	70%									
170717	9990	<color=#26bbf9>70% rate in S-Rank pool</color>	Assets/Product/Texture/Image/UiDrawLog/UiDrawLog22.png	Assets/Product/Texture/Image/UiDrawLog/UiDrawLog23.png	Rate in S-Rank pool:	70%									
170718	9980	<color=#26bbf9>70% rate in S-Rank pool</color>	Assets/Product/Texture/Image/UiDrawLog/UiDrawLog22.png	Assets/Product/Texture/Image/UiDrawLog/UiDrawLog23.png	Rate in S-Rank pool:	70%									
170719	9970	<color=#26bbf9>70% rate in S-Rank pool</color>	Assets/Product/Texture/Image/UiDrawLog/UiDrawLog22.png	Assets/Product/Texture/Image/UiDrawLog/UiDrawLog23.png	Rate in S-Rank pool:	70%									
170720	9960	<color=#26bbf9>70% rate in S-Rank pool</color>	Assets/Product/Texture/Image/UiDrawLog/UiDrawLog22.png	Assets/Product/Texture/Image/UiDrawLog/UiDrawLog23.png	Rate in S-Rank pool:	70%									
170721	9950	<color=#26bbf9>70% rate in S-Rank pool</color>	Assets/Product/Texture/Image/UiDrawLog/UiDrawLog22.png	Assets/Product/Texture/Image/UiDrawLog/UiDrawLog23.png	Rate in S-Rank pool:	70%									
170722	9940	<color=#26bbf9>70% rate in S-Rank pool</color>	Assets/Product/Texture/Image/UiDrawLog/UiDrawLog22.png	Assets/Product/Texture/Image/UiDrawLog/UiDrawLog23.png	Rate in S-Rank pool:	70%									
170723	9930	<color=#26bbf9>70% rate in S-Rank pool</color>	Assets/Product/Texture/Image/UiDrawLog/UiDrawLog22.png	Assets/Product/Texture/Image/UiDrawLog/UiDrawLog23.png	Rate in S-Rank pool:	70%									
170724	9920	<color=#26bbf9>70% rate in S-Rank pool</color>	Assets/Product/Texture/Image/UiDrawLog/UiDrawLog22.png	Assets/Product/Texture/Image/UiDrawLog/UiDrawLog23.png	Rate in S-Rank pool:	70%									
170725	10000	<color=#26bbf9>70% rate in S-Rank pool</color>	Assets/Product/Texture/Image/UiDrawLog/UiDrawLog22.png	Assets/Product/Texture/Image/UiDrawLog/UiDrawLog23.png	Rate in S-Rank pool:	70%									
170726	9990	<color=#26bbf9>70% rate in S-Rank pool</color>	Assets/Product/Texture/Image/UiDrawLog/UiDrawLog22.png	Assets/Product/Texture/Image/UiDrawLog/UiDrawLog23.png	Rate in S-Rank pool:	70%									
170727	9980	<color=#26bbf9>70% rate in S-Rank pool</color>	Assets/Product/Texture/Image/UiDrawLog/UiDrawLog22.png	Assets/Product/Texture/Image/UiDrawLog/UiDrawLog23.png	Rate in S-Rank pool:	70%									
170728	9970	<color=#26bbf9>70% rate in S-Rank pool</color>	Assets/Product/Texture/Image/UiDrawLog/UiDrawLog22.png	Assets/Product/Texture/Image/UiDrawLog/UiDrawLog23.png	Rate in S-Rank pool:	70%									
170729	9960	<color=#26bbf9>70% rate in S-Rank pool</color>	Assets/Product/Texture/Image/UiDrawLog/UiDrawLog22.png	Assets/Product/Texture/Image/UiDrawLog/UiDrawLog23.png	Rate in S-Rank pool:	70%									
170730	9950	<color=#26bbf9>70% rate in S-Rank pool</color>	Assets/Product/Texture/Image/UiDrawLog/UiDrawLog22.png	Assets/Product/Texture/Image/UiDrawLog/UiDrawLog23.png	Rate in S-Rank pool:	70%									
170731	9940	<color=#26bbf9>70% rate in S-Rank pool</color>	Assets/Product/Texture/Image/UiDrawLog/UiDrawLog22.png	Assets/Product/Texture/Image/UiDrawLog/UiDrawLog23.png	Rate in S-Rank pool:	70%									
170732	9930	<color=#26bbf9>70% rate in S-Rank pool</color>	Assets/Product/Texture/Image/UiDrawLog/UiDrawLog22.png	Assets/Product/Texture/Image/UiDrawLog/UiDrawLog23.png	Rate in S-Rank pool:	70%									
170733	9920	<color=#26bbf9>70% rate in S-Rank pool</color>	Assets/Product/Texture/Image/UiDrawLog/UiDrawLog22.png	Assets/Product/Texture/Image/UiDrawLog/UiDrawLog23.png	Rate in S-Rank pool:	70%									
170734	10000	<color=#26bbf9>70% rate in S-Rank pool</color>	Assets/Product/Texture/Image/UiDrawLog/UiDrawLog22.png	Assets/Product/Texture/Image/UiDrawLog/UiDrawLog23.png	Rate in S-Rank pool:	70%									
170735	9990	<color=#26bbf9>70% rate in S-Rank pool</color>	Assets/Product/Texture/Image/UiDrawLog/UiDrawLog22.png	Assets/Product/Texture/Image/UiDrawLog/UiDrawLog23.png	Rate in S-Rank pool:	70%									
170736	9980	<color=#26bbf9>70% rate in S-Rank pool</color>	Assets/Product/Texture/Image/UiDrawLog/UiDrawLog22.png	Assets/Product/Texture/Image/UiDrawLog/UiDrawLog23.png	Rate in S-Rank pool:	70%									
170737	9970	<color=#26bbf9>70% rate in S-Rank pool</color>	Assets/Product/Texture/Image/UiDrawLog/UiDrawLog22.png	Assets/Product/Texture/Image/UiDrawLog/UiDrawLog23.png	Rate in S-Rank pool:	70%									
170738	9960	<color=#26bbf9>70% rate in S-Rank pool</color>	Assets/Product/Texture/Image/UiDrawLog/UiDrawLog22.png	Assets/Product/Texture/Image/UiDrawLog/UiDrawLog23.png	Rate in S-Rank pool:	70%									
170739	9950	<color=#26bbf9>70% rate in S-Rank pool</color>	Assets/Product/Texture/Image/UiDrawLog/UiDrawLog22.png	Assets/Product/Texture/Image/UiDrawLog/UiDrawLog23.png	Rate in S-Rank pool:	70%									
170740	9940	<color=#26bbf9>70% rate in S-Rank pool</color>	Assets/Product/Texture/Image/UiDrawLog/UiDrawLog22.png	Assets/Product/Texture/Image/UiDrawLog/UiDrawLog23.png	Rate in S-Rank pool:	70%									
170741	9930	<color=#26bbf9>70% rate in S-Rank pool</color>	Assets/Product/Texture/Image/UiDrawLog/UiDrawLog22.png	Assets/Product/Texture/Image/UiDrawLog/UiDrawLog23.png	Rate in S-Rank pool:	70%									
170742	9920	<color=#26bbf9>70% rate in S-Rank pool</color>	Assets/Product/Texture/Image/UiDrawLog/UiDrawLog22.png	Assets/Product/Texture/Image/UiDrawLog/UiDrawLog23.png	Rate in S-Rank pool:	70%									
170743	10000	<color=#26bbf9>70% rate in S-Rank pool</color>	Assets/Product/Texture/Image/UiDrawLog/UiDrawLog22.png	Assets/Product/Texture/Image/UiDrawLog/UiDrawLog23.png	Rate in S-Rank pool:	70%									
170744	9990	<color=#26bbf9>70% rate in S-Rank pool</color>	Assets/Product/Texture/Image/UiDrawLog/UiDrawLog22.png	Assets/Product/Texture/Image/UiDrawLog/UiDrawLog23.png	Rate in S-Rank pool:	70%									
170745	9980	<color=#26bbf9>70% rate in S-Rank pool</color>	Assets/Product/Texture/Image/UiDrawLog/UiDrawLog22.png	Assets/Product/Texture/Image/UiDrawLog/UiDrawLog23.png	Rate in S-Rank pool:	70%									
170746	9970	<color=#26bbf9>70% rate in S-Rank pool</color>	Assets/Product/Texture/Image/UiDrawLog/UiDrawLog22.png	Assets/Product/Texture/Image/UiDrawLog/UiDrawLog23.png	Rate in S-Rank pool:	70%									
170747	9960	<color=#26bbf9>70% rate in S-Rank pool</color>	Assets/Product/Texture/Image/UiDrawLog/UiDrawLog22.png	Assets/Product/Texture/Image/UiDrawLog/UiDrawLog23.png	Rate in S-Rank pool:	70%									
170748	9950	<color=#26bbf9>70% rate in S-Rank pool</color>	Assets/Product/Texture/Image/UiDrawLog/UiDrawLog22.png	Assets/Product/Texture/Image/UiDrawLog/UiDrawLog23.png	Rate in S-Rank pool:	70%									
170749	9940	<color=#26bbf9>70% rate in S-Rank pool</color>	Assets/Product/Texture/Image/UiDrawLog/UiDrawLog22.png	Assets/Product/Texture/Image/UiDrawLog/UiDrawLog23.png	Rate in S-Rank pool:	70%									
170750	9930	<color=#26bbf9>70% rate in S-Rank pool</color>	Assets/Product/Texture/Image/UiDrawLog/UiDrawLog22.png	Assets/Product/Texture/Image/UiDrawLog/UiDrawLog23.png	Rate in S-Rank pool:	70%									
170751	9920	<color=#26bbf9>70% rate in S-Rank pool</color>	Assets/Product/Texture/Image/UiDrawLog/UiDrawLog22.png	Assets/Product/Texture/Image/UiDrawLog/UiDrawLog23.png	Rate in S-Rank pool:	70%									
170752	10000	<color=#ff8d1e>100% rate in S-Rank pool</color>	Assets/Product/Texture/Image/UiDrawLog/UiDrawLog22.png	Assets/Product/Texture/Image/UiDrawLog/UiDrawLog23.png	Rate in S-Rank pool:	100%									
170753	9990	<color=#ff8d1e>100% rate in S-Rank pool</color>	Assets/Product/Texture/Image/UiDrawLog/UiDrawLog22.png	Assets/Product/Texture/Image/UiDrawLog/UiDrawLog23.png	Rate in S-Rank pool:	100%									
170754	9980	<color=#ff8d1e>100% rate in S-Rank pool</color>	Assets/Product/Texture/Image/UiDrawLog/UiDrawLog22.png	Assets/Product/Texture/Image/UiDrawLog/UiDrawLog23.png	Rate in S-Rank pool:	100%									
170755	9970	<color=#ff8d1e>100% rate in S-Rank pool</color>	Assets/Product/Texture/Image/UiDrawLog/UiDrawLog22.png	Assets/Product/Texture/Image/UiDrawLog/UiDrawLog23.png	Rate in S-Rank pool:	100%									
170756	9960	<color=#ff8d1e>100% rate in S-Rank pool</color>	Assets/Product/Texture/Image/UiDrawLog/UiDrawLog22.png	Assets/Product/Texture/Image/UiDrawLog/UiDrawLog23.png	Rate in S-Rank pool:	100%									
170757	9950	<color=#ff8d1e>100% rate in S-Rank pool</color>	Assets/Product/Texture/Image/UiDrawLog/UiDrawLog22.png	Assets/Product/Texture/Image/UiDrawLog/UiDrawLog23.png	Rate in S-Rank pool:	100%									
170758	9940	<color=#ff8d1e>100% rate in S-Rank pool</color>	Assets/Product/Texture/Image/UiDrawLog/UiDrawLog22.png	Assets/Product/Texture/Image/UiDrawLog/UiDrawLog23.png	Rate in S-Rank pool:	100%									
170759	9930	<color=#ff8d1e>100% rate in S-Rank pool</color>	Assets/Product/Texture/Image/UiDrawLog/UiDrawLog22.png	Assets/Product/Texture/Image/UiDrawLog/UiDrawLog23.png	Rate in S-Rank pool:	100%									
170760	9920	<color=#ff8d1e>100% rate in S-Rank pool</color>	Assets/Product/Texture/Image/UiDrawLog/UiDrawLog22.png	Assets/Product/Texture/Image/UiDrawLog/UiDrawLog23.png	Rate in S-Rank pool:	100%									
170761	9910	<color=#ff8d1e>100% rate in S-Rank pool</color>	Assets/Product/Texture/Image/UiDrawLog/UiDrawLog22.png	Assets/Product/Texture/Image/UiDrawLog/UiDrawLog23.png	Rate in S-Rank pool:	100%									
170762	9900	<color=#ff8d1e>100% rate in S-Rank pool</color>	Assets/Product/Texture/Image/UiDrawLog/UiDrawLog22.png	Assets/Product/Texture/Image/UiDrawLog/UiDrawLog23.png	Rate in S-Rank pool:	100%									
170763	9890	<color=#ff8d1e>100% rate in S-Rank pool</color>	Assets/Product/Texture/Image/UiDrawLog/UiDrawLog22.png	Assets/Product/Texture/Image/UiDrawLog/UiDrawLog23.png	Rate in S-Rank pool:	100%									
170764	9880	<color=#ff8d1e>100% rate in S-Rank pool</color>	Assets/Product/Texture/Image/UiDrawLog/UiDrawLog22.png	Assets/Product/Texture/Image/UiDrawLog/UiDrawLog23.png	Rate in S-Rank pool:	100%									
170765	9870	<color=#ff8d1e>100% rate in S-Rank pool</color>	Assets/Product/Texture/Image/UiDrawLog/UiDrawLog22.png	Assets/Product/Texture/Image/UiDrawLog/UiDrawLog23.png	Rate in S-Rank pool:	100%									
170766	9860	<color=#ff8d1e>100% rate in S-Rank pool</color>	Assets/Product/Texture/Image/UiDrawLog/UiDrawLog22.png	Assets/Product/Texture/Image/UiDrawLog/UiDrawLog23.png	Rate in S-Rank pool:	100%									
170767	9850	<color=#ff8d1e>100% rate in S-Rank pool</color>	Assets/Product/Texture/Image/UiDrawLog/UiDrawLog22.png	Assets/Product/Texture/Image/UiDrawLog/UiDrawLog23.png	Rate in S-Rank pool:	100%									
170768	9840	<color=#ff8d1e>100% rate in S-Rank pool</color>	Assets/Product/Texture/Image/UiDrawLog/UiDrawLog22.png	Assets/Product/Texture/Image/UiDrawLog/UiDrawLog23.png	Rate in S-Rank pool:	100%									
170769	9830	<color=#ff8d1e>100% rate in S-Rank pool</color>	Assets/Product/Texture/Image/UiDrawLog/UiDrawLog22.png	Assets/Product/Texture/Image/UiDrawLog/UiDrawLog23.png	Rate in S-Rank pool:	100%									
170770	9820	<color=#ff8d1e>100% rate in S-Rank pool</color>	Assets/Product/Texture/Image/UiDrawLog/UiDrawLog22.png	Assets/Product/Texture/Image/UiDrawLog/UiDrawLog23.png	Rate in S-Rank pool:	100%									
170771	9810	<color=#ff8d1e>100% rate in S-Rank pool</color>	Assets/Product/Texture/Image/UiDrawLog/UiDrawLog22.png	Assets/Product/Texture/Image/UiDrawLog/UiDrawLog23.png	Rate in S-Rank pool:	100%									
170772	9800	<color=#ff8d1e>100% rate in S-Rank pool</color>	Assets/Product/Texture/Image/UiDrawLog/UiDrawLog22.png	Assets/Product/Texture/Image/UiDrawLog/UiDrawLog23.png	Rate in S-Rank pool:	100%									
170773	9790	<color=#ff8d1e>100% rate in S-Rank pool</color>	Assets/Product/Texture/Image/UiDrawLog/UiDrawLog22.png	Assets/Product/Texture/Image/UiDrawLog/UiDrawLog23.png	Rate in S-Rank pool:	100%									
170774	9780	<color=#ff8d1e>100% rate in S-Rank pool</color>	Assets/Product/Texture/Image/UiDrawLog/UiDrawLog22.png	Assets/Product/Texture/Image/UiDrawLog/UiDrawLog23.png	Rate in S-Rank pool:	100%									
170775	9770	<color=#ff8d1e>100% rate in S-Rank pool</color>	Assets/Product/Texture/Image/UiDrawLog/UiDrawLog22.png	Assets/Product/Texture/Image/UiDrawLog/UiDrawLog23.png	Rate in S-Rank pool:	100%									
170776	9760	<color=#ff8d1e>100% rate in S-Rank pool</color>	Assets/Product/Texture/Image/UiDrawLog/UiDrawLog22.png	Assets/Product/Texture/Image/UiDrawLog/UiDrawLog23.png	Rate in S-Rank pool:	100%									
170777	9750	<color=#ff8d1e>100% rate in S-Rank pool</color>	Assets/Product/Texture/Image/UiDrawLog/UiDrawLog22.png	Assets/Product/Texture/Image/UiDrawLog/UiDrawLog23.png	Rate in S-Rank pool:	100%									
170778	9740	<color=#ff8d1e>100% rate in S-Rank pool</color>	Assets/Product/Texture/Image/UiDrawLog/UiDrawLog22.png	Assets/Product/Texture/Image/UiDrawLog/UiDrawLog23.png	Rate in S-Rank pool:	100%									
170779	9730	<color=#ff8d1e>100% rate in S-Rank pool</color>	Assets/Product/Texture/Image/UiDrawLog/UiDrawLog22.png	Assets/Product/Texture/Image/UiDrawLog/UiDrawLog23.png	Rate in S-Rank pool:	100%									
170780	9720	<color=#ff8d1e>100% rate in S-Rank pool</color>	Assets/Product/Texture/Image/UiDrawLog/UiDrawLog22.png	Assets/Product/Texture/Image/UiDrawLog/UiDrawLog23.png	Rate in S-Rank pool:	100%									
170781	9710	<color=#ff8d1e>100% rate in S-Rank pool</color>	Assets/Product/Texture/Image/UiDrawLog/UiDrawLog22.png	Assets/Product/Texture/Image/UiDrawLog/UiDrawLog23.png	Rate in S-Rank pool:	100%									
170782	9700	<color=#ff8d1e>100% rate in S-Rank pool</color>	Assets/Product/Texture/Image/UiDrawLog/UiDrawLog22.png	Assets/Product/Texture/Image/UiDrawLog/UiDrawLog23.png	Rate in S-Rank pool:	100%									
170783	9690	<color=#ff8d1e>100% rate in S-Rank pool</color>	Assets/Product/Texture/Image/UiDrawLog/UiDrawLog22.png	Assets/Product/Texture/Image/UiDrawLog/UiDrawLog23.png	Rate in S-Rank pool:	100%									
170784	10000	<color=#ff8d1e>100% rate in S-Rank pool</color>	Assets/Product/Texture/Image/UiDrawLog/UiDrawLog22.png	Assets/Product/Texture/Image/UiDrawLog/UiDrawLog23.png	Rate in S-Rank pool:	100%									
170785	9990	<color=#ff8d1e>100% rate in S-Rank pool</color>	Assets/Product/Texture/Image/UiDrawLog/UiDrawLog22.png	Assets/Product/Texture/Image/UiDrawLog/UiDrawLog23.png	Rate in S-Rank pool:	100%									
170786	9980	<color=#ff8d1e>100% rate in S-Rank pool</color>	Assets/Product/Texture/Image/UiDrawLog/UiDrawLog22.png	Assets/Product/Texture/Image/UiDrawLog/UiDrawLog23.png	Rate in S-Rank pool:	100%									
170787	9970	<color=#ff8d1e>100% rate in S-Rank pool</color>	Assets/Product/Texture/Image/UiDrawLog/UiDrawLog22.png	Assets/Product/Texture/Image/UiDrawLog/UiDrawLog23.png	Rate in S-Rank pool:	100%									
170788	9960	<color=#ff8d1e>100% rate in S-Rank pool</color>	Assets/Product/Texture/Image/UiDrawLog/UiDrawLog22.png	Assets/Product/Texture/Image/UiDrawLog/UiDrawLog23.png	Rate in S-Rank pool:	100%									
170789	9950	<color=#ff8d1e>100% rate in S-Rank pool</color>	Assets/Product/Texture/Image/UiDrawLog/UiDrawLog22.png	Assets/Product/Texture/Image/UiDrawLog/UiDrawLog23.png	Rate in S-Rank pool:	100%									
170790	9940	<color=#ff8d1e>100% rate in S-Rank pool</color>	Assets/Product/Texture/Image/UiDrawLog/UiDrawLog22.png	Assets/Product/Texture/Image/UiDrawLog/UiDrawLog23.png	Rate in S-Rank pool:	100%									
170791	9930	<color=#ff8d1e>100% rate in S-Rank pool</color>	Assets/Product/Texture/Image/UiDrawLog/UiDrawLog22.png	Assets/Product/Texture/Image/UiDrawLog/UiDrawLog23.png	Rate in S-Rank pool:	100%									
170792	9920	<color=#ff8d1e>100% rate in S-Rank pool</color>	Assets/Product/Texture/Image/UiDrawLog/UiDrawLog22.png	Assets/Product/Texture/Image/UiDrawLog/UiDrawLog23.png	Rate in S-Rank pool:	100%									
170793	9910	<color=#ff8d1e>100% rate in S-Rank pool</color>	Assets/Product/Texture/Image/UiDrawLog/UiDrawLog22.png	Assets/Product/Texture/Image/UiDrawLog/UiDrawLog23.png	Rate in S-Rank pool:	100%									
170794	9900	<color=#ff8d1e>100% rate in S-Rank pool</color>	Assets/Product/Texture/Image/UiDrawLog/UiDrawLog22.png	Assets/Product/Texture/Image/UiDrawLog/UiDrawLog23.png	Rate in S-Rank pool:	100%									
170795	9890	<color=#ff8d1e>100% rate in S-Rank pool</color>	Assets/Product/Texture/Image/UiDrawLog/UiDrawLog22.png	Assets/Product/Texture/Image/UiDrawLog/UiDrawLog23.png	Rate in S-Rank pool:	100%									
170796	9880	<color=#ff8d1e>100% rate in S-Rank pool</color>	Assets/Product/Texture/Image/UiDrawLog/UiDrawLog22.png	Assets/Product/Texture/Image/UiDrawLog/UiDrawLog23.png	Rate in S-Rank pool:	100%									
170797	9870	<color=#ff8d1e>100% rate in S-Rank pool</color>	Assets/Product/Texture/Image/UiDrawLog/UiDrawLog22.png	Assets/Product/Texture/Image/UiDrawLog/UiDrawLog23.png	Rate in S-Rank pool:	100%									
170798	9860	<color=#ff8d1e>100% rate in S-Rank pool</color>	Assets/Product/Texture/Image/UiDrawLog/UiDrawLog22.png	Assets/Product/Texture/Image/UiDrawLog/UiDrawLog23.png	Rate in S-Rank pool:	100%									
170799	9850	<color=#ff8d1e>100% rate in S-Rank pool</color>	Assets/Product/Texture/Image/UiDrawLog/UiDrawLog22.png	Assets/Product/Texture/Image/UiDrawLog/UiDrawLog23.png	Rate in S-Rank pool:	100%									
170800	9840	<color=#ff8d1e>100% rate in S-Rank pool</color>	Assets/Product/Texture/Image/UiDrawLog/UiDrawLog22.png	Assets/Product/Texture/Image/UiDrawLog/UiDrawLog23.png	Rate in S-Rank pool:	100%									
170801	9830	<color=#ff8d1e>100% rate in S-Rank pool</color>	Assets/Product/Texture/Image/UiDrawLog/UiDrawLog22.png	Assets/Product/Texture/Image/UiDrawLog/UiDrawLog23.png	Rate in S-Rank pool:	100%									
170802	9820	<color=#ff8d1e>100% rate in S-Rank pool</color>	Assets/Product/Texture/Image/UiDrawLog/UiDrawLog22.png	Assets/Product/Texture/Image/UiDrawLog/UiDrawLog23.png	Rate in S-Rank pool:	100%									
170803	9810	<color=#ff8d1e>100% rate in S-Rank pool</color>	Assets/Product/Texture/Image/UiDrawLog/UiDrawLog22.png	Assets/Product/Texture/Image/UiDrawLog/UiDrawLog23.png	Rate in S-Rank pool:	100%									
170804	9800	<color=#ff8d1e>100% rate in S-Rank pool</color>	Assets/Product/Texture/Image/UiDrawLog/UiDrawLog22.png	Assets/Product/Texture/Image/UiDrawLog/UiDrawLog23.png	Rate in S-Rank pool:	100%									
170805	9790	<color=#ff8d1e>100% rate in S-Rank pool</color>	Assets/Product/Texture/Image/UiDrawLog/UiDrawLog22.png	Assets/Product/Texture/Image/UiDrawLog/UiDrawLog23.png	Rate in S-Rank pool:	100%									
170806	9780	<color=#ff8d1e>100% rate in S-Rank pool</color>	Assets/Product/Texture/Image/UiDrawLog/UiDrawLog22.png	Assets/Product/Texture/Image/UiDrawLog/UiDrawLog23.png	Rate in S-Rank pool:	100%									
170807	9770	<color=#ff8d1e>100% rate in S-Rank pool</color>	Assets/Product/Texture/Image/UiDrawLog/UiDrawLog22.png	Assets/Product/Texture/Image/UiDrawLog/UiDrawLog23.png	Rate in S-Rank pool:	100%									
170808	9760	<color=#ff8d1e>100% rate in S-Rank pool</color>	Assets/Product/Texture/Image/UiDrawLog/UiDrawLog22.png	Assets/Product/Texture/Image/UiDrawLog/UiDrawLog23.png	Rate in S-Rank pool:	100%									
170809	9750	<color=#ff8d1e>100% rate in S-Rank pool</color>	Assets/Product/Texture/Image/UiDrawLog/UiDrawLog22.png	Assets/Product/Texture/Image/UiDrawLog/UiDrawLog23.png	Rate in S-Rank pool:	100%									
170810	9740	<color=#ff8d1e>100% rate in S-Rank pool</color>	Assets/Product/Texture/Image/UiDrawLog/UiDrawLog22.png	Assets/Product/Texture/Image/UiDrawLog/UiDrawLog23.png	Rate in S-Rank pool:	100%									
170811	9730	<color=#ff8d1e>100% rate in S-Rank pool</color>	Assets/Product/Texture/Image/UiDrawLog/UiDrawLog22.png	Assets/Product/Texture/Image/UiDrawLog/UiDrawLog23.png	Rate in S-Rank pool:	100%									
170812	9720	<color=#ff8d1e>100% rate in S-Rank pool</color>	Assets/Product/Texture/Image/UiDrawLog/UiDrawLog22.png	Assets/Product/Texture/Image/UiDrawLog/UiDrawLog23.png	Rate in S-Rank pool:	100%									
170813	9710	<color=#ff8d1e>100% rate in S-Rank pool</color>	Assets/Product/Texture/Image/UiDrawLog/UiDrawLog22.png	Assets/Product/Texture/Image/UiDrawLog/UiDrawLog23.png	Rate in S-Rank pool:	100%									
170814	9700	<color=#ff8d1e>100% rate in S-Rank pool</color>	Assets/Product/Texture/Image/UiDrawLog/UiDrawLog22.png	Assets/Product/Texture/Image/UiDrawLog/UiDrawLog23.png	Rate in S-Rank pool:	100%									
170815	9690	<color=#ff8d1e>100% rate in S-Rank pool</color>	Assets/Product/Texture/Image/UiDrawLog/UiDrawLog22.png	Assets/Product/Texture/Image/UiDrawLog/UiDrawLog23.png	Rate in S-Rank pool:	100%									
170816	10000	<color=#26bbf9>70% rate in S-Rank pool</color>	Assets/Product/Texture/Image/UiDrawLog/UiDrawLog22.png	Assets/Product/Texture/Image/UiDrawLog/UiDrawLog23.png	Rate in S-Rank pool:	70%									
170817	9990	<color=#26bbf9>70% rate in S-Rank pool</color>	Assets/Product/Texture/Image/UiDrawLog/UiDrawLog22.png	Assets/Product/Texture/Image/UiDrawLog/UiDrawLog23.png	Rate in S-Rank pool:	70%									
170818	9980	<color=#26bbf9>70% rate in S-Rank pool</color>	Assets/Product/Texture/Image/UiDrawLog/UiDrawLog22.png	Assets/Product/Texture/Image/UiDrawLog/UiDrawLog23.png	Rate in S-Rank pool:	70%									
170819	9970	<color=#26bbf9>70% rate in S-Rank pool</color>	Assets/Product/Texture/Image/UiDrawLog/UiDrawLog22.png	Assets/Product/Texture/Image/UiDrawLog/UiDrawLog23.png	Rate in S-Rank pool:	70%									
170820	9960	<color=#26bbf9>70% rate in S-Rank pool</color>	Assets/Product/Texture/Image/UiDrawLog/UiDrawLog22.png	Assets/Product/Texture/Image/UiDrawLog/UiDrawLog23.png	Rate in S-Rank pool:	70%									
170821	9950	<color=#26bbf9>70% rate in S-Rank pool</color>	Assets/Product/Texture/Image/UiDrawLog/UiDrawLog22.png	Assets/Product/Texture/Image/UiDrawLog/UiDrawLog23.png	Rate in S-Rank pool:	70%									
170822	9940	<color=#26bbf9>70% rate in S-Rank pool</color>	Assets/Product/Texture/Image/UiDrawLog/UiDrawLog22.png	Assets/Product/Texture/Image/UiDrawLog/UiDrawLog23.png	Rate in S-Rank pool:	70%									
170823	9930	<color=#26bbf9>70% rate in S-Rank pool</color>	Assets/Product/Texture/Image/UiDrawLog/UiDrawLog22.png	Assets/Product/Texture/Image/UiDrawLog/UiDrawLog23.png	Rate in S-Rank pool:	70%									
170824	9920	<color=#26bbf9>70% rate in S-Rank pool</color>	Assets/Product/Texture/Image/UiDrawLog/UiDrawLog22.png	Assets/Product/Texture/Image/UiDrawLog/UiDrawLog23.png	Rate in S-Rank pool:	70%									
170825	9910	<color=#26bbf9>70% rate in S-Rank pool</color>	Assets/Product/Texture/Image/UiDrawLog/UiDrawLog22.png	Assets/Product/Texture/Image/UiDrawLog/UiDrawLog23.png	Rate in S-Rank pool:	70%									
170826	9900	<color=#26bbf9>70% rate in S-Rank pool</color>	Assets/Product/Texture/Image/UiDrawLog/UiDrawLog22.png	Assets/Product/Texture/Image/UiDrawLog/UiDrawLog23.png	Rate in S-Rank pool:	70%									
170827	9890	<color=#26bbf9>70% rate in S-Rank pool</color>	Assets/Product/Texture/Image/UiDrawLog/UiDrawLog22.png	Assets/Product/Texture/Image/UiDrawLog/UiDrawLog23.png	Rate in S-Rank pool:	70%									
170828	10000	<color=#26bbf9>70% rate in S-Rank pool</color>	Assets/Product/Texture/Image/UiDrawLog/UiDrawLog22.png	Assets/Product/Texture/Image/UiDrawLog/UiDrawLog23.png	Rate in S-Rank pool:	70%									
170829	9990	<color=#26bbf9>70% rate in S-Rank pool</color>	Assets/Product/Texture/Image/UiDrawLog/UiDrawLog22.png	Assets/Product/Texture/Image/UiDrawLog/UiDrawLog23.png	Rate in S-Rank pool:	70%									
170830	9980	<color=#26bbf9>70% rate in S-Rank pool</color>	Assets/Product/Texture/Image/UiDrawLog/UiDrawLog22.png	Assets/Product/Texture/Image/UiDrawLog/UiDrawLog23.png	Rate in S-Rank pool:	70%									
170831	9970	<color=#26bbf9>70% rate in S-Rank pool</color>	Assets/Product/Texture/Image/UiDrawLog/UiDrawLog22.png	Assets/Product/Texture/Image/UiDrawLog/UiDrawLog23.png	Rate in S-Rank pool:	70%									
170832	9960	<color=#26bbf9>70% rate in S-Rank pool</color>	Assets/Product/Texture/Image/UiDrawLog/UiDrawLog22.png	Assets/Product/Texture/Image/UiDrawLog/UiDrawLog23.png	Rate in S-Rank pool:	70%									
170833	9950	<color=#26bbf9>70% rate in S-Rank pool</color>	Assets/Product/Texture/Image/UiDrawLog/UiDrawLog22.png	Assets/Product/Texture/Image/UiDrawLog/UiDrawLog23.png	Rate in S-Rank pool:	70%									
170834	9940	<color=#26bbf9>70% rate in S-Rank pool</color>	Assets/Product/Texture/Image/UiDrawLog/UiDrawLog22.png	Assets/Product/Texture/Image/UiDrawLog/UiDrawLog23.png	Rate in S-Rank pool:	70%									
170835	9930	<color=#26bbf9>70% rate in S-Rank pool</color>	Assets/Product/Texture/Image/UiDrawLog/UiDrawLog22.png	Assets/Product/Texture/Image/UiDrawLog/UiDrawLog23.png	Rate in S-Rank pool:	70%									
170836	9920	<color=#26bbf9>70% rate in S-Rank pool</color>	Assets/Product/Texture/Image/UiDrawLog/UiDrawLog22.png	Assets/Product/Texture/Image/UiDrawLog/UiDrawLog23.png	Rate in S-Rank pool:	70%									
170837	9910	<color=#26bbf9>70% rate in S-Rank pool</color>	Assets/Product/Texture/Image/UiDrawLog/UiDrawLog22.png	Assets/Product/Texture/Image/UiDrawLog/UiDrawLog23.png	Rate in S-Rank pool:	70%									
170838	9900	<color=#26bbf9>70% rate in S-Rank pool</color>	Assets/Product/Texture/Image/UiDrawLog/UiDrawLog22.png	Assets/Product/Texture/Image/UiDrawLog/UiDrawLog23.png	Rate in S-Rank pool:	70%									
170839	9890	<color=#26bbf9>70% rate in S-Rank pool</color>	Assets/Product/Texture/Image/UiDrawLog/UiDrawLog22.png	Assets/Product/Texture/Image/UiDrawLog/UiDrawLog23.png	Rate in S-Rank pool:	70%									
