Id	SkillId	Level	ConditionId[1]	ConditionId[2]	ConditionId[3]	UseSkillPoint	UseCoin
1	101201	1	60001			1	2000
2	101201	2	60002			1	3000
3	101201	3	60003			1	4000
4	101201	4	60004			1	5000
5	101201	5	60005			2	6000
6	101201	6	60006			2	7000
7	101201	7	60007			2	8000
8	101201	8	60008			2	9000
9	101201	9	60009			2	10000
10	101201	10	60010			3	12000
11	101201	11	60011			3	14000
12	101201	12	60012			3	16000
13	101201	13	60013			3	18000
14	101201	14	60014			3	20000
15	101201	15	60015			5	22000
16	101201	16	60016			5	24000
17	101201	17	60017			5	26000
18	101201	18					
19	101206	1	60101			1	2000
20	101206	2	60102			1	3000
21	101206	3	60103			1	4000
22	101206	4	60104			1	5000
23	101206	5	60105			2	6000
24	101206	6	60106			2	7000
25	101206	7	60107			2	8000
26	101206	8	60108			2	9000
27	101206	9	60109			2	10000
28	101206	10	60110			3	12000
29	101206	11	60111			3	14000
30	101206	12	60112			3	16000
31	101206	13	60113			3	18000
32	101206	14	60114			3	20000
33	101206	15	60115			5	22000
34	101206	16	60116			5	24000
35	101206	17	60117			5	26000
36	101206	18					
37	101211	1	60201			1	2000
38	101211	2	60202			1	3000
39	101211	3	60203			1	4000
40	101211	4	60204			1	5000
41	101211	5	60205			2	6000
42	101211	6	60206			2	7000
43	101211	7	60207			2	8000
44	101211	8	60208			2	9000
45	101211	9	60209			2	10000
46	101211	10	60210			3	12000
47	101211	11	60211			3	14000
48	101211	12	60212			3	16000
49	101211	13	60213			3	18000
50	101211	14	60214			3	20000
51	101211	15	60215			5	22000
52	101211	16	60216			5	24000
53	101211	17	60217			5	26000
54	101211	18					
55	101216	1	60001			1	2000
56	101216	2	60002			1	3000
57	101216	3	60003			1	4000
58	101216	4	60004			1	5000
59	101216	5	60005			2	6000
60	101216	6	60006			2	7000
61	101216	7	60007			2	8000
62	101216	8	60008			2	9000
63	101216	9	60009			2	10000
64	101216	10	60010			3	12000
65	101216	11	60011			3	14000
66	101216	12	60012			3	16000
67	101216	13	60013			3	18000
68	101216	14	60014			3	20000
69	101216	15	60015			5	22000
70	101216	16	60016			5	24000
71	101216	17	60017			5	26000
72	101216	18					
73	101217	1	60101			1	2000
74	101217	2	60102			1	3000
75	101217	3	60103			1	4000
76	101217	4	60104			1	5000
77	101217	5	60105			2	6000
78	101217	6	60106			2	7000
79	101217	7	60107			2	8000
80	101217	8	60108			2	9000
81	101217	9	60109			2	10000
82	101217	10	60110			3	12000
83	101217	11	60111			3	14000
84	101217	12	60112			3	16000
85	101217	13	60113			3	18000
86	101217	14	60114			3	20000
87	101217	15	60115			5	22000
88	101217	16	60116			5	24000
89	101217	17	60117			5	26000
90	101217	18					
91	101218	1	60501			1	2000
92	101218	2	60502			1	3000
93	101218	3	60503			1	4000
94	101218	4	60504			1	5000
95	101218	5	60505			2	6000
96	101218	6	60506			2	7000
97	101218	7	60507			2	8000
98	101218	8	60508			2	9000
99	101218	9	60509			2	10000
100	101218	10	60510			3	12000
101	101218	11	60511			3	14000
102	101218	12	60512			3	16000
103	101218	13	60513			3	18000
104	101218	14	60514			3	20000
105	101218	15	60515			5	22000
106	101218	16	60516			5	24000
107	101218	17	60517			5	26000
108	101218	18					
109	101221	1	60201			1	2000
110	101221	2	60202			1	3000
111	101221	3	60203			1	4000
112	101221	4	60204			1	5000
113	101221	5	60205			2	6000
114	101221	6	60206			2	7000
115	101221	7	60207			2	8000
116	101221	8	60208			2	9000
117	101221	9	60209			2	10000
118	101221	10	60210			3	12000
119	101221	11	60211			3	14000
120	101221	12	60212			3	16000
121	101221	13	60213			3	18000
122	101221	14	60214			3	20000
123	101221	15	60215			5	22000
124	101221	16	60216			5	24000
125	101221	17	60217			5	26000
126	101221	18					
127	101222	0	61002			3	25000
128	101222	1	61002			3	25000
129	101223	1	60301	61301		1	2000
130	101223	2	60302	61302		1	3000
131	101223	3	60303	61303		1	4000
132	101223	4	60304	61304		1	5000
133	101223	5	60305	61305		2	6000
134	101223	6	60306	61306		2	7000
135	101223	7	60307	61307		2	8000
136	101223	8	60308	61308		2	9000
137	101223	9	60309	61309		2	10000
138	101223	10	60310	61310		3	12000
139	101223	11	60311	61311		3	14000
140	101223	12	60312	61312		3	16000
141	101223	13	60313	61313		3	18000
142	101223	14	60314	61314		3	20000
143	101223	15	60315	61315		5	22000
144	101223	16	60316	61316		5	24000
145	101223	17	60317	61317		5	26000
146	101223	18					
147	101224	0	61004			5	50000
148	101224	1	61004			5	50000
149	101225	0	61005			7	75000
150	101225	1	61005			7	75000
151	101226	0	61006			10	100000
152	101226	1	61006			10	100000
153	101227	0	60400				
154	101227	1	60400				
155	101301	1	60001			1	2000
156	101301	2	60002			1	3000
157	101301	3	60003			1	4000
158	101301	4	60004			1	5000
159	101301	5	60005			2	6000
160	101301	6	60006			2	7000
161	101301	7	60007			2	8000
162	101301	8	60008			2	9000
163	101301	9	60009			2	10000
164	101301	10	60010			3	12000
165	101301	11	60011			3	14000
166	101301	12	60012			3	16000
167	101301	13	60013			3	18000
168	101301	14	60014			3	20000
169	101301	15	60015			5	22000
170	101301	16	60016			5	24000
171	101301	17	60017			5	26000
172	101301	18					
173	101306	1	60101			1	2000
174	101306	2	60102			1	3000
175	101306	3	60103			1	4000
176	101306	4	60104			1	5000
177	101306	5	60105			2	6000
178	101306	6	60106			2	7000
179	101306	7	60107			2	8000
180	101306	8	60108			2	9000
181	101306	9	60109			2	10000
182	101306	10	60110			3	12000
183	101306	11	60111			3	14000
184	101306	12	60112			3	16000
185	101306	13	60113			3	18000
186	101306	14	60114			3	20000
187	101306	15	60115			5	22000
188	101306	16	60116			5	24000
189	101306	17	60117			5	26000
190	101306	18					
191	101311	1	60201			1	2000
192	101311	2	60202			1	3000
193	101311	3	60203			1	4000
194	101311	4	60204			1	5000
195	101311	5	60205			2	6000
196	101311	6	60206			2	7000
197	101311	7	60207			2	8000
198	101311	8	60208			2	9000
199	101311	9	60209			2	10000
200	101311	10	60210			3	12000
201	101311	11	60211			3	14000
202	101311	12	60212			3	16000
203	101311	13	60213			3	18000
204	101311	14	60214			3	20000
205	101311	15	60215			5	22000
206	101311	16	60216			5	24000
207	101311	17	60217			5	26000
208	101311	18					
209	101316	1	60001			1	2000
210	101316	2	60002			1	3000
211	101316	3	60003			1	4000
212	101316	4	60004			1	5000
213	101316	5	60005			2	6000
214	101316	6	60006			2	7000
215	101316	7	60007			2	8000
216	101316	8	60008			2	9000
217	101316	9	60009			2	10000
218	101316	10	60010			3	12000
219	101316	11	60011			3	14000
220	101316	12	60012			3	16000
221	101316	13	60013			3	18000
222	101316	14	60014			3	20000
223	101316	15	60015			5	22000
224	101316	16	60016			5	24000
225	101316	17	60017			5	26000
226	101316	18					
227	101317	1	60101			1	2000
228	101317	2	60102			1	3000
229	101317	3	60103			1	4000
230	101317	4	60104			1	5000
231	101317	5	60105			2	6000
232	101317	6	60106			2	7000
233	101317	7	60107			2	8000
234	101317	8	60108			2	9000
235	101317	9	60109			2	10000
236	101317	10	60110			3	12000
237	101317	11	60111			3	14000
238	101317	12	60112			3	16000
239	101317	13	60113			3	18000
240	101317	14	60114			3	20000
241	101317	15	60115			5	22000
242	101317	16	60116			5	24000
243	101317	17	60117			5	26000
244	101317	18					
245	101318	1	60501			1	2000
246	101318	2	60502			1	3000
247	101318	3	60503			1	4000
248	101318	4	60504			1	5000
249	101318	5	60505			2	6000
250	101318	6	60506			2	7000
251	101318	7	60507			2	8000
252	101318	8	60508			2	9000
253	101318	9	60509			2	10000
254	101318	10	60510			3	12000
255	101318	11	60511			3	14000
256	101318	12	60512			3	16000
257	101318	13	60513			3	18000
258	101318	14	60514			3	20000
259	101318	15	60515			5	22000
260	101318	16	60516			5	24000
261	101318	17	60517			5	26000
262	101318	18					
263	101321	1	60201			1	2000
264	101321	2	60202			1	3000
265	101321	3	60203			1	4000
266	101321	4	60204			1	5000
267	101321	5	60205			2	6000
268	101321	6	60206			2	7000
269	101321	7	60207			2	8000
270	101321	8	60208			2	9000
271	101321	9	60209			2	10000
272	101321	10	60210			3	12000
273	101321	11	60211			3	14000
274	101321	12	60212			3	16000
275	101321	13	60213			3	18000
276	101321	14	60214			3	20000
277	101321	15	60215			5	22000
278	101321	16	60216			5	24000
279	101321	17	60217			5	26000
280	101321	18					
281	101322	0	61002			3	25000
282	101322	1	61002			3	25000
283	101323	1	60301	61301		1	2000
284	101323	2	60302	61302		1	3000
285	101323	3	60303	61303		1	4000
286	101323	4	60304	61304		1	5000
287	101323	5	60305	61305		2	6000
288	101323	6	60306	61306		2	7000
289	101323	7	60307	61307		2	8000
290	101323	8	60308	61308		2	9000
291	101323	9	60309	61309		2	10000
292	101323	10	60310	61310		3	12000
293	101323	11	60311	61311		3	14000
294	101323	12	60312	61312		3	16000
295	101323	13	60313	61313		3	18000
296	101323	14	60314	61314		3	20000
297	101323	15	60315	61315		5	22000
298	101323	16	60316	61316		5	24000
299	101323	17	60317	61317		5	26000
300	101323	18					
301	101324	0	61004			5	50000
302	101324	1	61004			5	50000
303	101325	0	61005			7	75000
304	101325	1	61005			7	75000
305	101326	0	61006			10	100000
306	101326	1	61006			10	100000
307	101327	0	60412				
308	101327	1	60412				
309	101401	1	60001			1	2000
310	101401	2	60002			1	3000
311	101401	3	60003			1	4000
312	101401	4	60004			1	5000
313	101401	5	60005			2	6000
314	101401	6	60006			2	7000
315	101401	7	60007			2	8000
316	101401	8	60008			2	9000
317	101401	9	60009			2	10000
318	101401	10	60010			3	12000
319	101401	11	60011			3	14000
320	101401	12	60012			3	16000
321	101401	13	60013			3	18000
322	101401	14	60014			3	20000
323	101401	15	60015			5	22000
324	101401	16	60016			5	24000
325	101401	17	60017			5	26000
326	101401	18					
327	101406	1	60101			1	2000
328	101406	2	60102			1	3000
329	101406	3	60103			1	4000
330	101406	4	60104			1	5000
331	101406	5	60105			2	6000
332	101406	6	60106			2	7000
333	101406	7	60107			2	8000
334	101406	8	60108			2	9000
335	101406	9	60109			2	10000
336	101406	10	60110			3	12000
337	101406	11	60111			3	14000
338	101406	12	60112			3	16000
339	101406	13	60113			3	18000
340	101406	14	60114			3	20000
341	101406	15	60115			5	22000
342	101406	16	60116			5	24000
343	101406	17	60117			5	26000
344	101406	18					
345	101411	1	60201			1	2000
346	101411	2	60202			1	3000
347	101411	3	60203			1	4000
348	101411	4	60204			1	5000
349	101411	5	60205			2	6000
350	101411	6	60206			2	7000
351	101411	7	60207			2	8000
352	101411	8	60208			2	9000
353	101411	9	60209			2	10000
354	101411	10	60210			3	12000
355	101411	11	60211			3	14000
356	101411	12	60212			3	16000
357	101411	13	60213			3	18000
358	101411	14	60214			3	20000
359	101411	15	60215			5	22000
360	101411	16	60216			5	24000
361	101411	17	60217			5	26000
362	101411	18					
363	101416	1	60001			1	2000
364	101416	2	60002			1	3000
365	101416	3	60003			1	4000
366	101416	4	60004			1	5000
367	101416	5	60005			2	6000
368	101416	6	60006			2	7000
369	101416	7	60007			2	8000
370	101416	8	60008			2	9000
371	101416	9	60009			2	10000
372	101416	10	60010			3	12000
373	101416	11	60011			3	14000
374	101416	12	60012			3	16000
375	101416	13	60013			3	18000
376	101416	14	60014			3	20000
377	101416	15	60015			5	22000
378	101416	16	60016			5	24000
379	101416	17	60017			5	26000
380	101416	18					
381	101417	1	60101			1	2000
382	101417	2	60102			1	3000
383	101417	3	60103			1	4000
384	101417	4	60104			1	5000
385	101417	5	60105			2	6000
386	101417	6	60106			2	7000
387	101417	7	60107			2	8000
388	101417	8	60108			2	9000
389	101417	9	60109			2	10000
390	101417	10	60110			3	12000
391	101417	11	60111			3	14000
392	101417	12	60112			3	16000
393	101417	13	60113			3	18000
394	101417	14	60114			3	20000
395	101417	15	60115			5	22000
396	101417	16	60116			5	24000
397	101417	17	60117			5	26000
398	101417	18					
399	101418	1	60501			1	2000
400	101418	2	60502			1	3000
401	101418	3	60503			1	4000
402	101418	4	60504			1	5000
403	101418	5	60505			2	6000
404	101418	6	60506			2	7000
405	101418	7	60507			2	8000
406	101418	8	60508			2	9000
407	101418	9	60509			2	10000
408	101418	10	60510			3	12000
409	101418	11	60511			3	14000
410	101418	12	60512			3	16000
411	101418	13	60513			3	18000
412	101418	14	60514			3	20000
413	101418	15	60515			5	22000
414	101418	16	60516			5	24000
415	101418	17	60517			5	26000
416	101418	18					
417	101421	1	60201			1	2000
418	101421	2	60202			1	3000
419	101421	3	60203			1	4000
420	101421	4	60204			1	5000
421	101421	5	60205			2	6000
422	101421	6	60206			2	7000
423	101421	7	60207			2	8000
424	101421	8	60208			2	9000
425	101421	9	60209			2	10000
426	101421	10	60210			3	12000
427	101421	11	60211			3	14000
428	101421	12	60212			3	16000
429	101421	13	60213			3	18000
430	101421	14	60214			3	20000
431	101421	15	60215			5	22000
432	101421	16	60216			5	24000
433	101421	17	60217			5	26000
434	101421	18					
435	101422	0	61002			3	25000
436	101422	1	61002			3	25000
437	101423	1	60301	61301		1	2000
438	101423	2	60302	61302		1	3000
439	101423	3	60303	61303		1	4000
440	101423	4	60304	61304		1	5000
441	101423	5	60305	61305		2	6000
442	101423	6	60306	61306		2	7000
443	101423	7	60307	61307		2	8000
444	101423	8	60308	61308		2	9000
445	101423	9	60309	61309		2	10000
446	101423	10	60310	61310		3	12000
447	101423	11	60311	61311		3	14000
448	101423	12	60312	61312		3	16000
449	101423	13	60313	61313		3	18000
450	101423	14	60314	61314		3	20000
451	101423	15	60315	61315		5	22000
452	101423	16	60316	61316		5	24000
453	101423	17	60317	61317		5	26000
454	101423	18					
455	101424	0	62004			2	20000
456	101424	1	62005			3	30000
457	101424	2	62005			5	50000
458	101425	0	62006			3	35000
459	101425	1	62007			4	40000
460	101425	2	62007			7	75000
461	101426	0	62008			3	30000
462	101426	1	62009			3	30000
463	101426	2	62010			4	40000
464	101426	3	62010			10	100000
465	101427	0	60446				
466	101427	1	60446				
467	102101	1	60000			1	2000
468	102101	2	60002			1	3000
469	102101	3	60003			1	4000
470	102101	4	60004			1	5000
471	102101	5	60005			2	6000
472	102101	6	60006			2	7000
473	102101	7	60007			2	8000
474	102101	8	60008			2	9000
475	102101	9	60009			2	10000
476	102101	10	60010			3	12000
477	102101	11	60011			3	14000
478	102101	12	60012			3	16000
479	102101	13	60013			3	18000
480	102101	14	60014			3	20000
481	102101	15	60015			5	22000
482	102101	16	60016			5	24000
483	102101	17	60017			5	26000
484	102101	18					
485	102106	1	60101			1	2000
486	102106	2	60102			1	3000
487	102106	3	60103			1	4000
488	102106	4	60104			1	5000
489	102106	5	60105			2	6000
490	102106	6	60106			2	7000
491	102106	7	60107			2	8000
492	102106	8	60108			2	9000
493	102106	9	60109			2	10000
494	102106	10	60110			3	12000
495	102106	11	60111			3	14000
496	102106	12	60112			3	16000
497	102106	13	60113			3	18000
498	102106	14	60114			3	20000
499	102106	15	60115			5	22000
500	102106	16	60116			5	24000
501	102106	17	60117			5	26000
502	102106	18					
503	102111	1	60201			1	2000
504	102111	2	60202			1	3000
505	102111	3	60203			1	4000
506	102111	4	60204			1	5000
507	102111	5	60205			2	6000
508	102111	6	60206			2	7000
509	102111	7	60207			2	8000
510	102111	8	60208			2	9000
511	102111	9	60209			2	10000
512	102111	10	60210			3	12000
513	102111	11	60211			3	14000
514	102111	12	60212			3	16000
515	102111	13	60213			3	18000
516	102111	14	60214			3	20000
517	102111	15	60215			5	22000
518	102111	16	60216			5	24000
519	102111	17	60217			5	26000
520	102111	18					
521	102116	1	60001			1	2000
522	102116	2	60002			1	3000
523	102116	3	60003			1	4000
524	102116	4	60004			1	5000
525	102116	5	60005			2	6000
526	102116	6	60006			2	7000
527	102116	7	60007			2	8000
528	102116	8	60008			2	9000
529	102116	9	60009			2	10000
530	102116	10	60010			3	12000
531	102116	11	60011			3	14000
532	102116	12	60012			3	16000
533	102116	13	60013			3	18000
534	102116	14	60014			3	20000
535	102116	15	60015			5	22000
536	102116	16	60016			5	24000
537	102116	17	60017			5	26000
538	102116	18					
539	102117	1	60101			1	2000
540	102117	2	60102			1	3000
541	102117	3	60103			1	4000
542	102117	4	60104			1	5000
543	102117	5	60105			2	6000
544	102117	6	60106			2	7000
545	102117	7	60107			2	8000
546	102117	8	60108			2	9000
547	102117	9	60109			2	10000
548	102117	10	60110			3	12000
549	102117	11	60111			3	14000
550	102117	12	60112			3	16000
551	102117	13	60113			3	18000
552	102117	14	60114			3	20000
553	102117	15	60115			5	22000
554	102117	16	60116			5	24000
555	102117	17	60117			5	26000
556	102117	18					
557	102118	1	60501			1	2000
558	102118	2	60502			1	3000
559	102118	3	60503			1	4000
560	102118	4	60504			1	5000
561	102118	5	60505			2	6000
562	102118	6	60506			2	7000
563	102118	7	60507			2	8000
564	102118	8	60508			2	9000
565	102118	9	60509			2	10000
566	102118	10	60510			3	12000
567	102118	11	60511			3	14000
568	102118	12	60512			3	16000
569	102118	13	60513			3	18000
570	102118	14	60514			3	20000
571	102118	15	60515			5	22000
572	102118	16	60516			5	24000
573	102118	17	60517			5	26000
574	102118	18					
575	102121	1	60201			1	2000
576	102121	2	60202			1	3000
577	102121	3	60203			1	4000
578	102121	4	60204			1	5000
579	102121	5	60205			2	6000
580	102121	6	60206			2	7000
581	102121	7	60207			2	8000
582	102121	8	60208			2	9000
583	102121	9	60209			2	10000
584	102121	10	60210			3	12000
585	102121	11	60211			3	14000
586	102121	12	60212			3	16000
587	102121	13	60213			3	18000
588	102121	14	60214			3	20000
589	102121	15	60215			5	22000
590	102121	16	60216			5	24000
591	102121	17	60217			5	26000
592	102121	18					
593	102122	0	61002			3	25000
594	102122	1	61002			3	25000
595	102123	1	60301	61301		1	2000
596	102123	2	60302	61302		1	3000
597	102123	3	60303	61303		1	4000
598	102123	4	60304	61304		1	5000
599	102123	5	60305	61305		2	6000
600	102123	6	60306	61306		2	7000
601	102123	7	60307	61307		2	8000
602	102123	8	60308	61308		2	9000
603	102123	9	60309	61309		2	10000
604	102123	10	60310	61310		3	12000
605	102123	11	60311	61311		3	14000
606	102123	12	60312	61312		3	16000
607	102123	13	60313	61313		3	18000
608	102123	14	60314	61314		3	20000
609	102123	15	60315	61315		5	22000
610	102123	16	60316	61316		5	24000
611	102123	17	60317	61317		5	26000
612	102123	18					
613	102124	0	61004			5	50000
614	102124	1	61004			5	50000
615	102125	0	61005			7	75000
616	102125	1	61005			7	75000
617	102126	0	61006			10	100000
618	102126	1	61006			10	100000
619	102127	0	60401				
620	102127	1	60401				
621	102201	1	60001			1	2000
622	102201	2	60002			1	3000
623	102201	3	60003			1	4000
624	102201	4	60004			1	5000
625	102201	5	60005			2	6000
626	102201	6	60006			2	7000
627	102201	7	60007			2	8000
628	102201	8	60008			2	9000
629	102201	9	60009			2	10000
630	102201	10	60010			3	12000
631	102201	11	60011			3	14000
632	102201	12	60012			3	16000
633	102201	13	60013			3	18000
634	102201	14	60014			3	20000
635	102201	15	60015			5	22000
636	102201	16	60016			5	24000
637	102201	17	60017			5	26000
638	102201	18					
639	102206	1	60101			1	2000
640	102206	2	60102			1	3000
641	102206	3	60103			1	4000
642	102206	4	60104			1	5000
643	102206	5	60105			2	6000
644	102206	6	60106			2	7000
645	102206	7	60107			2	8000
646	102206	8	60108			2	9000
647	102206	9	60109			2	10000
648	102206	10	60110			3	12000
649	102206	11	60111			3	14000
650	102206	12	60112			3	16000
651	102206	13	60113			3	18000
652	102206	14	60114			3	20000
653	102206	15	60115			5	22000
654	102206	16	60116			5	24000
655	102206	17	60117			5	26000
656	102206	18					
657	102211	1	60201			1	2000
658	102211	2	60202			1	3000
659	102211	3	60203			1	4000
660	102211	4	60204			1	5000
661	102211	5	60205			2	6000
662	102211	6	60206			2	7000
663	102211	7	60207			2	8000
664	102211	8	60208			2	9000
665	102211	9	60209			2	10000
666	102211	10	60210			3	12000
667	102211	11	60211			3	14000
668	102211	12	60212			3	16000
669	102211	13	60213			3	18000
670	102211	14	60214			3	20000
671	102211	15	60215			5	22000
672	102211	16	60216			5	24000
673	102211	17	60217			5	26000
674	102211	18					
675	102216	1	60001			1	2000
676	102216	2	60002			1	3000
677	102216	3	60003			1	4000
678	102216	4	60004			1	5000
679	102216	5	60005			2	6000
680	102216	6	60006			2	7000
681	102216	7	60007			2	8000
682	102216	8	60008			2	9000
683	102216	9	60009			2	10000
684	102216	10	60010			3	12000
685	102216	11	60011			3	14000
686	102216	12	60012			3	16000
687	102216	13	60013			3	18000
688	102216	14	60014			3	20000
689	102216	15	60015			5	22000
690	102216	16	60016			5	24000
691	102216	17	60017			5	26000
692	102216	18					
693	102217	1	60101			1	2000
694	102217	2	60102			1	3000
695	102217	3	60103			1	4000
696	102217	4	60104			1	5000
697	102217	5	60105			2	6000
698	102217	6	60106			2	7000
699	102217	7	60107			2	8000
700	102217	8	60108			2	9000
701	102217	9	60109			2	10000
702	102217	10	60110			3	12000
703	102217	11	60111			3	14000
704	102217	12	60112			3	16000
705	102217	13	60113			3	18000
706	102217	14	60114			3	20000
707	102217	15	60115			5	22000
708	102217	16	60116			5	24000
709	102217	17	60117			5	26000
710	102217	18					
711	102218	1	60501			1	2000
712	102218	2	60502			1	3000
713	102218	3	60503			1	4000
714	102218	4	60504			1	5000
715	102218	5	60505			2	6000
716	102218	6	60506			2	7000
717	102218	7	60507			2	8000
718	102218	8	60508			2	9000
719	102218	9	60509			2	10000
720	102218	10	60510			3	12000
721	102218	11	60511			3	14000
722	102218	12	60512			3	16000
723	102218	13	60513			3	18000
724	102218	14	60514			3	20000
725	102218	15	60515			5	22000
726	102218	16	60516			5	24000
727	102218	17	60517			5	26000
728	102218	18					
729	102221	1	60201			1	2000
730	102221	2	60202			1	3000
731	102221	3	60203			1	4000
732	102221	4	60204			1	5000
733	102221	5	60205			2	6000
734	102221	6	60206			2	7000
735	102221	7	60207			2	8000
736	102221	8	60208			2	9000
737	102221	9	60209			2	10000
738	102221	10	60210			3	12000
739	102221	11	60211			3	14000
740	102221	12	60212			3	16000
741	102221	13	60213			3	18000
742	102221	14	60214			3	20000
743	102221	15	60215			5	22000
744	102221	16	60216			5	24000
745	102221	17	60217			5	26000
746	102221	18					
747	102222	0	61002			3	25000
748	102222	1	61002			3	25000
749	102223	1	60301	61301		1	2000
750	102223	2	60302	61302		1	3000
751	102223	3	60303	61303		1	4000
752	102223	4	60304	61304		1	5000
753	102223	5	60305	61305		2	6000
754	102223	6	60306	61306		2	7000
755	102223	7	60307	61307		2	8000
756	102223	8	60308	61308		2	9000
757	102223	9	60309	61309		2	10000
758	102223	10	60310	61310		3	12000
759	102223	11	60311	61311		3	14000
760	102223	12	60312	61312		3	16000
761	102223	13	60313	61313		3	18000
762	102223	14	60314	61314		3	20000
763	102223	15	60315	61315		5	22000
764	102223	16	60316	61316		5	24000
765	102223	17	60317	61317		5	26000
766	102223	18					
767	102224	0	61004			5	50000
768	102224	1	61004			5	50000
769	102225	0	61005			7	75000
770	102225	1	61005			7	75000
771	102226	0	61006			10	100000
772	102226	1	61006			10	100000
773	102227	0	60408				
774	102227	1	60408				
775	102301	1	60000			1	2000
776	102301	2	60002			1	3000
777	102301	3	60003			1	4000
778	102301	4	60004			1	5000
779	102301	5	60005			2	6000
780	102301	6	60006			2	7000
781	102301	7	60007			2	8000
782	102301	8	60008			2	9000
783	102301	9	60009			2	10000
784	102301	10	60010			3	12000
785	102301	11	60011			3	14000
786	102301	12	60012			3	16000
787	102301	13	60013			3	18000
788	102301	14	60014			3	20000
789	102301	15	60015			5	22000
790	102301	16	60016			5	24000
791	102301	17	60017			5	26000
792	102301	18					
793	102306	1	60101			1	2000
794	102306	2	60102			1	3000
795	102306	3	60103			1	4000
796	102306	4	60104			1	5000
797	102306	5	60105			2	6000
798	102306	6	60106			2	7000
799	102306	7	60107			2	8000
800	102306	8	60108			2	9000
801	102306	9	60109			2	10000
802	102306	10	60110			3	12000
803	102306	11	60111			3	14000
804	102306	12	60112			3	16000
805	102306	13	60113			3	18000
806	102306	14	60114			3	20000
807	102306	15	60115			5	22000
808	102306	16	60116			5	24000
809	102306	17	60117			5	26000
810	102306	18					
811	102311	1	60201			1	2000
812	102311	2	60202			1	3000
813	102311	3	60203			1	4000
814	102311	4	60204			1	5000
815	102311	5	60205			2	6000
816	102311	6	60206			2	7000
817	102311	7	60207			2	8000
818	102311	8	60208			2	9000
819	102311	9	60209			2	10000
820	102311	10	60210			3	12000
821	102311	11	60211			3	14000
822	102311	12	60212			3	16000
823	102311	13	60213			3	18000
824	102311	14	60214			3	20000
825	102311	15	60215			5	22000
826	102311	16	60216			5	24000
827	102311	17	60217			5	26000
828	102311	18					
829	102316	1	60001			1	2000
830	102316	2	60002			1	3000
831	102316	3	60003			1	4000
832	102316	4	60004			1	5000
833	102316	5	60005			2	6000
834	102316	6	60006			2	7000
835	102316	7	60007			2	8000
836	102316	8	60008			2	9000
837	102316	9	60009			2	10000
838	102316	10	60010			3	12000
839	102316	11	60011			3	14000
840	102316	12	60012			3	16000
841	102316	13	60013			3	18000
842	102316	14	60014			3	20000
843	102316	15	60015			5	22000
844	102316	16	60016			5	24000
845	102316	17	60017			5	26000
846	102316	18					
847	102317	1	60101			1	2000
848	102317	2	60102			1	3000
849	102317	3	60103			1	4000
850	102317	4	60104			1	5000
851	102317	5	60105			2	6000
852	102317	6	60106			2	7000
853	102317	7	60107			2	8000
854	102317	8	60108			2	9000
855	102317	9	60109			2	10000
856	102317	10	60110			3	12000
857	102317	11	60111			3	14000
858	102317	12	60112			3	16000
859	102317	13	60113			3	18000
860	102317	14	60114			3	20000
861	102317	15	60115			5	22000
862	102317	16	60116			5	24000
863	102317	17	60117			5	26000
864	102317	18					
865	102318	1	60501			1	2000
866	102318	2	60502			1	3000
867	102318	3	60503			1	4000
868	102318	4	60504			1	5000
869	102318	5	60505			2	6000
870	102318	6	60506			2	7000
871	102318	7	60507			2	8000
872	102318	8	60508			2	9000
873	102318	9	60509			2	10000
874	102318	10	60510			3	12000
875	102318	11	60511			3	14000
876	102318	12	60512			3	16000
877	102318	13	60513			3	18000
878	102318	14	60514			3	20000
879	102318	15	60515			5	22000
880	102318	16	60516			5	24000
881	102318	17	60517			5	26000
882	102318	18					
883	102321	1	60201			1	2000
884	102321	2	60202			1	3000
885	102321	3	60203			1	4000
886	102321	4	60204			1	5000
887	102321	5	60205			2	6000
888	102321	6	60206			2	7000
889	102321	7	60207			2	8000
890	102321	8	60208			2	9000
891	102321	9	60209			2	10000
892	102321	10	60210			3	12000
893	102321	11	60211			3	14000
894	102321	12	60212			3	16000
895	102321	13	60213			3	18000
896	102321	14	60214			3	20000
897	102321	15	60215			5	22000
898	102321	16	60216			5	24000
899	102321	17	60217			5	26000
900	102321	18					
901	102322	0	61002			3	25000
902	102322	1	61002			3	25000
903	102323	1	60301	61301		1	2000
904	102323	2	60302	61302		1	3000
905	102323	3	60303	61303		1	4000
906	102323	4	60304	61304		1	5000
907	102323	5	60305	61305		2	6000
908	102323	6	60306	61306		2	7000
909	102323	7	60307	61307		2	8000
910	102323	8	60308	61308		2	9000
911	102323	9	60309	61309		2	10000
912	102323	10	60310	61310		3	12000
913	102323	11	60311	61311		3	14000
914	102323	12	60312	61312		3	16000
915	102323	13	60313	61313		3	18000
916	102323	14	60314	61314		3	20000
917	102323	15	60315	61315		5	22000
918	102323	16	60316	61316		5	24000
919	102323	17	60317	61317		5	26000
920	102323	18					
921	102324	0	61004			5	50000
922	102324	1	61004			5	50000
923	102325	0	61005			7	75000
924	102325	1	61005			7	75000
925	102326	0	61006			10	100000
926	102326	1	61006			10	100000
927	102327	0	60415				
928	102327	1	60415				
929	102401	1	60001			1	2000
930	102401	2	60002			1	3000
931	102401	3	60003			1	4000
932	102401	4	60004			1	5000
933	102401	5	60005			2	6000
934	102401	6	60006			2	7000
935	102401	7	60007			2	8000
936	102401	8	60008			2	9000
937	102401	9	60009			2	10000
938	102401	10	60010			3	12000
939	102401	11	60011			3	14000
940	102401	12	60012			3	16000
941	102401	13	60013			3	18000
942	102401	14	60014			3	20000
943	102401	15	60015			5	22000
944	102401	16	60016			5	24000
945	102401	17	60017			5	26000
946	102401	18					
947	102406	1	60101			1	2000
948	102406	2	60102			1	3000
949	102406	3	60103			1	4000
950	102406	4	60104			1	5000
951	102406	5	60105			2	6000
952	102406	6	60106			2	7000
953	102406	7	60107			2	8000
954	102406	8	60108			2	9000
955	102406	9	60109			2	10000
956	102406	10	60110			3	12000
957	102406	11	60111			3	14000
958	102406	12	60112			3	16000
959	102406	13	60113			3	18000
960	102406	14	60114			3	20000
961	102406	15	60115			5	22000
962	102406	16	60116			5	24000
963	102406	17	60117			5	26000
964	102406	18					
965	102411	1	60201			1	2000
966	102411	2	60202			1	3000
967	102411	3	60203			1	4000
968	102411	4	60204			1	5000
969	102411	5	60205			2	6000
970	102411	6	60206			2	7000
971	102411	7	60207			2	8000
972	102411	8	60208			2	9000
973	102411	9	60209			2	10000
974	102411	10	60210			3	12000
975	102411	11	60211			3	14000
976	102411	12	60212			3	16000
977	102411	13	60213			3	18000
978	102411	14	60214			3	20000
979	102411	15	60215			5	22000
980	102411	16	60216			5	24000
981	102411	17	60217			5	26000
982	102411	18					
983	102416	1	60001			1	2000
984	102416	2	60002			1	3000
985	102416	3	60003			1	4000
986	102416	4	60004			1	5000
987	102416	5	60005			2	6000
988	102416	6	60006			2	7000
989	102416	7	60007			2	8000
990	102416	8	60008			2	9000
991	102416	9	60009			2	10000
992	102416	10	60010			3	12000
993	102416	11	60011			3	14000
994	102416	12	60012			3	16000
995	102416	13	60013			3	18000
996	102416	14	60014			3	20000
997	102416	15	60015			5	22000
998	102416	16	60016			5	24000
999	102416	17	60017			5	26000
1000	102416	18					
1001	102417	1	60101			1	2000
1002	102417	2	60102			1	3000
1003	102417	3	60103			1	4000
1004	102417	4	60104			1	5000
1005	102417	5	60105			2	6000
1006	102417	6	60106			2	7000
1007	102417	7	60107			2	8000
1008	102417	8	60108			2	9000
1009	102417	9	60109			2	10000
1010	102417	10	60110			3	12000
1011	102417	11	60111			3	14000
1012	102417	12	60112			3	16000
1013	102417	13	60113			3	18000
1014	102417	14	60114			3	20000
1015	102417	15	60115			5	22000
1016	102417	16	60116			5	24000
1017	102417	17	60117			5	26000
1018	102417	18					
1019	102418	1	60501			1	2000
1020	102418	2	60502			1	3000
1021	102418	3	60503			1	4000
1022	102418	4	60504			1	5000
1023	102418	5	60505			2	6000
1024	102418	6	60506			2	7000
1025	102418	7	60507			2	8000
1026	102418	8	60508			2	9000
1027	102418	9	60509			2	10000
1028	102418	10	60510			3	12000
1029	102418	11	60511			3	14000
1030	102418	12	60512			3	16000
1031	102418	13	60513			3	18000
1032	102418	14	60514			3	20000
1033	102418	15	60515			5	22000
1034	102418	16	60516			5	24000
1035	102418	17	60517			5	26000
1036	102418	18					
1037	102421	1	60201			1	2000
1038	102421	2	60202			1	3000
1039	102421	3	60203			1	4000
1040	102421	4	60204			1	5000
1041	102421	5	60205			2	6000
1042	102421	6	60206			2	7000
1043	102421	7	60207			2	8000
1044	102421	8	60208			2	9000
1045	102421	9	60209			2	10000
1046	102421	10	60210			3	12000
1047	102421	11	60211			3	14000
1048	102421	12	60212			3	16000
1049	102421	13	60213			3	18000
1050	102421	14	60214			3	20000
1051	102421	15	60215			5	22000
1052	102421	16	60216			5	24000
1053	102421	17	60217			5	26000
1054	102421	18					
1055	102422	0	61002			3	25000
1056	102422	1	61002			3	25000
1057	102423	1	60301	61301		1	2000
1058	102423	2	60302	61302		1	3000
1059	102423	3	60303	61303		1	4000
1060	102423	4	60304	61304		1	5000
1061	102423	5	60305	61305		2	6000
1062	102423	6	60306	61306		2	7000
1063	102423	7	60307	61307		2	8000
1064	102423	8	60308	61308		2	9000
1065	102423	9	60309	61309		2	10000
1066	102423	10	60310	61310		3	12000
1067	102423	11	60311	61311		3	14000
1068	102423	12	60312	61312		3	16000
1069	102423	13	60313	61313		3	18000
1070	102423	14	60314	61314		3	20000
1071	102423	15	60315	61315		5	22000
1072	102423	16	60316	61316		5	24000
1073	102423	17	60317	61317		5	26000
1074	102423	18					
1075	102424	0	61004			5	50000
1076	102424	1	61004			5	50000
1077	102425	0	61005			7	75000
1078	102425	1	61005			7	75000
1079	102426	0	61006			10	100000
1080	102426	1	61006			10	100000
1081	102427	0	60421				
1082	102427	1	60421				
1083	102428	0	61005			7	75000
1084	102428	1	61005			7	75000
1085	102501	1	60001			1	2000
1086	102501	2	60002			1	3000
1087	102501	3	60003			1	4000
1088	102501	4	60004			1	5000
1089	102501	5	60005			2	6000
1090	102501	6	60006			2	7000
1091	102501	7	60007			2	8000
1092	102501	8	60008			2	9000
1093	102501	9	60009			2	10000
1094	102501	10	60010			3	12000
1095	102501	11	60011			3	14000
1096	102501	12	60012			3	16000
1097	102501	13	60013			3	18000
1098	102501	14	60014			3	20000
1099	102501	15	60015			5	22000
1100	102501	16	60016			5	24000
1101	102501	17	60017			5	26000
1102	102501	18					
1103	102506	1	60101			1	2000
1104	102506	2	60102			1	3000
1105	102506	3	60103			1	4000
1106	102506	4	60104			1	5000
1107	102506	5	60105			2	6000
1108	102506	6	60106			2	7000
1109	102506	7	60107			2	8000
1110	102506	8	60108			2	9000
1111	102506	9	60109			2	10000
1112	102506	10	60110			3	12000
1113	102506	11	60111			3	14000
1114	102506	12	60112			3	16000
1115	102506	13	60113			3	18000
1116	102506	14	60114			3	20000
1117	102506	15	60115			5	22000
1118	102506	16	60116			5	24000
1119	102506	17	60117			5	26000
1120	102506	18					
1121	102511	1	60201			1	2000
1122	102511	2	60202			1	3000
1123	102511	3	60203			1	4000
1124	102511	4	60204			1	5000
1125	102511	5	60205			2	6000
1126	102511	6	60206			2	7000
1127	102511	7	60207			2	8000
1128	102511	8	60208			2	9000
1129	102511	9	60209			2	10000
1130	102511	10	60210			3	12000
1131	102511	11	60211			3	14000
1132	102511	12	60212			3	16000
1133	102511	13	60213			3	18000
1134	102511	14	60214			3	20000
1135	102511	15	60215			5	22000
1136	102511	16	60216			5	24000
1137	102511	17	60217			5	26000
1138	102511	18					
1139	102516	1	60001			1	2000
1140	102516	2	60002			1	3000
1141	102516	3	60003			1	4000
1142	102516	4	60004			1	5000
1143	102516	5	60005			2	6000
1144	102516	6	60006			2	7000
1145	102516	7	60007			2	8000
1146	102516	8	60008			2	9000
1147	102516	9	60009			2	10000
1148	102516	10	60010			3	12000
1149	102516	11	60011			3	14000
1150	102516	12	60012			3	16000
1151	102516	13	60013			3	18000
1152	102516	14	60014			3	20000
1153	102516	15	60015			5	22000
1154	102516	16	60016			5	24000
1155	102516	17	60017			5	26000
1156	102516	18					
1157	102517	1	60101			1	2000
1158	102517	2	60102			1	3000
1159	102517	3	60103			1	4000
1160	102517	4	60104			1	5000
1161	102517	5	60105			2	6000
1162	102517	6	60106			2	7000
1163	102517	7	60107			2	8000
1164	102517	8	60108			2	9000
1165	102517	9	60109			2	10000
1166	102517	10	60110			3	12000
1167	102517	11	60111			3	14000
1168	102517	12	60112			3	16000
1169	102517	13	60113			3	18000
1170	102517	14	60114			3	20000
1171	102517	15	60115			5	22000
1172	102517	16	60116			5	24000
1173	102517	17	60117			5	26000
1174	102517	18					
1175	102518	1	60501			1	2000
1176	102518	2	60502			1	3000
1177	102518	3	60503			1	4000
1178	102518	4	60504			1	5000
1179	102518	5	60505			2	6000
1180	102518	6	60506			2	7000
1181	102518	7	60507			2	8000
1182	102518	8	60508			2	9000
1183	102518	9	60509			2	10000
1184	102518	10	60510			3	12000
1185	102518	11	60511			3	14000
1186	102518	12	60512			3	16000
1187	102518	13	60513			3	18000
1188	102518	14	60514			3	20000
1189	102518	15	60515			5	22000
1190	102518	16	60516			5	24000
1191	102518	17	60517			5	26000
1192	102518	18					
1193	102521	1	60201			1	2000
1194	102521	2	60202			1	3000
1195	102521	3	60203			1	4000
1196	102521	4	60204			1	5000
1197	102521	5	60205			2	6000
1198	102521	6	60206			2	7000
1199	102521	7	60207			2	8000
1200	102521	8	60208			2	9000
1201	102521	9	60209			2	10000
1202	102521	10	60210			3	12000
1203	102521	11	60211			3	14000
1204	102521	12	60212			3	16000
1205	102521	13	60213			3	18000
1206	102521	14	60214			3	20000
1207	102521	15	60215			5	22000
1208	102521	16	60216			5	24000
1209	102521	17	60217			5	26000
1210	102521	18					
1211	102522	0	61002			3	25000
1212	102522	1	61002			3	25000
1213	102523	1	60301	61301		1	2000
1214	102523	2	60302	61302		1	3000
1215	102523	3	60303	61303		1	4000
1216	102523	4	60304	61304		1	5000
1217	102523	5	60305	61305		2	6000
1218	102523	6	60306	61306		2	7000
1219	102523	7	60307	61307		2	8000
1220	102523	8	60308	61308		2	9000
1221	102523	9	60309	61309		2	10000
1222	102523	10	60310	61310		3	12000
1223	102523	11	60311	61311		3	14000
1224	102523	12	60312	61312		3	16000
1225	102523	13	60313	61313		3	18000
1226	102523	14	60314	61314		3	20000
1227	102523	15	60315	61315		5	22000
1228	102523	16	60316	61316		5	24000
1229	102523	17	60317	61317		5	26000
1230	102523	18					
1231	102524	0	62004			2	20000
1232	102524	1	62005			3	30000
1233	102524	2	62005			5	50000
1234	102525	0	62006			3	35000
1235	102525	1	62007			4	40000
1236	102525	2	62007			7	75000
1237	102526	0	62008			3	30000
1238	102526	1	62009			3	30000
1239	102526	2	62010			4	40000
1240	102526	3	62010			10	100000
1241	102527	0	60448				
1242	102527	1	60448				
1243	102601	1	60001			1	2000
1244	102601	2	60002			1	3000
1245	102601	3	60003			1	4000
1246	102601	4	60004			1	5000
1247	102601	5	60005			2	6000
1248	102601	6	60006			2	7000
1249	102601	7	60007			2	8000
1250	102601	8	60008			2	9000
1251	102601	9	60009			2	10000
1252	102601	10	60010			3	12000
1253	102601	11	60011			3	14000
1254	102601	12	60012			3	16000
1255	102601	13	60013			3	18000
1256	102601	14	60014			3	20000
1257	102601	15	60015			5	22000
1258	102601	16	60016			5	24000
1259	102601	17	60017			5	26000
1260	102601	18					
1261	102606	1	60101			1	2000
1262	102606	2	60102			1	3000
1263	102606	3	60103			1	4000
1264	102606	4	60104			1	5000
1265	102606	5	60105			2	6000
1266	102606	6	60106			2	7000
1267	102606	7	60107			2	8000
1268	102606	8	60108			2	9000
1269	102606	9	60109			2	10000
1270	102606	10	60110			3	12000
1271	102606	11	60111			3	14000
1272	102606	12	60112			3	16000
1273	102606	13	60113			3	18000
1274	102606	14	60114			3	20000
1275	102606	15	60115			5	22000
1276	102606	16	60116			5	24000
1277	102606	17	60117			5	26000
1278	102606	18					
1279	102611	1	60201			1	2000
1280	102611	2	60202			1	3000
1281	102611	3	60203			1	4000
1282	102611	4	60204			1	5000
1283	102611	5	60205			2	6000
1284	102611	6	60206			2	7000
1285	102611	7	60207			2	8000
1286	102611	8	60208			2	9000
1287	102611	9	60209			2	10000
1288	102611	10	60210			3	12000
1289	102611	11	60211			3	14000
1290	102611	12	60212			3	16000
1291	102611	13	60213			3	18000
1292	102611	14	60214			3	20000
1293	102611	15	60215			5	22000
1294	102611	16	60216			5	24000
1295	102611	17	60217			5	26000
1296	102611	18					
1297	102616	1	60001			1	2000
1298	102616	2	60002			1	3000
1299	102616	3	60003			1	4000
1300	102616	4	60004			1	5000
1301	102616	5	60005			2	6000
1302	102616	6	60006			2	7000
1303	102616	7	60007			2	8000
1304	102616	8	60008			2	9000
1305	102616	9	60009			2	10000
1306	102616	10	60010			3	12000
1307	102616	11	60011			3	14000
1308	102616	12	60012			3	16000
1309	102616	13	60013			3	18000
1310	102616	14	60014			3	20000
1311	102616	15	60015			5	22000
1312	102616	16	60016			5	24000
1313	102616	17	60017			5	26000
1314	102616	18					
1315	102617	1	60101			1	2000
1316	102617	2	60102			1	3000
1317	102617	3	60103			1	4000
1318	102617	4	60104			1	5000
1319	102617	5	60105			2	6000
1320	102617	6	60106			2	7000
1321	102617	7	60107			2	8000
1322	102617	8	60108			2	9000
1323	102617	9	60109			2	10000
1324	102617	10	60110			3	12000
1325	102617	11	60111			3	14000
1326	102617	12	60112			3	16000
1327	102617	13	60113			3	18000
1328	102617	14	60114			3	20000
1329	102617	15	60115			5	22000
1330	102617	16	60116			5	24000
1331	102617	17	60117			5	26000
1332	102617	18					
1333	102618	1	60501			1	2000
1334	102618	2	60502			1	3000
1335	102618	3	60503			1	4000
1336	102618	4	60504			1	5000
1337	102618	5	60505			2	6000
1338	102618	6	60506			2	7000
1339	102618	7	60507			2	8000
1340	102618	8	60508			2	9000
1341	102618	9	60509			2	10000
1342	102618	10	60510			3	12000
1343	102618	11	60511			3	14000
1344	102618	12	60512			3	16000
1345	102618	13	60513			3	18000
1346	102618	14	60514			3	20000
1347	102618	15	60515			5	22000
1348	102618	16	60516			5	24000
1349	102618	17	60517			5	26000
1350	102618	18					
1351	102621	1	60201			1	2000
1352	102621	2	60202			1	3000
1353	102621	3	60203			1	4000
1354	102621	4	60204			1	5000
1355	102621	5	60205			2	6000
1356	102621	6	60206			2	7000
1357	102621	7	60207			2	8000
1358	102621	8	60208			2	9000
1359	102621	9	60209			2	10000
1360	102621	10	60210			3	12000
1361	102621	11	60211			3	14000
1362	102621	12	60212			3	16000
1363	102621	13	60213			3	18000
1364	102621	14	60214			3	20000
1365	102621	15	60215			5	22000
1366	102621	16	60216			5	24000
1367	102621	17	60217			5	26000
1368	102621	18					
1369	102622	0	61002			3	25000
1370	102622	1	61002			3	25000
1371	102623	1	60301	61301		1	2000
1372	102623	2	60302	61302		1	3000
1373	102623	3	60303	61303		1	4000
1374	102623	4	60304	61304		1	5000
1375	102623	5	60305	61305		2	6000
1376	102623	6	60306	61306		2	7000
1377	102623	7	60307	61307		2	8000
1378	102623	8	60308	61308		2	9000
1379	102623	9	60309	61309		2	10000
1380	102623	10	60310	61310		3	12000
1381	102623	11	60311	61311		3	14000
1382	102623	12	60312	61312		3	16000
1383	102623	13	60313	61313		3	18000
1384	102623	14	60314	61314		3	20000
1385	102623	15	60315	61315		5	22000
1386	102623	16	60316	61316		5	24000
1387	102623	17	60317	61317		5	26000
1388	102623	18					
1389	102624	0	62004			2	20000
1390	102624	1	62005			3	30000
1391	102624	2	62005			5	50000
1392	102625	0	62006			3	35000
1393	102625	1	62007			4	40000
1394	102625	2	62007			7	75000
1395	102626	0	62008			3	30000
1396	102626	1	62009			3	30000
1397	102626	2	62010			4	40000
1398	102626	3	62010			10	100000
1399	102627	0	60462				
1400	102627	1	60462				
1401	102701	1	60001			1	2000
1402	102701	2	60002			1	3000
1403	102701	3	60003			1	4000
1404	102701	4	60004			1	5000
1405	102701	5	60005			2	6000
1406	102701	6	60006			2	7000
1407	102701	7	60007			2	8000
1408	102701	8	60008			2	9000
1409	102701	9	60009			2	10000
1410	102701	10	60010			3	12000
1411	102701	11	60011			3	14000
1412	102701	12	60012			3	16000
1413	102701	13	60013			3	18000
1414	102701	14	60014			3	20000
1415	102701	15	60015			5	22000
1416	102701	16	60016			5	24000
1417	102701	17	60017			5	26000
1418	102701	18					
1419	102706	1	60101			1	2000
1420	102706	2	60102			1	3000
1421	102706	3	60103			1	4000
1422	102706	4	60104			1	5000
1423	102706	5	60105			2	6000
1424	102706	6	60106			2	7000
1425	102706	7	60107			2	8000
1426	102706	8	60108			2	9000
1427	102706	9	60109			2	10000
1428	102706	10	60110			3	12000
1429	102706	11	60111			3	14000
1430	102706	12	60112			3	16000
1431	102706	13	60113			3	18000
1432	102706	14	60114			3	20000
1433	102706	15	60115			5	22000
1434	102706	16	60116			5	24000
1435	102706	17	60117			5	26000
1436	102706	18					
1437	102711	1	60201			1	2000
1438	102711	2	60202			1	3000
1439	102711	3	60203			1	4000
1440	102711	4	60204			1	5000
1441	102711	5	60205			2	6000
1442	102711	6	60206			2	7000
1443	102711	7	60207			2	8000
1444	102711	8	60208			2	9000
1445	102711	9	60209			2	10000
1446	102711	10	60210			3	12000
1447	102711	11	60211			3	14000
1448	102711	12	60212			3	16000
1449	102711	13	60213			3	18000
1450	102711	14	60214			3	20000
1451	102711	15	60215			5	22000
1452	102711	16	60216			5	24000
1453	102711	17	60217			5	26000
1454	102711	18					
1455	102716	1	60001			1	2000
1456	102716	2	60002			1	3000
1457	102716	3	60003			1	4000
1458	102716	4	60004			1	5000
1459	102716	5	60005			2	6000
1460	102716	6	60006			2	7000
1461	102716	7	60007			2	8000
1462	102716	8	60008			2	9000
1463	102716	9	60009			2	10000
1464	102716	10	60010			3	12000
1465	102716	11	60011			3	14000
1466	102716	12	60012			3	16000
1467	102716	13	60013			3	18000
1468	102716	14	60014			3	20000
1469	102716	15	60015			5	22000
1470	102716	16	60016			5	24000
1471	102716	17	60017			5	26000
1472	102716	18					
1473	102717	1	60101			1	2000
1474	102717	2	60102			1	3000
1475	102717	3	60103			1	4000
1476	102717	4	60104			1	5000
1477	102717	5	60105			2	6000
1478	102717	6	60106			2	7000
1479	102717	7	60107			2	8000
1480	102717	8	60108			2	9000
1481	102717	9	60109			2	10000
1482	102717	10	60110			3	12000
1483	102717	11	60111			3	14000
1484	102717	12	60112			3	16000
1485	102717	13	60113			3	18000
1486	102717	14	60114			3	20000
1487	102717	15	60115			5	22000
1488	102717	16	60116			5	24000
1489	102717	17	60117			5	26000
1490	102717	18					
1491	102718	1	60501			1	2000
1492	102718	2	60502			1	3000
1493	102718	3	60503			1	4000
1494	102718	4	60504			1	5000
1495	102718	5	60505			2	6000
1496	102718	6	60506			2	7000
1497	102718	7	60507			2	8000
1498	102718	8	60508			2	9000
1499	102718	9	60509			2	10000
1500	102718	10	60510			3	12000
1501	102718	11	60511			3	14000
1502	102718	12	60512			3	16000
1503	102718	13	60513			3	18000
1504	102718	14	60514			3	20000
1505	102718	15	60515			5	22000
1506	102718	16	60516			5	24000
1507	102718	17	60517			5	26000
1508	102718	18					
1509	102721	1	60201			1	2000
1510	102721	2	60202			1	3000
1511	102721	3	60203			1	4000
1512	102721	4	60204			1	5000
1513	102721	5	60205			2	6000
1514	102721	6	60206			2	7000
1515	102721	7	60207			2	8000
1516	102721	8	60208			2	9000
1517	102721	9	60209			2	10000
1518	102721	10	60210			3	12000
1519	102721	11	60211			3	14000
1520	102721	12	60212			3	16000
1521	102721	13	60213			3	18000
1522	102721	14	60214			3	20000
1523	102721	15	60215			5	22000
1524	102721	16	60216			5	24000
1525	102721	17	60217			5	26000
1526	102721	18					
1527	102722	0	61002			3	25000
1528	102722	1	61002			3	25000
1529	102723	1	60301	61301		1	2000
1530	102723	2	60302	61302		1	3000
1531	102723	3	60303	61303		1	4000
1532	102723	4	60304	61304		1	5000
1533	102723	5	60305	61305		2	6000
1534	102723	6	60306	61306		2	7000
1535	102723	7	60307	61307		2	8000
1536	102723	8	60308	61308		2	9000
1537	102723	9	60309	61309		2	10000
1538	102723	10	60310	61310		3	12000
1539	102723	11	60311	61311		3	14000
1540	102723	12	60312	61312		3	16000
1541	102723	13	60313	61313		3	18000
1542	102723	14	60314	61314		3	20000
1543	102723	15	60315	61315		5	22000
1544	102723	16	60316	61316		5	24000
1545	102723	17	60317	61317		5	26000
1546	102723	18					
1547	102724	0	62004			2	20000
1548	102724	1	62005			3	30000
1549	102724	2	62005			5	50000
1550	102725	0	62006			3	35000
1551	102725	1	62007			4	40000
1552	102725	2	62007			7	75000
1553	102726	0	62008			3	30000
1554	102726	1	62009			3	30000
1555	102726	2	62010			4	40000
1556	102726	3	62010			10	100000
1557	102727	0	60480				
1558	102727	1	60480				
1559	102728	1	60201			1	2000
1560	102728	2	60202			1	3000
1561	102728	3	60203			1	4000
1562	102728	4	60204			1	5000
1563	102728	5	60205			2	6000
1564	102728	6	60206			2	7000
1565	102728	7	60207			2	8000
1566	102728	8	60208			2	9000
1567	102728	9	60209			2	10000
1568	102728	10	60210			3	12000
1569	102728	11	60211			3	14000
1570	102728	12	60212			3	16000
1571	102728	13	60213			3	18000
1572	102728	14	60214			3	20000
1573	102728	15	60215			5	22000
1574	102728	16	60216			5	24000
1575	102728	17	60217			5	26000
1576	102728	18					
1577	102729	1	60501			1	2000
1578	102729	2	60502			1	3000
1579	102729	3	60503			1	4000
1580	102729	4	60504			1	5000
1581	102729	5	60505			2	6000
1582	102729	6	60506			2	7000
1583	102729	7	60507			2	8000
1584	102729	8	60508			2	9000
1585	102729	9	60509			2	10000
1586	102729	10	60510			3	12000
1587	102729	11	60511			3	14000
1588	102729	12	60512			3	16000
1589	102729	13	60513			3	18000
1590	102729	14	60514			3	20000
1591	102729	15	60515			5	22000
1592	102729	16	60516			5	24000
1593	102729	17	60517			5	26000
1594	102729	18					
1595	103101	1	60001			1	2000
1596	103101	2	60002			1	3000
1597	103101	3	60003			1	4000
1598	103101	4	60004			1	5000
1599	103101	5	60005			2	6000
1600	103101	6	60006			2	7000
1601	103101	7	60007			2	8000
1602	103101	8	60008			2	9000
1603	103101	9	60009			2	10000
1604	103101	10	60010			3	12000
1605	103101	11	60011			3	14000
1606	103101	12	60012			3	16000
1607	103101	13	60013			3	18000
1608	103101	14	60014			3	20000
1609	103101	15	60015			5	22000
1610	103101	16	60016			5	24000
1611	103101	17	60017			5	26000
1612	103101	18					
1613	103106	1	60101			1	2000
1614	103106	2	60102			1	3000
1615	103106	3	60103			1	4000
1616	103106	4	60104			1	5000
1617	103106	5	60105			2	6000
1618	103106	6	60106			2	7000
1619	103106	7	60107			2	8000
1620	103106	8	60108			2	9000
1621	103106	9	60109			2	10000
1622	103106	10	60110			3	12000
1623	103106	11	60111			3	14000
1624	103106	12	60112			3	16000
1625	103106	13	60113			3	18000
1626	103106	14	60114			3	20000
1627	103106	15	60115			5	22000
1628	103106	16	60116			5	24000
1629	103106	17	60117			5	26000
1630	103106	18					
1631	103111	1	60201			1	2000
1632	103111	2	60202			1	3000
1633	103111	3	60203			1	4000
1634	103111	4	60204			1	5000
1635	103111	5	60205			2	6000
1636	103111	6	60206			2	7000
1637	103111	7	60207			2	8000
1638	103111	8	60208			2	9000
1639	103111	9	60209			2	10000
1640	103111	10	60210			3	12000
1641	103111	11	60211			3	14000
1642	103111	12	60212			3	16000
1643	103111	13	60213			3	18000
1644	103111	14	60214			3	20000
1645	103111	15	60215			5	22000
1646	103111	16	60216			5	24000
1647	103111	17	60217			5	26000
1648	103111	18					
1649	103116	1	60001			1	2000
1650	103116	2	60002			1	3000
1651	103116	3	60003			1	4000
1652	103116	4	60004			1	5000
1653	103116	5	60005			2	6000
1654	103116	6	60006			2	7000
1655	103116	7	60007			2	8000
1656	103116	8	60008			2	9000
1657	103116	9	60009			2	10000
1658	103116	10	60010			3	12000
1659	103116	11	60011			3	14000
1660	103116	12	60012			3	16000
1661	103116	13	60013			3	18000
1662	103116	14	60014			3	20000
1663	103116	15	60015			5	22000
1664	103116	16	60016			5	24000
1665	103116	17	60017			5	26000
1666	103116	18					
1667	103117	1	60101			1	2000
1668	103117	2	60102			1	3000
1669	103117	3	60103			1	4000
1670	103117	4	60104			1	5000
1671	103117	5	60105			2	6000
1672	103117	6	60106			2	7000
1673	103117	7	60107			2	8000
1674	103117	8	60108			2	9000
1675	103117	9	60109			2	10000
1676	103117	10	60110			3	12000
1677	103117	11	60111			3	14000
1678	103117	12	60112			3	16000
1679	103117	13	60113			3	18000
1680	103117	14	60114			3	20000
1681	103117	15	60115			5	22000
1682	103117	16	60116			5	24000
1683	103117	17	60117			5	26000
1684	103117	18					
1685	103118	1	60501			1	2000
1686	103118	2	60502			1	3000
1687	103118	3	60503			1	4000
1688	103118	4	60504			1	5000
1689	103118	5	60505			2	6000
1690	103118	6	60506			2	7000
1691	103118	7	60507			2	8000
1692	103118	8	60508			2	9000
1693	103118	9	60509			2	10000
1694	103118	10	60510			3	12000
1695	103118	11	60511			3	14000
1696	103118	12	60512			3	16000
1697	103118	13	60513			3	18000
1698	103118	14	60514			3	20000
1699	103118	15	60515			5	22000
1700	103118	16	60516			5	24000
1701	103118	17	60517			5	26000
1702	103118	18					
1703	103121	1	60301			1	2000
1704	103121	2	60302			1	3000
1705	103121	3	60303			1	4000
1706	103121	4	60304			1	5000
1707	103121	5	60305			2	6000
1708	103121	6	60306			2	7000
1709	103121	7	60307			2	8000
1710	103121	8	60308			2	9000
1711	103121	9	60309			2	10000
1712	103121	10	60310			3	12000
1713	103121	11	60311			3	14000
1714	103121	12	60312			3	16000
1715	103121	13	60313			3	18000
1716	103121	14	60314			3	20000
1717	103121	15	60315			5	22000
1718	103121	16	60316			5	24000
1719	103121	17	60317			5	26000
1720	103121	18					
1721	103122	0	61002			3	25000
1722	103122	1	61002			3	25000
1723	103123	1	60301	61301		1	2000
1724	103123	2	60302	61302		1	3000
1725	103123	3	60303	61303		1	4000
1726	103123	4	60304	61304		1	5000
1727	103123	5	60305	61305		2	6000
1728	103123	6	60306	61306		2	7000
1729	103123	7	60307	61307		2	8000
1730	103123	8	60308	61308		2	9000
1731	103123	9	60309	61309		2	10000
1732	103123	10	60310	61310		3	12000
1733	103123	11	60311	61311		3	14000
1734	103123	12	60312	61312		3	16000
1735	103123	13	60313	61313		3	18000
1736	103123	14	60314	61314		3	20000
1737	103123	15	60315	61315		5	22000
1738	103123	16	60316	61316		5	24000
1739	103123	17	60317	61317		5	26000
1740	103123	18	61003				
1741	103124	0	61004			5	50000
1742	103124	1	61004			5	50000
1743	103125	0	61005			7	75000
1744	103125	1	61005			7	75000
1745	103126	0	61006			10	100000
1746	103126	1	61006			10	100000
1747	103127	0	60402				
1748	103127	1	60402				
1749	103201	1	60001			1	2000
1750	103201	2	60002			1	3000
1751	103201	3	60003			1	4000
1752	103201	4	60004			1	5000
1753	103201	5	60005			2	6000
1754	103201	6	60006			2	7000
1755	103201	7	60007			2	8000
1756	103201	8	60008			2	9000
1757	103201	9	60009			2	10000
1758	103201	10	60010			3	12000
1759	103201	11	60011			3	14000
1760	103201	12	60012			3	16000
1761	103201	13	60013			3	18000
1762	103201	14	60014			3	20000
1763	103201	15	60015			5	22000
1764	103201	16	60016			5	24000
1765	103201	17	60017			5	26000
1766	103201	18					
1767	103206	1	60101			1	2000
1768	103206	2	60102			1	3000
1769	103206	3	60103			1	4000
1770	103206	4	60104			1	5000
1771	103206	5	60105			2	6000
1772	103206	6	60106			2	7000
1773	103206	7	60107			2	8000
1774	103206	8	60108			2	9000
1775	103206	9	60109			2	10000
1776	103206	10	60110			3	12000
1777	103206	11	60111			3	14000
1778	103206	12	60112			3	16000
1779	103206	13	60113			3	18000
1780	103206	14	60114			3	20000
1781	103206	15	60115			5	22000
1782	103206	16	60116			5	24000
1783	103206	17	60117			5	26000
1784	103206	18					
1785	103211	1	60201			1	2000
1786	103211	2	60202			1	3000
1787	103211	3	60203			1	4000
1788	103211	4	60204			1	5000
1789	103211	5	60205			2	6000
1790	103211	6	60206			2	7000
1791	103211	7	60207			2	8000
1792	103211	8	60208			2	9000
1793	103211	9	60209			2	10000
1794	103211	10	60210			3	12000
1795	103211	11	60211			3	14000
1796	103211	12	60212			3	16000
1797	103211	13	60213			3	18000
1798	103211	14	60214			3	20000
1799	103211	15	60215			5	22000
1800	103211	16	60216			5	24000
1801	103211	17	60217			5	26000
1802	103211	18					
1803	103216	1	60001			1	2000
1804	103216	2	60002			1	3000
1805	103216	3	60003			1	4000
1806	103216	4	60004			1	5000
1807	103216	5	60005			2	6000
1808	103216	6	60006			2	7000
1809	103216	7	60007			2	8000
1810	103216	8	60008			2	9000
1811	103216	9	60009			2	10000
1812	103216	10	60010			3	12000
1813	103216	11	60011			3	14000
1814	103216	12	60012			3	16000
1815	103216	13	60013			3	18000
1816	103216	14	60014			3	20000
1817	103216	15	60015			5	22000
1818	103216	16	60016			5	24000
1819	103216	17	60017			5	26000
1820	103216	18					
1821	103217	1	60101			1	2000
1822	103217	2	60102			1	3000
1823	103217	3	60103			1	4000
1824	103217	4	60104			1	5000
1825	103217	5	60105			2	6000
1826	103217	6	60106			2	7000
1827	103217	7	60107			2	8000
1828	103217	8	60108			2	9000
1829	103217	9	60109			2	10000
1830	103217	10	60110			3	12000
1831	103217	11	60111			3	14000
1832	103217	12	60112			3	16000
1833	103217	13	60113			3	18000
1834	103217	14	60114			3	20000
1835	103217	15	60115			5	22000
1836	103217	16	60116			5	24000
1837	103217	17	60117			5	26000
1838	103217	18					
1839	103218	1	60501			1	2000
1840	103218	2	60502			1	3000
1841	103218	3	60503			1	4000
1842	103218	4	60504			1	5000
1843	103218	5	60505			2	6000
1844	103218	6	60506			2	7000
1845	103218	7	60507			2	8000
1846	103218	8	60508			2	9000
1847	103218	9	60509			2	10000
1848	103218	10	60510			3	12000
1849	103218	11	60511			3	14000
1850	103218	12	60512			3	16000
1851	103218	13	60513			3	18000
1852	103218	14	60514			3	20000
1853	103218	15	60515			5	22000
1854	103218	16	60516			5	24000
1855	103218	17	60517			5	26000
1856	103218	18					
1857	103221	1	60201			1	2000
1858	103221	2	60202			1	3000
1859	103221	3	60203			1	4000
1860	103221	4	60204			1	5000
1861	103221	5	60205			2	6000
1862	103221	6	60206			2	7000
1863	103221	7	60207			2	8000
1864	103221	8	60208			2	9000
1865	103221	9	60209			2	10000
1866	103221	10	60210			3	12000
1867	103221	11	60211			3	14000
1868	103221	12	60212			3	16000
1869	103221	13	60213			3	18000
1870	103221	14	60214			3	20000
1871	103221	15	60215			5	22000
1872	103221	16	60216			5	24000
1873	103221	17	60217			5	26000
1874	103221	18					
1875	103222	0	61002			3	25000
1876	103222	1	61002			3	25000
1877	103223	1	60301	61301		1	2000
1878	103223	2	60302	61302		1	3000
1879	103223	3	60303	61303		1	4000
1880	103223	4	60304	61304		1	5000
1881	103223	5	60305	61305		2	6000
1882	103223	6	60306	61306		2	7000
1883	103223	7	60307	61307		2	8000
1884	103223	8	60308	61308		2	9000
1885	103223	9	60309	61309		2	10000
1886	103223	10	60310	61310		3	12000
1887	103223	11	60311	61311		3	14000
1888	103223	12	60312	61312		3	16000
1889	103223	13	60313	61313		3	18000
1890	103223	14	60314	61314		3	20000
1891	103223	15	60315	61315		5	22000
1892	103223	16	60316	61316		5	24000
1893	103223	17	60317	61317		5	26000
1894	103223	18					
1895	103224	0	61004			5	50000
1896	103224	1	61004			5	50000
1897	103225	0	61005			7	75000
1898	103225	1	61005			7	75000
1899	103226	0	61006			10	100000
1900	103226	1	61006			10	100000
1901	103227	0	60409				
1902	103227	1	60409				
1903	103301	1	60001			1	2000
1904	103301	2	60002			1	3000
1905	103301	3	60003			1	4000
1906	103301	4	60004			1	5000
1907	103301	5	60005			2	6000
1908	103301	6	60006			2	7000
1909	103301	7	60007			2	8000
1910	103301	8	60008			2	9000
1911	103301	9	60009			2	10000
1912	103301	10	60010			3	12000
1913	103301	11	60011			3	14000
1914	103301	12	60012			3	16000
1915	103301	13	60013			3	18000
1916	103301	14	60014			3	20000
1917	103301	15	60015			5	22000
1918	103301	16	60016			5	24000
1919	103301	17	60017			5	26000
1920	103301	18					
1921	103306	1	60101			1	2000
1922	103306	2	60102			1	3000
1923	103306	3	60103			1	4000
1924	103306	4	60104			1	5000
1925	103306	5	60105			2	6000
1926	103306	6	60106			2	7000
1927	103306	7	60107			2	8000
1928	103306	8	60108			2	9000
1929	103306	9	60109			2	10000
1930	103306	10	60110			3	12000
1931	103306	11	60111			3	14000
1932	103306	12	60112			3	16000
1933	103306	13	60113			3	18000
1934	103306	14	60114			3	20000
1935	103306	15	60115			5	22000
1936	103306	16	60116			5	24000
1937	103306	17	60117			5	26000
1938	103306	18					
1939	103311	1	60201			1	2000
1940	103311	2	60202			1	3000
1941	103311	3	60203			1	4000
1942	103311	4	60204			1	5000
1943	103311	5	60205			2	6000
1944	103311	6	60206			2	7000
1945	103311	7	60207			2	8000
1946	103311	8	60208			2	9000
1947	103311	9	60209			2	10000
1948	103311	10	60210			3	12000
1949	103311	11	60211			3	14000
1950	103311	12	60212			3	16000
1951	103311	13	60213			3	18000
1952	103311	14	60214			3	20000
1953	103311	15	60215			5	22000
1954	103311	16	60216			5	24000
1955	103311	17	60217			5	26000
1956	103311	18					
1957	103316	1	60001			1	2000
1958	103316	2	60002			1	3000
1959	103316	3	60003			1	4000
1960	103316	4	60004			1	5000
1961	103316	5	60005			2	6000
1962	103316	6	60006			2	7000
1963	103316	7	60007			2	8000
1964	103316	8	60008			2	9000
1965	103316	9	60009			2	10000
1966	103316	10	60010			3	12000
1967	103316	11	60011			3	14000
1968	103316	12	60012			3	16000
1969	103316	13	60013			3	18000
1970	103316	14	60014			3	20000
1971	103316	15	60015			5	22000
1972	103316	16	60016			5	24000
1973	103316	17	60017			5	26000
1974	103316	18					
1975	103317	1	60101			1	2000
1976	103317	2	60102			1	3000
1977	103317	3	60103			1	4000
1978	103317	4	60104			1	5000
1979	103317	5	60105			2	6000
1980	103317	6	60106			2	7000
1981	103317	7	60107			2	8000
1982	103317	8	60108			2	9000
1983	103317	9	60109			2	10000
1984	103317	10	60110			3	12000
1985	103317	11	60111			3	14000
1986	103317	12	60112			3	16000
1987	103317	13	60113			3	18000
1988	103317	14	60114			3	20000
1989	103317	15	60115			5	22000
1990	103317	16	60116			5	24000
1991	103317	17	60117			5	26000
1992	103317	18					
1993	103318	1	60501			1	2000
1994	103318	2	60502			1	3000
1995	103318	3	60503			1	4000
1996	103318	4	60504			1	5000
1997	103318	5	60505			2	6000
1998	103318	6	60506			2	7000
1999	103318	7	60507			2	8000
2000	103318	8	60508			2	9000
2001	103318	9	60509			2	10000
2002	103318	10	60510			3	12000
2003	103318	11	60511			3	14000
2004	103318	12	60512			3	16000
2005	103318	13	60513			3	18000
2006	103318	14	60514			3	20000
2007	103318	15	60515			5	22000
2008	103318	16	60516			5	24000
2009	103318	17	60517			5	26000
2010	103318	18					
2011	103321	1	60201			1	2000
2012	103321	2	60202			1	3000
2013	103321	3	60203			1	4000
2014	103321	4	60204			1	5000
2015	103321	5	60205			2	6000
2016	103321	6	60206			2	7000
2017	103321	7	60207			2	8000
2018	103321	8	60208			2	9000
2019	103321	9	60209			2	10000
2020	103321	10	60210			3	12000
2021	103321	11	60211			3	14000
2022	103321	12	60212			3	16000
2023	103321	13	60213			3	18000
2024	103321	14	60214			3	20000
2025	103321	15	60215			5	22000
2026	103321	16	60216			5	24000
2027	103321	17	60217			5	26000
2028	103321	18					
2029	103322	0	61002			3	25000
2030	103322	1	61002			3	25000
2031	103323	1	60301	61301		1	2000
2032	103323	2	60302	61302		1	3000
2033	103323	3	60303	61303		1	4000
2034	103323	4	60304	61304		1	5000
2035	103323	5	60305	61305		2	6000
2036	103323	6	60306	61306		2	7000
2037	103323	7	60307	61307		2	8000
2038	103323	8	60308	61308		2	9000
2039	103323	9	60309	61309		2	10000
2040	103323	10	60310	61310		3	12000
2041	103323	11	60311	61311		3	14000
2042	103323	12	60312	61312		3	16000
2043	103323	13	60313	61313		3	18000
2044	103323	14	60314	61314		3	20000
2045	103323	15	60315	61315		5	22000
2046	103323	16	60316	61316		5	24000
2047	103323	17	60317	61317		5	26000
2048	103323	18					
2049	103324	0	61004			5	50000
2050	103324	1	61004			5	50000
2051	103325	0	61005			7	75000
2052	103325	1	61005			7	75000
2053	103326	0	61006			10	100000
2054	103326	1	61006			10	100000
2055	103327	0	60410				
2056	103327	1	60410				
2057	103401	1	60001			1	2000
2058	103401	2	60002			1	3000
2059	103401	3	60003			1	4000
2060	103401	4	60004			1	5000
2061	103401	5	60005			2	6000
2062	103401	6	60006			2	7000
2063	103401	7	60007			2	8000
2064	103401	8	60008			2	9000
2065	103401	9	60009			2	10000
2066	103401	10	60010			3	12000
2067	103401	11	60011			3	14000
2068	103401	12	60012			3	16000
2069	103401	13	60013			3	18000
2070	103401	14	60014			3	20000
2071	103401	15	60015			5	22000
2072	103401	16	60016			5	24000
2073	103401	17	60017			5	26000
2074	103401	18					
2075	103406	1	60101			1	2000
2076	103406	2	60102			1	3000
2077	103406	3	60103			1	4000
2078	103406	4	60104			1	5000
2079	103406	5	60105			2	6000
2080	103406	6	60106			2	7000
2081	103406	7	60107			2	8000
2082	103406	8	60108			2	9000
2083	103406	9	60109			2	10000
2084	103406	10	60110			3	12000
2085	103406	11	60111			3	14000
2086	103406	12	60112			3	16000
2087	103406	13	60113			3	18000
2088	103406	14	60114			3	20000
2089	103406	15	60115			5	22000
2090	103406	16	60116			5	24000
2091	103406	17	60117			5	26000
2092	103406	18					
2093	103411	1	60201			1	2000
2094	103411	2	60202			1	3000
2095	103411	3	60203			1	4000
2096	103411	4	60204			1	5000
2097	103411	5	60205			2	6000
2098	103411	6	60206			2	7000
2099	103411	7	60207			2	8000
2100	103411	8	60208			2	9000
2101	103411	9	60209			2	10000
2102	103411	10	60210			3	12000
2103	103411	11	60211			3	14000
2104	103411	12	60212			3	16000
2105	103411	13	60213			3	18000
2106	103411	14	60214			3	20000
2107	103411	15	60215			5	22000
2108	103411	16	60216			5	24000
2109	103411	17	60217			5	26000
2110	103411	18					
2111	103416	1	60001			1	2000
2112	103416	2	60002			1	3000
2113	103416	3	60003			1	4000
2114	103416	4	60004			1	5000
2115	103416	5	60005			2	6000
2116	103416	6	60006			2	7000
2117	103416	7	60007			2	8000
2118	103416	8	60008			2	9000
2119	103416	9	60009			2	10000
2120	103416	10	60010			3	12000
2121	103416	11	60011			3	14000
2122	103416	12	60012			3	16000
2123	103416	13	60013			3	18000
2124	103416	14	60014			3	20000
2125	103416	15	60015			5	22000
2126	103416	16	60016			5	24000
2127	103416	17	60017			5	26000
2128	103416	18					
2129	103417	1	60101			1	2000
2130	103417	2	60102			1	3000
2131	103417	3	60103			1	4000
2132	103417	4	60104			1	5000
2133	103417	5	60105			2	6000
2134	103417	6	60106			2	7000
2135	103417	7	60107			2	8000
2136	103417	8	60108			2	9000
2137	103417	9	60109			2	10000
2138	103417	10	60110			3	12000
2139	103417	11	60111			3	14000
2140	103417	12	60112			3	16000
2141	103417	13	60113			3	18000
2142	103417	14	60114			3	20000
2143	103417	15	60115			5	22000
2144	103417	16	60116			5	24000
2145	103417	17	60117			5	26000
2146	103417	18					
2147	103418	1	60501			1	2000
2148	103418	2	60502			1	3000
2149	103418	3	60503			1	4000
2150	103418	4	60504			1	5000
2151	103418	5	60505			2	6000
2152	103418	6	60506			2	7000
2153	103418	7	60507			2	8000
2154	103418	8	60508			2	9000
2155	103418	9	60509			2	10000
2156	103418	10	60510			3	12000
2157	103418	11	60511			3	14000
2158	103418	12	60512			3	16000
2159	103418	13	60513			3	18000
2160	103418	14	60514			3	20000
2161	103418	15	60515			5	22000
2162	103418	16	60516			5	24000
2163	103418	17	60517			5	26000
2164	103418	18					
2165	103421	1	60201			1	2000
2166	103421	2	60202			1	3000
2167	103421	3	60203			1	4000
2168	103421	4	60204			1	5000
2169	103421	5	60205			2	6000
2170	103421	6	60206			2	7000
2171	103421	7	60207			2	8000
2172	103421	8	60208			2	9000
2173	103421	9	60209			2	10000
2174	103421	10	60210			3	12000
2175	103421	11	60211			3	14000
2176	103421	12	60212			3	16000
2177	103421	13	60213			3	18000
2178	103421	14	60214			3	20000
2179	103421	15	60215			5	22000
2180	103421	16	60216			5	24000
2181	103421	17	60217			5	26000
2182	103421	18					
2183	103422	0	61002			3	25000
2184	103422	1	61002			3	25000
2185	103423	1	60301	61301		1	2000
2186	103423	2	60302	61302		1	3000
2187	103423	3	60303	61303		1	4000
2188	103423	4	60304	61304		1	5000
2189	103423	5	60305	61305		2	6000
2190	103423	6	60306	61306		2	7000
2191	103423	7	60307	61307		2	8000
2192	103423	8	60308	61308		2	9000
2193	103423	9	60309	61309		2	10000
2194	103423	10	60310	61310		3	12000
2195	103423	11	60311	61311		3	14000
2196	103423	12	60312	61312		3	16000
2197	103423	13	60313	61313		3	18000
2198	103423	14	60314	61314		3	20000
2199	103423	15	60315	61315		5	22000
2200	103423	16	60316	61316		5	24000
2201	103423	17	60317	61317		5	26000
2202	103423	18					
2203	103424	0	61004			5	50000
2204	103424	1	61004			5	50000
2205	103425	0	61005			7	75000
2206	103425	1	61005			7	75000
2207	103426	0	61006			10	100000
2208	103426	1	61006			10	100000
2209	103427	0	60437				
2210	103427	1	60437				
2211	103428	1	60201			1	2000
2212	103428	2	60202			1	3000
2213	103428	3	60203			1	4000
2214	103428	4	60204			1	5000
2215	103428	5	60205			2	6000
2216	103428	6	60206			2	7000
2217	103428	7	60207			2	8000
2218	103428	8	60208			2	9000
2219	103428	9	60209			2	10000
2220	103428	10	60210			3	12000
2221	103428	11	60211			3	14000
2222	103428	12	60212			3	16000
2223	103428	13	60213			3	18000
2224	103428	14	60214			3	20000
2225	103428	15	60215			5	22000
2226	103428	16	60216			5	24000
2227	103428	17	60217			5	26000
2228	103428	18					
2229	103501	1	60001			1	2000
2230	103501	2	60002			1	3000
2231	103501	3	60003			1	4000
2232	103501	4	60004			1	5000
2233	103501	5	60005			2	6000
2234	103501	6	60006			2	7000
2235	103501	7	60007			2	8000
2236	103501	8	60008			2	9000
2237	103501	9	60009			2	10000
2238	103501	10	60010			3	12000
2239	103501	11	60011			3	14000
2240	103501	12	60012			3	16000
2241	103501	13	60013			3	18000
2242	103501	14	60014			3	20000
2243	103501	15	60015			5	22000
2244	103501	16	60016			5	24000
2245	103501	17	60017			5	26000
2246	103501	18					
2247	103506	1	60101			1	2000
2248	103506	2	60102			1	3000
2249	103506	3	60103			1	4000
2250	103506	4	60104			1	5000
2251	103506	5	60105			2	6000
2252	103506	6	60106			2	7000
2253	103506	7	60107			2	8000
2254	103506	8	60108			2	9000
2255	103506	9	60109			2	10000
2256	103506	10	60110			3	12000
2257	103506	11	60111			3	14000
2258	103506	12	60112			3	16000
2259	103506	13	60113			3	18000
2260	103506	14	60114			3	20000
2261	103506	15	60115			5	22000
2262	103506	16	60116			5	24000
2263	103506	17	60117			5	26000
2264	103506	18					
2265	103511	1	60201			1	2000
2266	103511	2	60202			1	3000
2267	103511	3	60203			1	4000
2268	103511	4	60204			1	5000
2269	103511	5	60205			2	6000
2270	103511	6	60206			2	7000
2271	103511	7	60207			2	8000
2272	103511	8	60208			2	9000
2273	103511	9	60209			2	10000
2274	103511	10	60210			3	12000
2275	103511	11	60211			3	14000
2276	103511	12	60212			3	16000
2277	103511	13	60213			3	18000
2278	103511	14	60214			3	20000
2279	103511	15	60215			5	22000
2280	103511	16	60216			5	24000
2281	103511	17	60217			5	26000
2282	103511	18					
2283	103516	1	60001			1	2000
2284	103516	2	60002			1	3000
2285	103516	3	60003			1	4000
2286	103516	4	60004			1	5000
2287	103516	5	60005			2	6000
2288	103516	6	60006			2	7000
2289	103516	7	60007			2	8000
2290	103516	8	60008			2	9000
2291	103516	9	60009			2	10000
2292	103516	10	60010			3	12000
2293	103516	11	60011			3	14000
2294	103516	12	60012			3	16000
2295	103516	13	60013			3	18000
2296	103516	14	60014			3	20000
2297	103516	15	60015			5	22000
2298	103516	16	60016			5	24000
2299	103516	17	60017			5	26000
2300	103516	18					
2301	103517	1	60101			1	2000
2302	103517	2	60102			1	3000
2303	103517	3	60103			1	4000
2304	103517	4	60104			1	5000
2305	103517	5	60105			2	6000
2306	103517	6	60106			2	7000
2307	103517	7	60107			2	8000
2308	103517	8	60108			2	9000
2309	103517	9	60109			2	10000
2310	103517	10	60110			3	12000
2311	103517	11	60111			3	14000
2312	103517	12	60112			3	16000
2313	103517	13	60113			3	18000
2314	103517	14	60114			3	20000
2315	103517	15	60115			5	22000
2316	103517	16	60116			5	24000
2317	103517	17	60117			5	26000
2318	103517	18					
2319	103518	1	60501			1	2000
2320	103518	2	60502			1	3000
2321	103518	3	60503			1	4000
2322	103518	4	60504			1	5000
2323	103518	5	60505			2	6000
2324	103518	6	60506			2	7000
2325	103518	7	60507			2	8000
2326	103518	8	60508			2	9000
2327	103518	9	60509			2	10000
2328	103518	10	60510			3	12000
2329	103518	11	60511			3	14000
2330	103518	12	60512			3	16000
2331	103518	13	60513			3	18000
2332	103518	14	60514			3	20000
2333	103518	15	60515			5	22000
2334	103518	16	60516			5	24000
2335	103518	17	60517			5	26000
2336	103518	18					
2337	103521	1	60201			1	2000
2338	103521	2	60202			1	3000
2339	103521	3	60203			1	4000
2340	103521	4	60204			1	5000
2341	103521	5	60205			2	6000
2342	103521	6	60206			2	7000
2343	103521	7	60207			2	8000
2344	103521	8	60208			2	9000
2345	103521	9	60209			2	10000
2346	103521	10	60210			3	12000
2347	103521	11	60211			3	14000
2348	103521	12	60212			3	16000
2349	103521	13	60213			3	18000
2350	103521	14	60214			3	20000
2351	103521	15	60215			5	22000
2352	103521	16	60216			5	24000
2353	103521	17	60217			5	26000
2354	103521	18					
2355	103522	0	61002			3	25000
2356	103522	1	61002			3	25000
2357	103523	1	60301	61301		1	2000
2358	103523	2	60302	61302		1	3000
2359	103523	3	60303	61303		1	4000
2360	103523	4	60304	61304		1	5000
2361	103523	5	60305	61305		2	6000
2362	103523	6	60306	61306		2	7000
2363	103523	7	60307	61307		2	8000
2364	103523	8	60308	61308		2	9000
2365	103523	9	60309	61309		2	10000
2366	103523	10	60310	61310		3	12000
2367	103523	11	60311	61311		3	14000
2368	103523	12	60312	61312		3	16000
2369	103523	13	60313	61313		3	18000
2370	103523	14	60314	61314		3	20000
2371	103523	15	60315	61315		5	22000
2372	103523	16	60316	61316		5	24000
2373	103523	17	60317	61317		5	26000
2374	103523	18					
2375	103524	0	62004			2	20000
2376	103524	1	62005			3	30000
2377	103524	2	62005			5	50000
2378	103525	0	62006			3	35000
2379	103525	1	62007			4	40000
2380	103525	2	62007			7	75000
2381	103526	0	62008			3	30000
2382	103526	1	62009			3	30000
2383	103526	2	62010			4	40000
2384	103526	3	62010			10	100000
2385	103527	0	60475				
2386	103527	1	60475				
2387	103528	1	60501			1	2000
2388	103528	2	60502			1	3000
2389	103528	3	60503			1	4000
2390	103528	4	60504			1	5000
2391	103528	5	60505			2	6000
2392	103528	6	60506			2	7000
2393	103528	7	60507			2	8000
2394	103528	8	60508			2	9000
2395	103528	9	60509			2	10000
2396	103528	10	60510			3	12000
2397	103528	11	60511			3	14000
2398	103528	12	60512			3	16000
2399	103528	13	60513			3	18000
2400	103528	14	60514			3	20000
2401	103528	15	60515			5	22000
2402	103528	16	60516			5	24000
2403	103528	17	60517			5	26000
2404	103528	18					
2405	104201	1	60001			1	2000
2406	104201	2	60002			1	3000
2407	104201	3	60003			1	4000
2408	104201	4	60004			1	5000
2409	104201	5	60005			2	6000
2410	104201	6	60006			2	7000
2411	104201	7	60007			2	8000
2412	104201	8	60008			2	9000
2413	104201	9	60009			2	10000
2414	104201	10	60010			3	12000
2415	104201	11	60011			3	14000
2416	104201	12	60012			3	16000
2417	104201	13	60013			3	18000
2418	104201	14	60014			3	20000
2419	104201	15	60015			5	22000
2420	104201	16	60016			5	24000
2421	104201	17	60017			5	26000
2422	104201	18					
2423	104206	1	60101			1	2000
2424	104206	2	60102			1	3000
2425	104206	3	60103			1	4000
2426	104206	4	60104			1	5000
2427	104206	5	60105			2	6000
2428	104206	6	60106			2	7000
2429	104206	7	60107			2	8000
2430	104206	8	60108			2	9000
2431	104206	9	60109			2	10000
2432	104206	10	60110			3	12000
2433	104206	11	60111			3	14000
2434	104206	12	60112			3	16000
2435	104206	13	60113			3	18000
2436	104206	14	60114			3	20000
2437	104206	15	60115			5	22000
2438	104206	16	60116			5	24000
2439	104206	17	60117			5	26000
2440	104206	18					
2441	104211	1	60201			1	2000
2442	104211	2	60202			1	3000
2443	104211	3	60203			1	4000
2444	104211	4	60204			1	5000
2445	104211	5	60205			2	6000
2446	104211	6	60206			2	7000
2447	104211	7	60207			2	8000
2448	104211	8	60208			2	9000
2449	104211	9	60209			2	10000
2450	104211	10	60210			3	12000
2451	104211	11	60211			3	14000
2452	104211	12	60212			3	16000
2453	104211	13	60213			3	18000
2454	104211	14	60214			3	20000
2455	104211	15	60215			5	22000
2456	104211	16	60216			5	24000
2457	104211	17	60217			5	26000
2458	104211	18					
2459	104216	1	60001			1	2000
2460	104216	2	60002			1	3000
2461	104216	3	60003			1	4000
2462	104216	4	60004			1	5000
2463	104216	5	60005			2	6000
2464	104216	6	60006			2	7000
2465	104216	7	60007			2	8000
2466	104216	8	60008			2	9000
2467	104216	9	60009			2	10000
2468	104216	10	60010			3	12000
2469	104216	11	60011			3	14000
2470	104216	12	60012			3	16000
2471	104216	13	60013			3	18000
2472	104216	14	60014			3	20000
2473	104216	15	60015			5	22000
2474	104216	16	60016			5	24000
2475	104216	17	60017			5	26000
2476	104216	18					
2477	104217	1	60101			1	2000
2478	104217	2	60102			1	3000
2479	104217	3	60103			1	4000
2480	104217	4	60104			1	5000
2481	104217	5	60105			2	6000
2482	104217	6	60106			2	7000
2483	104217	7	60107			2	8000
2484	104217	8	60108			2	9000
2485	104217	9	60109			2	10000
2486	104217	10	60110			3	12000
2487	104217	11	60111			3	14000
2488	104217	12	60112			3	16000
2489	104217	13	60113			3	18000
2490	104217	14	60114			3	20000
2491	104217	15	60115			5	22000
2492	104217	16	60116			5	24000
2493	104217	17	60117			5	26000
2494	104217	18					
2495	104218	1	60501			1	2000
2496	104218	2	60502			1	3000
2497	104218	3	60503			1	4000
2498	104218	4	60504			1	5000
2499	104218	5	60505			2	6000
2500	104218	6	60506			2	7000
2501	104218	7	60507			2	8000
2502	104218	8	60508			2	9000
2503	104218	9	60509			2	10000
2504	104218	10	60510			3	12000
2505	104218	11	60511			3	14000
2506	104218	12	60512			3	16000
2507	104218	13	60513			3	18000
2508	104218	14	60514			3	20000
2509	104218	15	60515			5	22000
2510	104218	16	60516			5	24000
2511	104218	17	60517			5	26000
2512	104218	18					
2513	104221	1	60201			1	2000
2514	104221	2	60202			1	3000
2515	104221	3	60203			1	4000
2516	104221	4	60204			1	5000
2517	104221	5	60205			2	6000
2518	104221	6	60206			2	7000
2519	104221	7	60207			2	8000
2520	104221	8	60208			2	9000
2521	104221	9	60209			2	10000
2522	104221	10	60210			3	12000
2523	104221	11	60211			3	14000
2524	104221	12	60212			3	16000
2525	104221	13	60213			3	18000
2526	104221	14	60214			3	20000
2527	104221	15	60215			5	22000
2528	104221	16	60216			5	24000
2529	104221	17	60217			5	26000
2530	104221	18					
2531	104222	0	61002			3	25000
2532	104222	1	61002			3	25000
2533	104223	1	60301	61301		1	2000
2534	104223	2	60302	61302		1	3000
2535	104223	3	60303	61303		1	4000
2536	104223	4	60304	61304		1	5000
2537	104223	5	60305	61305		2	6000
2538	104223	6	60306	61306		2	7000
2539	104223	7	60307	61307		2	8000
2540	104223	8	60308	61308		2	9000
2541	104223	9	60309	61309		2	10000
2542	104223	10	60310	61310		3	12000
2543	104223	11	60311	61311		3	14000
2544	104223	12	60312	61312		3	16000
2545	104223	13	60313	61313		3	18000
2546	104223	14	60314	61314		3	20000
2547	104223	15	60315	61315		5	22000
2548	104223	16	60316	61316		5	24000
2549	104223	17	60317	61317		5	26000
2550	104223	18					
2551	104224	0	61004			5	50000
2552	104224	1	61004			5	50000
2553	104225	0	61005			7	75000
2554	104225	1	61005			7	75000
2555	104226	0	61006			10	100000
2556	104226	1	61006			10	100000
2557	104227	0	60403				
2558	104227	1	60403				
2559	104301	1	60001			1	2000
2560	104301	2	60002			1	3000
2561	104301	3	60003			1	4000
2562	104301	4	60004			1	5000
2563	104301	5	60005			2	6000
2564	104301	6	60006			2	7000
2565	104301	7	60007			2	8000
2566	104301	8	60008			2	9000
2567	104301	9	60009			2	10000
2568	104301	10	60010			3	12000
2569	104301	11	60011			3	14000
2570	104301	12	60012			3	16000
2571	104301	13	60013			3	18000
2572	104301	14	60014			3	20000
2573	104301	15	60015			5	22000
2574	104301	16	60016			5	24000
2575	104301	17	60017			5	26000
2576	104301	18					
2577	104306	1	60101			1	2000
2578	104306	2	60102			1	3000
2579	104306	3	60103			1	4000
2580	104306	4	60104			1	5000
2581	104306	5	60105			2	6000
2582	104306	6	60106			2	7000
2583	104306	7	60107			2	8000
2584	104306	8	60108			2	9000
2585	104306	9	60109			2	10000
2586	104306	10	60110			3	12000
2587	104306	11	60111			3	14000
2588	104306	12	60112			3	16000
2589	104306	13	60113			3	18000
2590	104306	14	60114			3	20000
2591	104306	15	60115			5	22000
2592	104306	16	60116			5	24000
2593	104306	17	60117			5	26000
2594	104306	18					
2595	104311	1	60201			1	2000
2596	104311	2	60202			1	3000
2597	104311	3	60203			1	4000
2598	104311	4	60204			1	5000
2599	104311	5	60205			2	6000
2600	104311	6	60206			2	7000
2601	104311	7	60207			2	8000
2602	104311	8	60208			2	9000
2603	104311	9	60209			2	10000
2604	104311	10	60210			3	12000
2605	104311	11	60211			3	14000
2606	104311	12	60212			3	16000
2607	104311	13	60213			3	18000
2608	104311	14	60214			3	20000
2609	104311	15	60215			5	22000
2610	104311	16	60216			5	24000
2611	104311	17	60217			5	26000
2612	104311	18					
2613	104316	1	60001			1	2000
2614	104316	2	60002			1	3000
2615	104316	3	60003			1	4000
2616	104316	4	60004			1	5000
2617	104316	5	60005			2	6000
2618	104316	6	60006			2	7000
2619	104316	7	60007			2	8000
2620	104316	8	60008			2	9000
2621	104316	9	60009			2	10000
2622	104316	10	60010			3	12000
2623	104316	11	60011			3	14000
2624	104316	12	60012			3	16000
2625	104316	13	60013			3	18000
2626	104316	14	60014			3	20000
2627	104316	15	60015			5	22000
2628	104316	16	60016			5	24000
2629	104316	17	60017			5	26000
2630	104316	18					
2631	104317	1	60101			1	2000
2632	104317	2	60102			1	3000
2633	104317	3	60103			1	4000
2634	104317	4	60104			1	5000
2635	104317	5	60105			2	6000
2636	104317	6	60106			2	7000
2637	104317	7	60107			2	8000
2638	104317	8	60108			2	9000
2639	104317	9	60109			2	10000
2640	104317	10	60110			3	12000
2641	104317	11	60111			3	14000
2642	104317	12	60112			3	16000
2643	104317	13	60113			3	18000
2644	104317	14	60114			3	20000
2645	104317	15	60115			5	22000
2646	104317	16	60116			5	24000
2647	104317	17	60117			5	26000
2648	104317	18					
2649	104318	1	60501			1	2000
2650	104318	2	60502			1	3000
2651	104318	3	60503			1	4000
2652	104318	4	60504			1	5000
2653	104318	5	60505			2	6000
2654	104318	6	60506			2	7000
2655	104318	7	60507			2	8000
2656	104318	8	60508			2	9000
2657	104318	9	60509			2	10000
2658	104318	10	60510			3	12000
2659	104318	11	60511			3	14000
2660	104318	12	60512			3	16000
2661	104318	13	60513			3	18000
2662	104318	14	60514			3	20000
2663	104318	15	60515			5	22000
2664	104318	16	60516			5	24000
2665	104318	17	60517			5	26000
2666	104318	18					
2667	104321	1	60201			1	2000
2668	104321	2	60202			1	3000
2669	104321	3	60203			1	4000
2670	104321	4	60204			1	5000
2671	104321	5	60205			2	6000
2672	104321	6	60206			2	7000
2673	104321	7	60207			2	8000
2674	104321	8	60208			2	9000
2675	104321	9	60209			2	10000
2676	104321	10	60210			3	12000
2677	104321	11	60211			3	14000
2678	104321	12	60212			3	16000
2679	104321	13	60213			3	18000
2680	104321	14	60214			3	20000
2681	104321	15	60215			5	22000
2682	104321	16	60216			5	24000
2683	104321	17	60217			5	26000
2684	104321	18					
2685	104322	0	61002			3	25000
2686	104322	1	61002			3	25000
2687	104323	1	60301	61301		1	2000
2688	104323	2	60302	61302		1	3000
2689	104323	3	60303	61303		1	4000
2690	104323	4	60304	61304		1	5000
2691	104323	5	60305	61305		2	6000
2692	104323	6	60306	61306		2	7000
2693	104323	7	60307	61307		2	8000
2694	104323	8	60308	61308		2	9000
2695	104323	9	60309	61309		2	10000
2696	104323	10	60310	61310		3	12000
2697	104323	11	60311	61311		3	14000
2698	104323	12	60312	61312		3	16000
2699	104323	13	60313	61313		3	18000
2700	104323	14	60314	61314		3	20000
2701	104323	15	60315	61315		5	22000
2702	104323	16	60316	61316		5	24000
2703	104323	17	60317	61317		5	26000
2704	104323	18					
2705	104324	0	61004			5	50000
2706	104324	1	61004			5	50000
2707	104325	0	61005			7	75000
2708	104325	1	61005			7	75000
2709	104326	0	61006			10	100000
2710	104326	1	61006			10	100000
2711	104327	0	60419				
2712	104327	1	60419				
2713	104401	1	60001			1	2000
2714	104401	2	60002			1	3000
2715	104401	3	60003			1	4000
2716	104401	4	60004			1	5000
2717	104401	5	60005			2	6000
2718	104401	6	60006			2	7000
2719	104401	7	60007			2	8000
2720	104401	8	60008			2	9000
2721	104401	9	60009			2	10000
2722	104401	10	60010			3	12000
2723	104401	11	60011			3	14000
2724	104401	12	60012			3	16000
2725	104401	13	60013			3	18000
2726	104401	14	60014			3	20000
2727	104401	15	60015			5	22000
2728	104401	16	60016			5	24000
2729	104401	17	60017			5	26000
2730	104401	18					
2731	104406	1	60101			1	2000
2732	104406	2	60102			1	3000
2733	104406	3	60103			1	4000
2734	104406	4	60104			1	5000
2735	104406	5	60105			2	6000
2736	104406	6	60106			2	7000
2737	104406	7	60107			2	8000
2738	104406	8	60108			2	9000
2739	104406	9	60109			2	10000
2740	104406	10	60110			3	12000
2741	104406	11	60111			3	14000
2742	104406	12	60112			3	16000
2743	104406	13	60113			3	18000
2744	104406	14	60114			3	20000
2745	104406	15	60115			5	22000
2746	104406	16	60116			5	24000
2747	104406	17	60117			5	26000
2748	104406	18					
2749	104411	1	60201			1	2000
2750	104411	2	60202			1	3000
2751	104411	3	60203			1	4000
2752	104411	4	60204			1	5000
2753	104411	5	60205			2	6000
2754	104411	6	60206			2	7000
2755	104411	7	60207			2	8000
2756	104411	8	60208			2	9000
2757	104411	9	60209			2	10000
2758	104411	10	60210			3	12000
2759	104411	11	60211			3	14000
2760	104411	12	60212			3	16000
2761	104411	13	60213			3	18000
2762	104411	14	60214			3	20000
2763	104411	15	60215			5	22000
2764	104411	16	60216			5	24000
2765	104411	17	60217			5	26000
2766	104411	18					
2767	104416	1	60001			1	2000
2768	104416	2	60002			1	3000
2769	104416	3	60003			1	4000
2770	104416	4	60004			1	5000
2771	104416	5	60005			2	6000
2772	104416	6	60006			2	7000
2773	104416	7	60007			2	8000
2774	104416	8	60008			2	9000
2775	104416	9	60009			2	10000
2776	104416	10	60010			3	12000
2777	104416	11	60011			3	14000
2778	104416	12	60012			3	16000
2779	104416	13	60013			3	18000
2780	104416	14	60014			3	20000
2781	104416	15	60015			5	22000
2782	104416	16	60016			5	24000
2783	104416	17	60017			5	26000
2784	104416	18					
2785	104417	1	60101			1	2000
2786	104417	2	60102			1	3000
2787	104417	3	60103			1	4000
2788	104417	4	60104			1	5000
2789	104417	5	60105			2	6000
2790	104417	6	60106			2	7000
2791	104417	7	60107			2	8000
2792	104417	8	60108			2	9000
2793	104417	9	60109			2	10000
2794	104417	10	60110			3	12000
2795	104417	11	60111			3	14000
2796	104417	12	60112			3	16000
2797	104417	13	60113			3	18000
2798	104417	14	60114			3	20000
2799	104417	15	60115			5	22000
2800	104417	16	60116			5	24000
2801	104417	17	60117			5	26000
2802	104417	18					
2803	104418	1	60501			1	2000
2804	104418	2	60502			1	3000
2805	104418	3	60503			1	4000
2806	104418	4	60504			1	5000
2807	104418	5	60505			2	6000
2808	104418	6	60506			2	7000
2809	104418	7	60507			2	8000
2810	104418	8	60508			2	9000
2811	104418	9	60509			2	10000
2812	104418	10	60510			3	12000
2813	104418	11	60511			3	14000
2814	104418	12	60512			3	16000
2815	104418	13	60513			3	18000
2816	104418	14	60514			3	20000
2817	104418	15	60515			5	22000
2818	104418	16	60516			5	24000
2819	104418	17	60517			5	26000
2820	104418	18					
2821	104421	1	60201			1	2000
2822	104421	2	60202			1	3000
2823	104421	3	60203			1	4000
2824	104421	4	60204			1	5000
2825	104421	5	60205			2	6000
2826	104421	6	60206			2	7000
2827	104421	7	60207			2	8000
2828	104421	8	60208			2	9000
2829	104421	9	60209			2	10000
2830	104421	10	60210			3	12000
2831	104421	11	60211			3	14000
2832	104421	12	60212			3	16000
2833	104421	13	60213			3	18000
2834	104421	14	60214			3	20000
2835	104421	15	60215			5	22000
2836	104421	16	60216			5	24000
2837	104421	17	60217			5	26000
2838	104421	18					
2839	104422	0	61002			3	25000
2840	104422	1	61002			3	25000
2841	104423	1	60301	61301		1	2000
2842	104423	2	60302	61302		1	3000
2843	104423	3	60303	61303		1	4000
2844	104423	4	60304	61304		1	5000
2845	104423	5	60305	61305		2	6000
2846	104423	6	60306	61306		2	7000
2847	104423	7	60307	61307		2	8000
2848	104423	8	60308	61308		2	9000
2849	104423	9	60309	61309		2	10000
2850	104423	10	60310	61310		3	12000
2851	104423	11	60311	61311		3	14000
2852	104423	12	60312	61312		3	16000
2853	104423	13	60313	61313		3	18000
2854	104423	14	60314	61314		3	20000
2855	104423	15	60315	61315		5	22000
2856	104423	16	60316	61316		5	24000
2857	104423	17	60317	61317		5	26000
2858	104423	18					
2859	104424	0	62004			2	20000
2860	104424	1	62005			3	30000
2861	104424	2	62005			5	50000
2862	104425	0	62006			3	35000
2863	104425	1	62007			4	40000
2864	104425	2	62007			7	75000
2865	104426	0	62008			3	30000
2866	104426	1	62009			3	30000
2867	104426	2	62010			4	40000
2868	104426	3	62010			10	100000
2869	104427	0	60444				
2870	104427	1	60444				
2871	104501	1	60001			1	2000
2872	104501	2	60002			1	3000
2873	104501	3	60003			1	4000
2874	104501	4	60004			1	5000
2875	104501	5	60005			2	6000
2876	104501	6	60006			2	7000
2877	104501	7	60007			2	8000
2878	104501	8	60008			2	9000
2879	104501	9	60009			2	10000
2880	104501	10	60010			3	12000
2881	104501	11	60011			3	14000
2882	104501	12	60012			3	16000
2883	104501	13	60013			3	18000
2884	104501	14	60014			3	20000
2885	104501	15	60015			5	22000
2886	104501	16	60016			5	24000
2887	104501	17	60017			5	26000
2888	104501	18					
2889	104506	1	60101			1	2000
2890	104506	2	60102			1	3000
2891	104506	3	60103			1	4000
2892	104506	4	60104			1	5000
2893	104506	5	60105			2	6000
2894	104506	6	60106			2	7000
2895	104506	7	60107			2	8000
2896	104506	8	60108			2	9000
2897	104506	9	60109			2	10000
2898	104506	10	60110			3	12000
2899	104506	11	60111			3	14000
2900	104506	12	60112			3	16000
2901	104506	13	60113			3	18000
2902	104506	14	60114			3	20000
2903	104506	15	60115			5	22000
2904	104506	16	60116			5	24000
2905	104506	17	60117			5	26000
2906	104506	18					
2907	104511	1	60201			1	2000
2908	104511	2	60202			1	3000
2909	104511	3	60203			1	4000
2910	104511	4	60204			1	5000
2911	104511	5	60205			2	6000
2912	104511	6	60206			2	7000
2913	104511	7	60207			2	8000
2914	104511	8	60208			2	9000
2915	104511	9	60209			2	10000
2916	104511	10	60210			3	12000
2917	104511	11	60211			3	14000
2918	104511	12	60212			3	16000
2919	104511	13	60213			3	18000
2920	104511	14	60214			3	20000
2921	104511	15	60215			5	22000
2922	104511	16	60216			5	24000
2923	104511	17	60217			5	26000
2924	104511	18					
2925	104516	1	60001			1	2000
2926	104516	2	60002			1	3000
2927	104516	3	60003			1	4000
2928	104516	4	60004			1	5000
2929	104516	5	60005			2	6000
2930	104516	6	60006			2	7000
2931	104516	7	60007			2	8000
2932	104516	8	60008			2	9000
2933	104516	9	60009			2	10000
2934	104516	10	60010			3	12000
2935	104516	11	60011			3	14000
2936	104516	12	60012			3	16000
2937	104516	13	60013			3	18000
2938	104516	14	60014			3	20000
2939	104516	15	60015			5	22000
2940	104516	16	60016			5	24000
2941	104516	17	60017			5	26000
2942	104516	18					
2943	104517	1	60101			1	2000
2944	104517	2	60102			1	3000
2945	104517	3	60103			1	4000
2946	104517	4	60104			1	5000
2947	104517	5	60105			2	6000
2948	104517	6	60106			2	7000
2949	104517	7	60107			2	8000
2950	104517	8	60108			2	9000
2951	104517	9	60109			2	10000
2952	104517	10	60110			3	12000
2953	104517	11	60111			3	14000
2954	104517	12	60112			3	16000
2955	104517	13	60113			3	18000
2956	104517	14	60114			3	20000
2957	104517	15	60115			5	22000
2958	104517	16	60116			5	24000
2959	104517	17	60117			5	26000
2960	104517	18					
2961	104518	1	60501			1	2000
2962	104518	2	60502			1	3000
2963	104518	3	60503			1	4000
2964	104518	4	60504			1	5000
2965	104518	5	60505			2	6000
2966	104518	6	60506			2	7000
2967	104518	7	60507			2	8000
2968	104518	8	60508			2	9000
2969	104518	9	60509			2	10000
2970	104518	10	60510			3	12000
2971	104518	11	60511			3	14000
2972	104518	12	60512			3	16000
2973	104518	13	60513			3	18000
2974	104518	14	60514			3	20000
2975	104518	15	60515			5	22000
2976	104518	16	60516			5	24000
2977	104518	17	60517			5	26000
2978	104518	18					
2979	104521	1	60201			1	2000
2980	104521	2	60202			1	3000
2981	104521	3	60203			1	4000
2982	104521	4	60204			1	5000
2983	104521	5	60205			2	6000
2984	104521	6	60206			2	7000
2985	104521	7	60207			2	8000
2986	104521	8	60208			2	9000
2987	104521	9	60209			2	10000
2988	104521	10	60210			3	12000
2989	104521	11	60211			3	14000
2990	104521	12	60212			3	16000
2991	104521	13	60213			3	18000
2992	104521	14	60214			3	20000
2993	104521	15	60215			5	22000
2994	104521	16	60216			5	24000
2995	104521	17	60217			5	26000
2996	104521	18					
2997	104522	0	61002			3	25000
2998	104522	1	61002			3	25000
2999	104523	1	60301	61301		1	2000
3000	104523	2	60302	61302		1	3000
3001	104523	3	60303	61303		1	4000
3002	104523	4	60304	61304		1	5000
3003	104523	5	60305	61305		2	6000
3004	104523	6	60306	61306		2	7000
3005	104523	7	60307	61307		2	8000
3006	104523	8	60308	61308		2	9000
3007	104523	9	60309	61309		2	10000
3008	104523	10	60310	61310		3	12000
3009	104523	11	60311	61311		3	14000
3010	104523	12	60312	61312		3	16000
3011	104523	13	60313	61313		3	18000
3012	104523	14	60314	61314		3	20000
3013	104523	15	60315	61315		5	22000
3014	104523	16	60316	61316		5	24000
3015	104523	17	60317	61317		5	26000
3016	104523	18					
3017	104524	0	62004			2	20000
3018	104524	1	62005			3	30000
3019	104524	2	62005			5	50000
3020	104525	0	62006			3	35000
3021	104525	1	62007			4	40000
3022	104525	2	62007			7	75000
3023	104526	0	62008			3	30000
3024	104526	1	62009			3	30000
3025	104526	2	62010			4	40000
3026	104526	3	62010			10	100000
3027	104527	0	60472				
3028	104527	1	60472				
3029	104528	1	60201			1	2000
3030	104528	2	60202			1	3000
3031	104528	3	60203			1	4000
3032	104528	4	60204			1	5000
3033	104528	5	60205			2	6000
3034	104528	6	60206			2	7000
3035	104528	7	60207			2	8000
3036	104528	8	60208			2	9000
3037	104528	9	60209			2	10000
3038	104528	10	60210			3	12000
3039	104528	11	60211			3	14000
3040	104528	12	60212			3	16000
3041	104528	13	60213			3	18000
3042	104528	14	60214			3	20000
3043	104528	15	60215			5	22000
3044	104528	16	60216			5	24000
3045	104528	17	60217			5	26000
3046	104528	18					
3047	105101	1	60001			1	2000
3048	105101	2	60002			1	3000
3049	105101	3	60003			1	4000
3050	105101	4	60004			1	5000
3051	105101	5	60005			2	6000
3052	105101	6	60006			2	7000
3053	105101	7	60007			2	8000
3054	105101	8	60008			2	9000
3055	105101	9	60009			2	10000
3056	105101	10	60010			3	12000
3057	105101	11	60011			3	14000
3058	105101	12	60012			3	16000
3059	105101	13	60013			3	18000
3060	105101	14	60014			3	20000
3061	105101	15	60015			5	22000
3062	105101	16	60016			5	24000
3063	105101	17	60017			5	26000
3064	105101	18					
3065	105106	1	60101			1	2000
3066	105106	2	60102			1	3000
3067	105106	3	60103			1	4000
3068	105106	4	60104			1	5000
3069	105106	5	60105			2	6000
3070	105106	6	60106			2	7000
3071	105106	7	60107			2	8000
3072	105106	8	60108			2	9000
3073	105106	9	60109			2	10000
3074	105106	10	60110			3	12000
3075	105106	11	60111			3	14000
3076	105106	12	60112			3	16000
3077	105106	13	60113			3	18000
3078	105106	14	60114			3	20000
3079	105106	15	60115			5	22000
3080	105106	16	60116			5	24000
3081	105106	17	60117			5	26000
3082	105106	18					
3083	105111	1	60201			1	2000
3084	105111	2	60202			1	3000
3085	105111	3	60203			1	4000
3086	105111	4	60204			1	5000
3087	105111	5	60205			2	6000
3088	105111	6	60206			2	7000
3089	105111	7	60207			2	8000
3090	105111	8	60208			2	9000
3091	105111	9	60209			2	10000
3092	105111	10	60210			3	12000
3093	105111	11	60211			3	14000
3094	105111	12	60212			3	16000
3095	105111	13	60213			3	18000
3096	105111	14	60214			3	20000
3097	105111	15	60215			5	22000
3098	105111	16	60216			5	24000
3099	105111	17	60217			5	26000
3100	105111	18					
3101	105116	1	60001			1	2000
3102	105116	2	60002			1	3000
3103	105116	3	60003			1	4000
3104	105116	4	60004			1	5000
3105	105116	5	60005			2	6000
3106	105116	6	60006			2	7000
3107	105116	7	60007			2	8000
3108	105116	8	60008			2	9000
3109	105116	9	60009			2	10000
3110	105116	10	60010			3	12000
3111	105116	11	60011			3	14000
3112	105116	12	60012			3	16000
3113	105116	13	60013			3	18000
3114	105116	14	60014			3	20000
3115	105116	15	60015			5	22000
3116	105116	16	60016			5	24000
3117	105116	17	60017			5	26000
3118	105116	18					
3119	105117	1	60101			1	2000
3120	105117	2	60102			1	3000
3121	105117	3	60103			1	4000
3122	105117	4	60104			1	5000
3123	105117	5	60105			2	6000
3124	105117	6	60106			2	7000
3125	105117	7	60107			2	8000
3126	105117	8	60108			2	9000
3127	105117	9	60109			2	10000
3128	105117	10	60110			3	12000
3129	105117	11	60111			3	14000
3130	105117	12	60112			3	16000
3131	105117	13	60113			3	18000
3132	105117	14	60114			3	20000
3133	105117	15	60115			5	22000
3134	105117	16	60116			5	24000
3135	105117	17	60117			5	26000
3136	105117	18					
3137	105118	1	60501			1	2000
3138	105118	2	60502			1	3000
3139	105118	3	60503			1	4000
3140	105118	4	60504			1	5000
3141	105118	5	60505			2	6000
3142	105118	6	60506			2	7000
3143	105118	7	60507			2	8000
3144	105118	8	60508			2	9000
3145	105118	9	60509			2	10000
3146	105118	10	60510			3	12000
3147	105118	11	60511			3	14000
3148	105118	12	60512			3	16000
3149	105118	13	60513			3	18000
3150	105118	14	60514			3	20000
3151	105118	15	60515			5	22000
3152	105118	16	60516			5	24000
3153	105118	17	60517			5	26000
3154	105118	18					
3155	105121	1	60201			1	2000
3156	105121	2	60202			1	3000
3157	105121	3	60203			1	4000
3158	105121	4	60204			1	5000
3159	105121	5	60205			2	6000
3160	105121	6	60206			2	7000
3161	105121	7	60207			2	8000
3162	105121	8	60208			2	9000
3163	105121	9	60209			2	10000
3164	105121	10	60210			3	12000
3165	105121	11	60211			3	14000
3166	105121	12	60212			3	16000
3167	105121	13	60213			3	18000
3168	105121	14	60214			3	20000
3169	105121	15	60215			5	22000
3170	105121	16	60216			5	24000
3171	105121	17	60217			5	26000
3172	105121	18					
3173	105122	0	61002			3	25000
3174	105122	1	61002			3	25000
3175	105123	1	60301	61301		1	2000
3176	105123	2	60302	61302		1	3000
3177	105123	3	60303	61303		1	4000
3178	105123	4	60304	61304		1	5000
3179	105123	5	60305	61305		2	6000
3180	105123	6	60306	61306		2	7000
3181	105123	7	60307	61307		2	8000
3182	105123	8	60308	61308		2	9000
3183	105123	9	60309	61309		2	10000
3184	105123	10	60310	61310		3	12000
3185	105123	11	60311	61311		3	14000
3186	105123	12	60312	61312		3	16000
3187	105123	13	60313	61313		3	18000
3188	105123	14	60314	61314		3	20000
3189	105123	15	60315	61315		5	22000
3190	105123	16	60316	61316		5	24000
3191	105123	17	60317	61317		5	26000
3192	105123	18					
3193	105124	0	61004			5	50000
3194	105124	1	61004			5	50000
3195	105125	0	61005			7	75000
3196	105125	1	61005			7	75000
3197	105126	0	61006			10	100000
3198	105126	1	61006			10	100000
3199	105127	0	60404				
3200	105127	1	60404				
3201	105301	1	60001			1	2000
3202	105301	2	60002			1	3000
3203	105301	3	60003			1	4000
3204	105301	4	60004			1	5000
3205	105301	5	60005			2	6000
3206	105301	6	60006			2	7000
3207	105301	7	60007			2	8000
3208	105301	8	60008			2	9000
3209	105301	9	60009			2	10000
3210	105301	10	60010			3	12000
3211	105301	11	60011			3	14000
3212	105301	12	60012			3	16000
3213	105301	13	60013			3	18000
3214	105301	14	60014			3	20000
3215	105301	15	60015			5	22000
3216	105301	16	60016			5	24000
3217	105301	17	60017			5	26000
3218	105301	18					
3219	105306	1	60101			1	2000
3220	105306	2	60102			1	3000
3221	105306	3	60103			1	4000
3222	105306	4	60104			1	5000
3223	105306	5	60105			2	6000
3224	105306	6	60106			2	7000
3225	105306	7	60107			2	8000
3226	105306	8	60108			2	9000
3227	105306	9	60109			2	10000
3228	105306	10	60110			3	12000
3229	105306	11	60111			3	14000
3230	105306	12	60112			3	16000
3231	105306	13	60113			3	18000
3232	105306	14	60114			3	20000
3233	105306	15	60115			5	22000
3234	105306	16	60116			5	24000
3235	105306	17	60117			5	26000
3236	105306	18					
3237	105311	1	60201			1	2000
3238	105311	2	60202			1	3000
3239	105311	3	60203			1	4000
3240	105311	4	60204			1	5000
3241	105311	5	60205			2	6000
3242	105311	6	60206			2	7000
3243	105311	7	60207			2	8000
3244	105311	8	60208			2	9000
3245	105311	9	60209			2	10000
3246	105311	10	60210			3	12000
3247	105311	11	60211			3	14000
3248	105311	12	60212			3	16000
3249	105311	13	60213			3	18000
3250	105311	14	60214			3	20000
3251	105311	15	60215			5	22000
3252	105311	16	60216			5	24000
3253	105311	17	60217			5	26000
3254	105311	18					
3255	105316	1	60001			1	2000
3256	105316	2	60002			1	3000
3257	105316	3	60003			1	4000
3258	105316	4	60004			1	5000
3259	105316	5	60005			2	6000
3260	105316	6	60006			2	7000
3261	105316	7	60007			2	8000
3262	105316	8	60008			2	9000
3263	105316	9	60009			2	10000
3264	105316	10	60010			3	12000
3265	105316	11	60011			3	14000
3266	105316	12	60012			3	16000
3267	105316	13	60013			3	18000
3268	105316	14	60014			3	20000
3269	105316	15	60015			5	22000
3270	105316	16	60016			5	24000
3271	105316	17	60017			5	26000
3272	105316	18					
3273	105317	1	60101			1	2000
3274	105317	2	60102			1	3000
3275	105317	3	60103			1	4000
3276	105317	4	60104			1	5000
3277	105317	5	60105			2	6000
3278	105317	6	60106			2	7000
3279	105317	7	60107			2	8000
3280	105317	8	60108			2	9000
3281	105317	9	60109			2	10000
3282	105317	10	60110			3	12000
3283	105317	11	60111			3	14000
3284	105317	12	60112			3	16000
3285	105317	13	60113			3	18000
3286	105317	14	60114			3	20000
3287	105317	15	60115			5	22000
3288	105317	16	60116			5	24000
3289	105317	17	60117			5	26000
3290	105317	18					
3291	105318	1	60501			1	2000
3292	105318	2	60502			1	3000
3293	105318	3	60503			1	4000
3294	105318	4	60504			1	5000
3295	105318	5	60505			2	6000
3296	105318	6	60506			2	7000
3297	105318	7	60507			2	8000
3298	105318	8	60508			2	9000
3299	105318	9	60509			2	10000
3300	105318	10	60510			3	12000
3301	105318	11	60511			3	14000
3302	105318	12	60512			3	16000
3303	105318	13	60513			3	18000
3304	105318	14	60514			3	20000
3305	105318	15	60515			5	22000
3306	105318	16	60516			5	24000
3307	105318	17	60517			5	26000
3308	105318	18					
3309	105321	1	60201			1	2000
3310	105321	2	60202			1	3000
3311	105321	3	60203			1	4000
3312	105321	4	60204			1	5000
3313	105321	5	60205			2	6000
3314	105321	6	60206			2	7000
3315	105321	7	60207			2	8000
3316	105321	8	60208			2	9000
3317	105321	9	60209			2	10000
3318	105321	10	60210			3	12000
3319	105321	11	60211			3	14000
3320	105321	12	60212			3	16000
3321	105321	13	60213			3	18000
3322	105321	14	60214			3	20000
3323	105321	15	60215			5	22000
3324	105321	16	60216			5	24000
3325	105321	17	60217			5	26000
3326	105321	18					
3327	105322	0	61002			3	25000
3328	105322	1	61002			3	25000
3329	105323	1	60301	61301		1	2000
3330	105323	2	60302	61302		1	3000
3331	105323	3	60303	61303		1	4000
3332	105323	4	60304	61304		1	5000
3333	105323	5	60305	61305		2	6000
3334	105323	6	60306	61306		2	7000
3335	105323	7	60307	61307		2	8000
3336	105323	8	60308	61308		2	9000
3337	105323	9	60309	61309		2	10000
3338	105323	10	60310	61310		3	12000
3339	105323	11	60311	61311		3	14000
3340	105323	12	60312	61312		3	16000
3341	105323	13	60313	61313		3	18000
3342	105323	14	60314	61314		3	20000
3343	105323	15	60315	61315		5	22000
3344	105323	16	60316	61316		5	24000
3345	105323	17	60317	61317		5	26000
3346	105323	18					
3347	105324	0	61004			5	50000
3348	105324	1	61004			5	50000
3349	105325	0	61005			7	75000
3350	105325	1	61005			7	75000
3351	105326	0	61006			10	100000
3352	105326	1	61006			10	100000
3353	105327	0	60414				
3354	105327	1	60414				
3355	105401	1	60001			1	2000
3356	105401	2	60002			1	3000
3357	105401	3	60003			1	4000
3358	105401	4	60004			1	5000
3359	105401	5	60005			2	6000
3360	105401	6	60006			2	7000
3361	105401	7	60007			2	8000
3362	105401	8	60008			2	9000
3363	105401	9	60009			2	10000
3364	105401	10	60010			3	12000
3365	105401	11	60011			3	14000
3366	105401	12	60012			3	16000
3367	105401	13	60013			3	18000
3368	105401	14	60014			3	20000
3369	105401	15	60015			5	22000
3370	105401	16	60016			5	24000
3371	105401	17	60017			5	26000
3372	105401	18					
3373	105406	1	60101			1	2000
3374	105406	2	60102			1	3000
3375	105406	3	60103			1	4000
3376	105406	4	60104			1	5000
3377	105406	5	60105			2	6000
3378	105406	6	60106			2	7000
3379	105406	7	60107			2	8000
3380	105406	8	60108			2	9000
3381	105406	9	60109			2	10000
3382	105406	10	60110			3	12000
3383	105406	11	60111			3	14000
3384	105406	12	60112			3	16000
3385	105406	13	60113			3	18000
3386	105406	14	60114			3	20000
3387	105406	15	60115			5	22000
3388	105406	16	60116			5	24000
3389	105406	17	60117			5	26000
3390	105406	18					
3391	105411	1	60201			1	2000
3392	105411	2	60202			1	3000
3393	105411	3	60203			1	4000
3394	105411	4	60204			1	5000
3395	105411	5	60205			2	6000
3396	105411	6	60206			2	7000
3397	105411	7	60207			2	8000
3398	105411	8	60208			2	9000
3399	105411	9	60209			2	10000
3400	105411	10	60210			3	12000
3401	105411	11	60211			3	14000
3402	105411	12	60212			3	16000
3403	105411	13	60213			3	18000
3404	105411	14	60214			3	20000
3405	105411	15	60215			5	22000
3406	105411	16	60216			5	24000
3407	105411	17	60217			5	26000
3408	105411	18					
3409	105416	1	60001			1	2000
3410	105416	2	60002			1	3000
3411	105416	3	60003			1	4000
3412	105416	4	60004			1	5000
3413	105416	5	60005			2	6000
3414	105416	6	60006			2	7000
3415	105416	7	60007			2	8000
3416	105416	8	60008			2	9000
3417	105416	9	60009			2	10000
3418	105416	10	60010			3	12000
3419	105416	11	60011			3	14000
3420	105416	12	60012			3	16000
3421	105416	13	60013			3	18000
3422	105416	14	60014			3	20000
3423	105416	15	60015			5	22000
3424	105416	16	60016			5	24000
3425	105416	17	60017			5	26000
3426	105416	18					
3427	105417	1	60101			1	2000
3428	105417	2	60102			1	3000
3429	105417	3	60103			1	4000
3430	105417	4	60104			1	5000
3431	105417	5	60105			2	6000
3432	105417	6	60106			2	7000
3433	105417	7	60107			2	8000
3434	105417	8	60108			2	9000
3435	105417	9	60109			2	10000
3436	105417	10	60110			3	12000
3437	105417	11	60111			3	14000
3438	105417	12	60112			3	16000
3439	105417	13	60113			3	18000
3440	105417	14	60114			3	20000
3441	105417	15	60115			5	22000
3442	105417	16	60116			5	24000
3443	105417	17	60117			5	26000
3444	105417	18					
3445	105418	1	60501			1	2000
3446	105418	2	60502			1	3000
3447	105418	3	60503			1	4000
3448	105418	4	60504			1	5000
3449	105418	5	60505			2	6000
3450	105418	6	60506			2	7000
3451	105418	7	60507			2	8000
3452	105418	8	60508			2	9000
3453	105418	9	60509			2	10000
3454	105418	10	60510			3	12000
3455	105418	11	60511			3	14000
3456	105418	12	60512			3	16000
3457	105418	13	60513			3	18000
3458	105418	14	60514			3	20000
3459	105418	15	60515			5	22000
3460	105418	16	60516			5	24000
3461	105418	17	60517			5	26000
3462	105418	18					
3463	105421	1	60201			1	2000
3464	105421	2	60202			1	3000
3465	105421	3	60203			1	4000
3466	105421	4	60204			1	5000
3467	105421	5	60205			2	6000
3468	105421	6	60206			2	7000
3469	105421	7	60207			2	8000
3470	105421	8	60208			2	9000
3471	105421	9	60209			2	10000
3472	105421	10	60210			3	12000
3473	105421	11	60211			3	14000
3474	105421	12	60212			3	16000
3475	105421	13	60213			3	18000
3476	105421	14	60214			3	20000
3477	105421	15	60215			5	22000
3478	105421	16	60216			5	24000
3479	105421	17	60217			5	26000
3480	105421	18					
3481	105422	0	61002			3	25000
3482	105422	1	61002			3	25000
3483	105423	1	60301	61301		1	2000
3484	105423	2	60302	61302		1	3000
3485	105423	3	60303	61303		1	4000
3486	105423	4	60304	61304		1	5000
3487	105423	5	60305	61305		2	6000
3488	105423	6	60306	61306		2	7000
3489	105423	7	60307	61307		2	8000
3490	105423	8	60308	61308		2	9000
3491	105423	9	60309	61309		2	10000
3492	105423	10	60310	61310		3	12000
3493	105423	11	60311	61311		3	14000
3494	105423	12	60312	61312		3	16000
3495	105423	13	60313	61313		3	18000
3496	105423	14	60314	61314		3	20000
3497	105423	15	60315	61315		5	22000
3498	105423	16	60316	61316		5	24000
3499	105423	17	60317	61317		5	26000
3500	105423	18					
3501	105424	0	61004			5	50000
3502	105424	1	61004			5	50000
3503	105425	0	61005			7	75000
3504	105425	1	61005			7	75000
3505	105426	0	61006			10	100000
3506	105426	1	61006			10	100000
3507	105427	0	60440				
3508	105427	1	60440				
3509	105501	1	60001			1	2000
3510	105501	2	60002			1	3000
3511	105501	3	60003			1	4000
3512	105501	4	60004			1	5000
3513	105501	5	60005			2	6000
3514	105501	6	60006			2	7000
3515	105501	7	60007			2	8000
3516	105501	8	60008			2	9000
3517	105501	9	60009			2	10000
3518	105501	10	60010			3	12000
3519	105501	11	60011			3	14000
3520	105501	12	60012			3	16000
3521	105501	13	60013			3	18000
3522	105501	14	60014			3	20000
3523	105501	15	60015			5	22000
3524	105501	16	60016			5	24000
3525	105501	17	60017			5	26000
3526	105501	18					
3527	105506	1	60101			1	2000
3528	105506	2	60102			1	3000
3529	105506	3	60103			1	4000
3530	105506	4	60104			1	5000
3531	105506	5	60105			2	6000
3532	105506	6	60106			2	7000
3533	105506	7	60107			2	8000
3534	105506	8	60108			2	9000
3535	105506	9	60109			2	10000
3536	105506	10	60110			3	12000
3537	105506	11	60111			3	14000
3538	105506	12	60112			3	16000
3539	105506	13	60113			3	18000
3540	105506	14	60114			3	20000
3541	105506	15	60115			5	22000
3542	105506	16	60116			5	24000
3543	105506	17	60117			5	26000
3544	105506	18					
3545	105511	1	60201			1	2000
3546	105511	2	60202			1	3000
3547	105511	3	60203			1	4000
3548	105511	4	60204			1	5000
3549	105511	5	60205			2	6000
3550	105511	6	60206			2	7000
3551	105511	7	60207			2	8000
3552	105511	8	60208			2	9000
3553	105511	9	60209			2	10000
3554	105511	10	60210			3	12000
3555	105511	11	60211			3	14000
3556	105511	12	60212			3	16000
3557	105511	13	60213			3	18000
3558	105511	14	60214			3	20000
3559	105511	15	60215			5	22000
3560	105511	16	60216			5	24000
3561	105511	17	60217			5	26000
3562	105511	18					
3563	105516	1	60001			1	2000
3564	105516	2	60002			1	3000
3565	105516	3	60003			1	4000
3566	105516	4	60004			1	5000
3567	105516	5	60005			2	6000
3568	105516	6	60006			2	7000
3569	105516	7	60007			2	8000
3570	105516	8	60008			2	9000
3571	105516	9	60009			2	10000
3572	105516	10	60010			3	12000
3573	105516	11	60011			3	14000
3574	105516	12	60012			3	16000
3575	105516	13	60013			3	18000
3576	105516	14	60014			3	20000
3577	105516	15	60015			5	22000
3578	105516	16	60016			5	24000
3579	105516	17	60017			5	26000
3580	105516	18					
3581	105517	1	60101			1	2000
3582	105517	2	60102			1	3000
3583	105517	3	60103			1	4000
3584	105517	4	60104			1	5000
3585	105517	5	60105			2	6000
3586	105517	6	60106			2	7000
3587	105517	7	60107			2	8000
3588	105517	8	60108			2	9000
3589	105517	9	60109			2	10000
3590	105517	10	60110			3	12000
3591	105517	11	60111			3	14000
3592	105517	12	60112			3	16000
3593	105517	13	60113			3	18000
3594	105517	14	60114			3	20000
3595	105517	15	60115			5	22000
3596	105517	16	60116			5	24000
3597	105517	17	60117			5	26000
3598	105517	18					
3599	105518	1	60501			1	2000
3600	105518	2	60502			1	3000
3601	105518	3	60503			1	4000
3602	105518	4	60504			1	5000
3603	105518	5	60505			2	6000
3604	105518	6	60506			2	7000
3605	105518	7	60507			2	8000
3606	105518	8	60508			2	9000
3607	105518	9	60509			2	10000
3608	105518	10	60510			3	12000
3609	105518	11	60511			3	14000
3610	105518	12	60512			3	16000
3611	105518	13	60513			3	18000
3612	105518	14	60514			3	20000
3613	105518	15	60515			5	22000
3614	105518	16	60516			5	24000
3615	105518	17	60517			5	26000
3616	105518	18					
3617	105521	1	60201			1	2000
3618	105521	2	60202			1	3000
3619	105521	3	60203			1	4000
3620	105521	4	60204			1	5000
3621	105521	5	60205			2	6000
3622	105521	6	60206			2	7000
3623	105521	7	60207			2	8000
3624	105521	8	60208			2	9000
3625	105521	9	60209			2	10000
3626	105521	10	60210			3	12000
3627	105521	11	60211			3	14000
3628	105521	12	60212			3	16000
3629	105521	13	60213			3	18000
3630	105521	14	60214			3	20000
3631	105521	15	60215			5	22000
3632	105521	16	60216			5	24000
3633	105521	17	60217			5	26000
3634	105521	18					
3635	105522	0	61002			3	25000
3636	105522	1	61002			3	25000
3637	105523	1	60301	61301		1	2000
3638	105523	2	60302	61302		1	3000
3639	105523	3	60303	61303		1	4000
3640	105523	4	60304	61304		1	5000
3641	105523	5	60305	61305		2	6000
3642	105523	6	60306	61306		2	7000
3643	105523	7	60307	61307		2	8000
3644	105523	8	60308	61308		2	9000
3645	105523	9	60309	61309		2	10000
3646	105523	10	60310	61310		3	12000
3647	105523	11	60311	61311		3	14000
3648	105523	12	60312	61312		3	16000
3649	105523	13	60313	61313		3	18000
3650	105523	14	60314	61314		3	20000
3651	105523	15	60315	61315		5	22000
3652	105523	16	60316	61316		5	24000
3653	105523	17	60317	61317		5	26000
3654	105523	18					
3655	105524	0	62004			2	20000
3656	105524	1	62005			3	30000
3657	105524	2	62005			5	50000
3658	105525	0	62006			3	35000
3659	105525	1	62007			4	40000
3660	105525	2	62007			7	75000
3661	105526	0	62008			3	30000
3662	105526	1	62009			3	30000
3663	105526	2	62010			4	40000
3664	105526	3	62010			10	100000
3665	105527	0	60464				
3666	105527	1	60464				
3667	106201	1	60001			1	2000
3668	106201	2	60002			1	3000
3669	106201	3	60003			1	4000
3670	106201	4	60004			1	5000
3671	106201	5	60005			2	6000
3672	106201	6	60006			2	7000
3673	106201	7	60007			2	8000
3674	106201	8	60008			2	9000
3675	106201	9	60009			2	10000
3676	106201	10	60010			3	12000
3677	106201	11	60011			3	14000
3678	106201	12	60012			3	16000
3679	106201	13	60013			3	18000
3680	106201	14	60014			3	20000
3681	106201	15	60015			5	22000
3682	106201	16	60016			5	24000
3683	106201	17	60017			5	26000
3684	106201	18					
3685	106206	1	60101			1	2000
3686	106206	2	60102			1	3000
3687	106206	3	60103			1	4000
3688	106206	4	60104			1	5000
3689	106206	5	60105			2	6000
3690	106206	6	60106			2	7000
3691	106206	7	60107			2	8000
3692	106206	8	60108			2	9000
3693	106206	9	60109			2	10000
3694	106206	10	60110			3	12000
3695	106206	11	60111			3	14000
3696	106206	12	60112			3	16000
3697	106206	13	60113			3	18000
3698	106206	14	60114			3	20000
3699	106206	15	60115			5	22000
3700	106206	16	60116			5	24000
3701	106206	17	60117			5	26000
3702	106206	18					
3703	106211	1	60201			1	2000
3704	106211	2	60202			1	3000
3705	106211	3	60203			1	4000
3706	106211	4	60204			1	5000
3707	106211	5	60205			2	6000
3708	106211	6	60206			2	7000
3709	106211	7	60207			2	8000
3710	106211	8	60208			2	9000
3711	106211	9	60209			2	10000
3712	106211	10	60210			3	12000
3713	106211	11	60211			3	14000
3714	106211	12	60212			3	16000
3715	106211	13	60213			3	18000
3716	106211	14	60214			3	20000
3717	106211	15	60215			5	22000
3718	106211	16	60216			5	24000
3719	106211	17	60217			5	26000
3720	106211	18					
3721	106216	1	60001			1	2000
3722	106216	2	60002			1	3000
3723	106216	3	60003			1	4000
3724	106216	4	60004			1	5000
3725	106216	5	60005			2	6000
3726	106216	6	60006			2	7000
3727	106216	7	60007			2	8000
3728	106216	8	60008			2	9000
3729	106216	9	60009			2	10000
3730	106216	10	60010			3	12000
3731	106216	11	60011			3	14000
3732	106216	12	60012			3	16000
3733	106216	13	60013			3	18000
3734	106216	14	60014			3	20000
3735	106216	15	60015			5	22000
3736	106216	16	60016			5	24000
3737	106216	17	60017			5	26000
3738	106216	18					
3739	106217	1	60101			1	2000
3740	106217	2	60102			1	3000
3741	106217	3	60103			1	4000
3742	106217	4	60104			1	5000
3743	106217	5	60105			2	6000
3744	106217	6	60106			2	7000
3745	106217	7	60107			2	8000
3746	106217	8	60108			2	9000
3747	106217	9	60109			2	10000
3748	106217	10	60110			3	12000
3749	106217	11	60111			3	14000
3750	106217	12	60112			3	16000
3751	106217	13	60113			3	18000
3752	106217	14	60114			3	20000
3753	106217	15	60115			5	22000
3754	106217	16	60116			5	24000
3755	106217	17	60117			5	26000
3756	106217	18					
3757	106218	1	60501			1	2000
3758	106218	2	60502			1	3000
3759	106218	3	60503			1	4000
3760	106218	4	60504			1	5000
3761	106218	5	60505			2	6000
3762	106218	6	60506			2	7000
3763	106218	7	60507			2	8000
3764	106218	8	60508			2	9000
3765	106218	9	60509			2	10000
3766	106218	10	60510			3	12000
3767	106218	11	60511			3	14000
3768	106218	12	60512			3	16000
3769	106218	13	60513			3	18000
3770	106218	14	60514			3	20000
3771	106218	15	60515			5	22000
3772	106218	16	60516			5	24000
3773	106218	17	60517			5	26000
3774	106218	18					
3775	106221	1	60201			1	2000
3776	106221	2	60202			1	3000
3777	106221	3	60203			1	4000
3778	106221	4	60204			1	5000
3779	106221	5	60205			2	6000
3780	106221	6	60206			2	7000
3781	106221	7	60207			2	8000
3782	106221	8	60208			2	9000
3783	106221	9	60209			2	10000
3784	106221	10	60210			3	12000
3785	106221	11	60211			3	14000
3786	106221	12	60212			3	16000
3787	106221	13	60213			3	18000
3788	106221	14	60214			3	20000
3789	106221	15	60215			5	22000
3790	106221	16	60216			5	24000
3791	106221	17	60217			5	26000
3792	106221	18					
3793	106222	0	61002			3	25000
3794	106222	1	61002			3	25000
3795	106223	1	60301	61301		1	2000
3796	106223	2	60302	61302		1	3000
3797	106223	3	60303	61303		1	4000
3798	106223	4	60304	61304		1	5000
3799	106223	5	60305	61305		2	6000
3800	106223	6	60306	61306		2	7000
3801	106223	7	60307	61307		2	8000
3802	106223	8	60308	61308		2	9000
3803	106223	9	60309	61309		2	10000
3804	106223	10	60310	61310		3	12000
3805	106223	11	60311	61311		3	14000
3806	106223	12	60312	61312		3	16000
3807	106223	13	60313	61313		3	18000
3808	106223	14	60314	61314		3	20000
3809	106223	15	60315	61315		5	22000
3810	106223	16	60316	61316		5	24000
3811	106223	17	60317	61317		5	26000
3812	106223	18					
3813	106224	0	61004			5	50000
3814	106224	1	61004			5	50000
3815	106225	0	61005			7	75000
3816	106225	1	61005			7	75000
3817	106226	0	61006			10	100000
3818	106226	1	61006			10	100000
3819	106227	0	60405				
3820	106227	1	60405				
3821	106301	1	60001			1	2000
3822	106301	2	60002			1	3000
3823	106301	3	60003			1	4000
3824	106301	4	60004			1	5000
3825	106301	5	60005			2	6000
3826	106301	6	60006			2	7000
3827	106301	7	60007			2	8000
3828	106301	8	60008			2	9000
3829	106301	9	60009			2	10000
3830	106301	10	60010			3	12000
3831	106301	11	60011			3	14000
3832	106301	12	60012			3	16000
3833	106301	13	60013			3	18000
3834	106301	14	60014			3	20000
3835	106301	15	60015			5	22000
3836	106301	16	60016			5	24000
3837	106301	17	60017			5	26000
3838	106301	18					
3839	106306	1	60101			1	2000
3840	106306	2	60102			1	3000
3841	106306	3	60103			1	4000
3842	106306	4	60104			1	5000
3843	106306	5	60105			2	6000
3844	106306	6	60106			2	7000
3845	106306	7	60107			2	8000
3846	106306	8	60108			2	9000
3847	106306	9	60109			2	10000
3848	106306	10	60110			3	12000
3849	106306	11	60111			3	14000
3850	106306	12	60112			3	16000
3851	106306	13	60113			3	18000
3852	106306	14	60114			3	20000
3853	106306	15	60115			5	22000
3854	106306	16	60116			5	24000
3855	106306	17	60117			5	26000
3856	106306	18					
3857	106311	1	60201			1	2000
3858	106311	2	60202			1	3000
3859	106311	3	60203			1	4000
3860	106311	4	60204			1	5000
3861	106311	5	60205			2	6000
3862	106311	6	60206			2	7000
3863	106311	7	60207			2	8000
3864	106311	8	60208			2	9000
3865	106311	9	60209			2	10000
3866	106311	10	60210			3	12000
3867	106311	11	60211			3	14000
3868	106311	12	60212			3	16000
3869	106311	13	60213			3	18000
3870	106311	14	60214			3	20000
3871	106311	15	60215			5	22000
3872	106311	16	60216			5	24000
3873	106311	17	60217			5	26000
3874	106311	18					
3875	106316	1	60001			1	2000
3876	106316	2	60002			1	3000
3877	106316	3	60003			1	4000
3878	106316	4	60004			1	5000
3879	106316	5	60005			2	6000
3880	106316	6	60006			2	7000
3881	106316	7	60007			2	8000
3882	106316	8	60008			2	9000
3883	106316	9	60009			2	10000
3884	106316	10	60010			3	12000
3885	106316	11	60011			3	14000
3886	106316	12	60012			3	16000
3887	106316	13	60013			3	18000
3888	106316	14	60014			3	20000
3889	106316	15	60015			5	22000
3890	106316	16	60016			5	24000
3891	106316	17	60017			5	26000
3892	106316	18					
3893	106317	1	60101			1	2000
3894	106317	2	60102			1	3000
3895	106317	3	60103			1	4000
3896	106317	4	60104			1	5000
3897	106317	5	60105			2	6000
3898	106317	6	60106			2	7000
3899	106317	7	60107			2	8000
3900	106317	8	60108			2	9000
3901	106317	9	60109			2	10000
3902	106317	10	60110			3	12000
3903	106317	11	60111			3	14000
3904	106317	12	60112			3	16000
3905	106317	13	60113			3	18000
3906	106317	14	60114			3	20000
3907	106317	15	60115			5	22000
3908	106317	16	60116			5	24000
3909	106317	17	60117			5	26000
3910	106317	18					
3911	106318	1	60501			1	2000
3912	106318	2	60502			1	3000
3913	106318	3	60503			1	4000
3914	106318	4	60504			1	5000
3915	106318	5	60505			2	6000
3916	106318	6	60506			2	7000
3917	106318	7	60507			2	8000
3918	106318	8	60508			2	9000
3919	106318	9	60509			2	10000
3920	106318	10	60510			3	12000
3921	106318	11	60511			3	14000
3922	106318	12	60512			3	16000
3923	106318	13	60513			3	18000
3924	106318	14	60514			3	20000
3925	106318	15	60515			5	22000
3926	106318	16	60516			5	24000
3927	106318	17	60517			5	26000
3928	106318	18					
3929	106321	1	60201			1	2000
3930	106321	2	60202			1	3000
3931	106321	3	60203			1	4000
3932	106321	4	60204			1	5000
3933	106321	5	60205			2	6000
3934	106321	6	60206			2	7000
3935	106321	7	60207			2	8000
3936	106321	8	60208			2	9000
3937	106321	9	60209			2	10000
3938	106321	10	60210			3	12000
3939	106321	11	60211			3	14000
3940	106321	12	60212			3	16000
3941	106321	13	60213			3	18000
3942	106321	14	60214			3	20000
3943	106321	15	60215			5	22000
3944	106321	16	60216			5	24000
3945	106321	17	60217			5	26000
3946	106321	18					
3947	106322	0	61002			3	25000
3948	106322	1	61002			3	25000
3949	106323	1	60301	61301		1	2000
3950	106323	2	60302	61302		1	3000
3951	106323	3	60303	61303		1	4000
3952	106323	4	60304	61304		1	5000
3953	106323	5	60305	61305		2	6000
3954	106323	6	60306	61306		2	7000
3955	106323	7	60307	61307		2	8000
3956	106323	8	60308	61308		2	9000
3957	106323	9	60309	61309		2	10000
3958	106323	10	60310	61310		3	12000
3959	106323	11	60311	61311		3	14000
3960	106323	12	60312	61312		3	16000
3961	106323	13	60313	61313		3	18000
3962	106323	14	60314	61314		3	20000
3963	106323	15	60315	61315		5	22000
3964	106323	16	60316	61316		5	24000
3965	106323	17	60317	61317		5	26000
3966	106323	18					
3967	106324	0	61004			5	50000
3968	106324	1	61004			5	50000
3969	106325	0	61005			7	75000
3970	106325	1	61005			7	75000
3971	106326	0	61006			10	100000
3972	106326	1	61006			10	100000
3973	106327	0	60411				
3974	106327	1	60411				
3975	106401	1	60001			1	2000
3976	106401	2	60002			1	3000
3977	106401	3	60003			1	4000
3978	106401	4	60004			1	5000
3979	106401	5	60005			2	6000
3980	106401	6	60006			2	7000
3981	106401	7	60007			2	8000
3982	106401	8	60008			2	9000
3983	106401	9	60009			2	10000
3984	106401	10	60010			3	12000
3985	106401	11	60011			3	14000
3986	106401	12	60012			3	16000
3987	106401	13	60013			3	18000
3988	106401	14	60014			3	20000
3989	106401	15	60015			5	22000
3990	106401	16	60016			5	24000
3991	106401	17	60017			5	26000
3992	106401	18					
3993	106406	1	60101			1	2000
3994	106406	2	60102			1	3000
3995	106406	3	60103			1	4000
3996	106406	4	60104			1	5000
3997	106406	5	60105			2	6000
3998	106406	6	60106			2	7000
3999	106406	7	60107			2	8000
4000	106406	8	60108			2	9000
4001	106406	9	60109			2	10000
4002	106406	10	60110			3	12000
4003	106406	11	60111			3	14000
4004	106406	12	60112			3	16000
4005	106406	13	60113			3	18000
4006	106406	14	60114			3	20000
4007	106406	15	60115			5	22000
4008	106406	16	60116			5	24000
4009	106406	17	60117			5	26000
4010	106406	18					
4011	106411	1	60201			1	2000
4012	106411	2	60202			1	3000
4013	106411	3	60203			1	4000
4014	106411	4	60204			1	5000
4015	106411	5	60205			2	6000
4016	106411	6	60206			2	7000
4017	106411	7	60207			2	8000
4018	106411	8	60208			2	9000
4019	106411	9	60209			2	10000
4020	106411	10	60210			3	12000
4021	106411	11	60211			3	14000
4022	106411	12	60212			3	16000
4023	106411	13	60213			3	18000
4024	106411	14	60214			3	20000
4025	106411	15	60215			5	22000
4026	106411	16	60216			5	24000
4027	106411	17	60217			5	26000
4028	106411	18					
4029	106416	1	60001			1	2000
4030	106416	2	60002			1	3000
4031	106416	3	60003			1	4000
4032	106416	4	60004			1	5000
4033	106416	5	60005			2	6000
4034	106416	6	60006			2	7000
4035	106416	7	60007			2	8000
4036	106416	8	60008			2	9000
4037	106416	9	60009			2	10000
4038	106416	10	60010			3	12000
4039	106416	11	60011			3	14000
4040	106416	12	60012			3	16000
4041	106416	13	60013			3	18000
4042	106416	14	60014			3	20000
4043	106416	15	60015			5	22000
4044	106416	16	60016			5	24000
4045	106416	17	60017			5	26000
4046	106416	18					
4047	106417	1	60101			1	2000
4048	106417	2	60102			1	3000
4049	106417	3	60103			1	4000
4050	106417	4	60104			1	5000
4051	106417	5	60105			2	6000
4052	106417	6	60106			2	7000
4053	106417	7	60107			2	8000
4054	106417	8	60108			2	9000
4055	106417	9	60109			2	10000
4056	106417	10	60110			3	12000
4057	106417	11	60111			3	14000
4058	106417	12	60112			3	16000
4059	106417	13	60113			3	18000
4060	106417	14	60114			3	20000
4061	106417	15	60115			5	22000
4062	106417	16	60116			5	24000
4063	106417	17	60117			5	26000
4064	106417	18					
4065	106418	1	60501			1	2000
4066	106418	2	60502			1	3000
4067	106418	3	60503			1	4000
4068	106418	4	60504			1	5000
4069	106418	5	60505			2	6000
4070	106418	6	60506			2	7000
4071	106418	7	60507			2	8000
4072	106418	8	60508			2	9000
4073	106418	9	60509			2	10000
4074	106418	10	60510			3	12000
4075	106418	11	60511			3	14000
4076	106418	12	60512			3	16000
4077	106418	13	60513			3	18000
4078	106418	14	60514			3	20000
4079	106418	15	60515			5	22000
4080	106418	16	60516			5	24000
4081	106418	17	60517			5	26000
4082	106418	18					
4083	106421	1	60201			1	2000
4084	106421	2	60202			1	3000
4085	106421	3	60203			1	4000
4086	106421	4	60204			1	5000
4087	106421	5	60205			2	6000
4088	106421	6	60206			2	7000
4089	106421	7	60207			2	8000
4090	106421	8	60208			2	9000
4091	106421	9	60209			2	10000
4092	106421	10	60210			3	12000
4093	106421	11	60211			3	14000
4094	106421	12	60212			3	16000
4095	106421	13	60213			3	18000
4096	106421	14	60214			3	20000
4097	106421	15	60215			5	22000
4098	106421	16	60216			5	24000
4099	106421	17	60217			5	26000
4100	106421	18					
4101	106422	0	61002			3	25000
4102	106422	1	61002			3	25000
4103	106423	1	60301	61301		1	2000
4104	106423	2	60302	61302		1	3000
4105	106423	3	60303	61303		1	4000
4106	106423	4	60304	61304		1	5000
4107	106423	5	60305	61305		2	6000
4108	106423	6	60306	61306		2	7000
4109	106423	7	60307	61307		2	8000
4110	106423	8	60308	61308		2	9000
4111	106423	9	60309	61309		2	10000
4112	106423	10	60310	61310		3	12000
4113	106423	11	60311	61311		3	14000
4114	106423	12	60312	61312		3	16000
4115	106423	13	60313	61313		3	18000
4116	106423	14	60314	61314		3	20000
4117	106423	15	60315	61315		5	22000
4118	106423	16	60316	61316		5	24000
4119	106423	17	60317	61317		5	26000
4120	106423	18					
4121	106424	0	62004			2	20000
4122	106424	1	62005			3	30000
4123	106424	2	62005			5	50000
4124	106425	0	62006			3	35000
4125	106425	1	62007			4	40000
4126	106425	2	62007			7	75000
4127	106426	0	62008			3	30000
4128	106426	1	62009			3	30000
4129	106426	2	62010			4	40000
4130	106426	3	62010			10	100000
4131	106427	0	60479				
4132	106427	1	60479				
4133	106428	1	60201			1	2000
4134	106428	2	60202			1	3000
4135	106428	3	60203			1	4000
4136	106428	4	60204			1	5000
4137	106428	5	60205			2	6000
4138	106428	6	60206			2	7000
4139	106428	7	60207			2	8000
4140	106428	8	60208			2	9000
4141	106428	9	60209			2	10000
4142	106428	10	60210			3	12000
4143	106428	11	60211			3	14000
4144	106428	12	60212			3	16000
4145	106428	13	60213			3	18000
4146	106428	14	60214			3	20000
4147	106428	15	60215			5	22000
4148	106428	16	60216			5	24000
4149	106428	17	60217			5	26000
4150	106428	18					
4151	107201	1	60001			1	2000
4152	107201	2	60002			1	3000
4153	107201	3	60003			1	4000
4154	107201	4	60004			1	5000
4155	107201	5	60005			2	6000
4156	107201	6	60006			2	7000
4157	107201	7	60007			2	8000
4158	107201	8	60008			2	9000
4159	107201	9	60009			2	10000
4160	107201	10	60010			3	12000
4161	107201	11	60011			3	14000
4162	107201	12	60012			3	16000
4163	107201	13	60013			3	18000
4164	107201	14	60014			3	20000
4165	107201	15	60015			5	22000
4166	107201	16	60016			5	24000
4167	107201	17	60017			5	26000
4168	107201	18					
4169	107206	1	60101			1	2000
4170	107206	2	60102			1	3000
4171	107206	3	60103			1	4000
4172	107206	4	60104			1	5000
4173	107206	5	60105			2	6000
4174	107206	6	60106			2	7000
4175	107206	7	60107			2	8000
4176	107206	8	60108			2	9000
4177	107206	9	60109			2	10000
4178	107206	10	60110			3	12000
4179	107206	11	60111			3	14000
4180	107206	12	60112			3	16000
4181	107206	13	60113			3	18000
4182	107206	14	60114			3	20000
4183	107206	15	60115			5	22000
4184	107206	16	60116			5	24000
4185	107206	17	60117			5	26000
4186	107206	18					
4187	107211	1	60201			1	2000
4188	107211	2	60202			1	3000
4189	107211	3	60203			1	4000
4190	107211	4	60204			1	5000
4191	107211	5	60205			2	6000
4192	107211	6	60206			2	7000
4193	107211	7	60207			2	8000
4194	107211	8	60208			2	9000
4195	107211	9	60209			2	10000
4196	107211	10	60210			3	12000
4197	107211	11	60211			3	14000
4198	107211	12	60212			3	16000
4199	107211	13	60213			3	18000
4200	107211	14	60214			3	20000
4201	107211	15	60215			5	22000
4202	107211	16	60216			5	24000
4203	107211	17	60217			5	26000
4204	107211	18					
4205	107216	1	60001			1	2000
4206	107216	2	60002			1	3000
4207	107216	3	60003			1	4000
4208	107216	4	60004			1	5000
4209	107216	5	60005			2	6000
4210	107216	6	60006			2	7000
4211	107216	7	60007			2	8000
4212	107216	8	60008			2	9000
4213	107216	9	60009			2	10000
4214	107216	10	60010			3	12000
4215	107216	11	60011			3	14000
4216	107216	12	60012			3	16000
4217	107216	13	60013			3	18000
4218	107216	14	60014			3	20000
4219	107216	15	60015			5	22000
4220	107216	16	60016			5	24000
4221	107216	17	60017			5	26000
4222	107216	18					
4223	107217	1	60101			1	2000
4224	107217	2	60102			1	3000
4225	107217	3	60103			1	4000
4226	107217	4	60104			1	5000
4227	107217	5	60105			2	6000
4228	107217	6	60106			2	7000
4229	107217	7	60107			2	8000
4230	107217	8	60108			2	9000
4231	107217	9	60109			2	10000
4232	107217	10	60110			3	12000
4233	107217	11	60111			3	14000
4234	107217	12	60112			3	16000
4235	107217	13	60113			3	18000
4236	107217	14	60114			3	20000
4237	107217	15	60115			5	22000
4238	107217	16	60116			5	24000
4239	107217	17	60117			5	26000
4240	107217	18					
4241	107218	1	60501			1	2000
4242	107218	2	60502			1	3000
4243	107218	3	60503			1	4000
4244	107218	4	60504			1	5000
4245	107218	5	60505			2	6000
4246	107218	6	60506			2	7000
4247	107218	7	60507			2	8000
4248	107218	8	60508			2	9000
4249	107218	9	60509			2	10000
4250	107218	10	60510			3	12000
4251	107218	11	60511			3	14000
4252	107218	12	60512			3	16000
4253	107218	13	60513			3	18000
4254	107218	14	60514			3	20000
4255	107218	15	60515			5	22000
4256	107218	16	60516			5	24000
4257	107218	17	60517			5	26000
4258	107218	18					
4259	107221	1	60201			1	2000
4260	107221	2	60202			1	3000
4261	107221	3	60203			1	4000
4262	107221	4	60204			1	5000
4263	107221	5	60205			2	6000
4264	107221	6	60206			2	7000
4265	107221	7	60207			2	8000
4266	107221	8	60208			2	9000
4267	107221	9	60209			2	10000
4268	107221	10	60210			3	12000
4269	107221	11	60211			3	14000
4270	107221	12	60212			3	16000
4271	107221	13	60213			3	18000
4272	107221	14	60214			3	20000
4273	107221	15	60215			5	22000
4274	107221	16	60216			5	24000
4275	107221	17	60217			5	26000
4276	107221	18					
4277	107222	0	61002			3	25000
4278	107222	1	61002			3	25000
4279	107223	1	60301	61301		1	2000
4280	107223	2	60302	61302		1	3000
4281	107223	3	60303	61303		1	4000
4282	107223	4	60304	61304		1	5000
4283	107223	5	60305	61305		2	6000
4284	107223	6	60306	61306		2	7000
4285	107223	7	60307	61307		2	8000
4286	107223	8	60308	61308		2	9000
4287	107223	9	60309	61309		2	10000
4288	107223	10	60310	61310		3	12000
4289	107223	11	60311	61311		3	14000
4290	107223	12	60312	61312		3	16000
4291	107223	13	60313	61313		3	18000
4292	107223	14	60314	61314		3	20000
4293	107223	15	60315	61315		5	22000
4294	107223	16	60316	61316		5	24000
4295	107223	17	60317	61317		5	26000
4296	107223	18					
4297	107224	0	61004			5	50000
4298	107224	1	61004			5	50000
4299	107225	0	61005			7	75000
4300	107225	1	61005			7	75000
4301	107226	0	61006			10	100000
4302	107226	1	61006			10	100000
4303	107227	0	60406				
4304	107227	1	60406				
4305	107301	1	60001			1	2000
4306	107301	2	60002			1	3000
4307	107301	3	60003			1	4000
4308	107301	4	60004			1	5000
4309	107301	5	60005			2	6000
4310	107301	6	60006			2	7000
4311	107301	7	60007			2	8000
4312	107301	8	60008			2	9000
4313	107301	9	60009			2	10000
4314	107301	10	60010			3	12000
4315	107301	11	60011			3	14000
4316	107301	12	60012			3	16000
4317	107301	13	60013			3	18000
4318	107301	14	60014			3	20000
4319	107301	15	60015			5	22000
4320	107301	16	60016			5	24000
4321	107301	17	60017			5	26000
4322	107301	18					
4323	107306	1	60101			1	2000
4324	107306	2	60102			1	3000
4325	107306	3	60103			1	4000
4326	107306	4	60104			1	5000
4327	107306	5	60105			2	6000
4328	107306	6	60106			2	7000
4329	107306	7	60107			2	8000
4330	107306	8	60108			2	9000
4331	107306	9	60109			2	10000
4332	107306	10	60110			3	12000
4333	107306	11	60111			3	14000
4334	107306	12	60112			3	16000
4335	107306	13	60113			3	18000
4336	107306	14	60114			3	20000
4337	107306	15	60115			5	22000
4338	107306	16	60116			5	24000
4339	107306	17	60117			5	26000
4340	107306	18					
4341	107311	1	60201			1	2000
4342	107311	2	60202			1	3000
4343	107311	3	60203			1	4000
4344	107311	4	60204			1	5000
4345	107311	5	60205			2	6000
4346	107311	6	60206			2	7000
4347	107311	7	60207			2	8000
4348	107311	8	60208			2	9000
4349	107311	9	60209			2	10000
4350	107311	10	60210			3	12000
4351	107311	11	60211			3	14000
4352	107311	12	60212			3	16000
4353	107311	13	60213			3	18000
4354	107311	14	60214			3	20000
4355	107311	15	60215			5	22000
4356	107311	16	60216			5	24000
4357	107311	17	60217			5	26000
4358	107311	18					
4359	107316	1	60001			1	2000
4360	107316	2	60002			1	3000
4361	107316	3	60003			1	4000
4362	107316	4	60004			1	5000
4363	107316	5	60005			2	6000
4364	107316	6	60006			2	7000
4365	107316	7	60007			2	8000
4366	107316	8	60008			2	9000
4367	107316	9	60009			2	10000
4368	107316	10	60010			3	12000
4369	107316	11	60011			3	14000
4370	107316	12	60012			3	16000
4371	107316	13	60013			3	18000
4372	107316	14	60014			3	20000
4373	107316	15	60015			5	22000
4374	107316	16	60016			5	24000
4375	107316	17	60017			5	26000
4376	107316	18					
4377	107317	1	60101			1	2000
4378	107317	2	60102			1	3000
4379	107317	3	60103			1	4000
4380	107317	4	60104			1	5000
4381	107317	5	60105			2	6000
4382	107317	6	60106			2	7000
4383	107317	7	60107			2	8000
4384	107317	8	60108			2	9000
4385	107317	9	60109			2	10000
4386	107317	10	60110			3	12000
4387	107317	11	60111			3	14000
4388	107317	12	60112			3	16000
4389	107317	13	60113			3	18000
4390	107317	14	60114			3	20000
4391	107317	15	60115			5	22000
4392	107317	16	60116			5	24000
4393	107317	17	60117			5	26000
4394	107317	18					
4395	107318	1	60501			1	2000
4396	107318	2	60502			1	3000
4397	107318	3	60503			1	4000
4398	107318	4	60504			1	5000
4399	107318	5	60505			2	6000
4400	107318	6	60506			2	7000
4401	107318	7	60507			2	8000
4402	107318	8	60508			2	9000
4403	107318	9	60509			2	10000
4404	107318	10	60510			3	12000
4405	107318	11	60511			3	14000
4406	107318	12	60512			3	16000
4407	107318	13	60513			3	18000
4408	107318	14	60514			3	20000
4409	107318	15	60515			5	22000
4410	107318	16	60516			5	24000
4411	107318	17	60517			5	26000
4412	107318	18					
4413	107321	1	60201			1	2000
4414	107321	2	60202			1	3000
4415	107321	3	60203			1	4000
4416	107321	4	60204			1	5000
4417	107321	5	60205			2	6000
4418	107321	6	60206			2	7000
4419	107321	7	60207			2	8000
4420	107321	8	60208			2	9000
4421	107321	9	60209			2	10000
4422	107321	10	60210			3	12000
4423	107321	11	60211			3	14000
4424	107321	12	60212			3	16000
4425	107321	13	60213			3	18000
4426	107321	14	60214			3	20000
4427	107321	15	60215			5	22000
4428	107321	16	60216			5	24000
4429	107321	17	60217			5	26000
4430	107321	18					
4431	107322	0	61002			3	25000
4432	107322	1	61002			3	25000
4433	107323	1	60301	61301		1	2000
4434	107323	2	60302	61302		1	3000
4435	107323	3	60303	61303		1	4000
4436	107323	4	60304	61304		1	5000
4437	107323	5	60305	61305		2	6000
4438	107323	6	60306	61306		2	7000
4439	107323	7	60307	61307		2	8000
4440	107323	8	60308	61308		2	9000
4441	107323	9	60309	61309		2	10000
4442	107323	10	60310	61310		3	12000
4443	107323	11	60311	61311		3	14000
4444	107323	12	60312	61312		3	16000
4445	107323	13	60313	61313		3	18000
4446	107323	14	60314	61314		3	20000
4447	107323	15	60315	61315		5	22000
4448	107323	16	60316	61316		5	24000
4449	107323	17	60317	61317		5	26000
4450	107323	18					
4451	107324	0	61004			5	50000
4452	107324	1	61004			5	50000
4453	107325	0	61005			7	75000
4454	107325	1	61005			7	75000
4455	107326	0	61006			10	100000
4456	107326	1	61006			10	100000
4457	107327	0	60413				
4458	107327	1	60413				
4459	107401	1	60001			1	2000
4460	107401	2	60002			1	3000
4461	107401	3	60003			1	4000
4462	107401	4	60004			1	5000
4463	107401	5	60005			2	6000
4464	107401	6	60006			2	7000
4465	107401	7	60007			2	8000
4466	107401	8	60008			2	9000
4467	107401	9	60009			2	10000
4468	107401	10	60010			3	12000
4469	107401	11	60011			3	14000
4470	107401	12	60012			3	16000
4471	107401	13	60013			3	18000
4472	107401	14	60014			3	20000
4473	107401	15	60015			5	22000
4474	107401	16	60016			5	24000
4475	107401	17	60017			5	26000
4476	107401	18					
4477	107406	1	60101			1	2000
4478	107406	2	60102			1	3000
4479	107406	3	60103			1	4000
4480	107406	4	60104			1	5000
4481	107406	5	60105			2	6000
4482	107406	6	60106			2	7000
4483	107406	7	60107			2	8000
4484	107406	8	60108			2	9000
4485	107406	9	60109			2	10000
4486	107406	10	60110			3	12000
4487	107406	11	60111			3	14000
4488	107406	12	60112			3	16000
4489	107406	13	60113			3	18000
4490	107406	14	60114			3	20000
4491	107406	15	60115			5	22000
4492	107406	16	60116			5	24000
4493	107406	17	60117			5	26000
4494	107406	18					
4495	107411	1	60201			1	2000
4496	107411	2	60202			1	3000
4497	107411	3	60203			1	4000
4498	107411	4	60204			1	5000
4499	107411	5	60205			2	6000
4500	107411	6	60206			2	7000
4501	107411	7	60207			2	8000
4502	107411	8	60208			2	9000
4503	107411	9	60209			2	10000
4504	107411	10	60210			3	12000
4505	107411	11	60211			3	14000
4506	107411	12	60212			3	16000
4507	107411	13	60213			3	18000
4508	107411	14	60214			3	20000
4509	107411	15	60215			5	22000
4510	107411	16	60216			5	24000
4511	107411	17	60217			5	26000
4512	107411	18					
4513	107416	1	60001			1	2000
4514	107416	2	60002			1	3000
4515	107416	3	60003			1	4000
4516	107416	4	60004			1	5000
4517	107416	5	60005			2	6000
4518	107416	6	60006			2	7000
4519	107416	7	60007			2	8000
4520	107416	8	60008			2	9000
4521	107416	9	60009			2	10000
4522	107416	10	60010			3	12000
4523	107416	11	60011			3	14000
4524	107416	12	60012			3	16000
4525	107416	13	60013			3	18000
4526	107416	14	60014			3	20000
4527	107416	15	60015			5	22000
4528	107416	16	60016			5	24000
4529	107416	17	60017			5	26000
4530	107416	18					
4531	107417	1	60101			1	2000
4532	107417	2	60102			1	3000
4533	107417	3	60103			1	4000
4534	107417	4	60104			1	5000
4535	107417	5	60105			2	6000
4536	107417	6	60106			2	7000
4537	107417	7	60107			2	8000
4538	107417	8	60108			2	9000
4539	107417	9	60109			2	10000
4540	107417	10	60110			3	12000
4541	107417	11	60111			3	14000
4542	107417	12	60112			3	16000
4543	107417	13	60113			3	18000
4544	107417	14	60114			3	20000
4545	107417	15	60115			5	22000
4546	107417	16	60116			5	24000
4547	107417	17	60117			5	26000
4548	107417	18					
4549	107418	1	60501			1	2000
4550	107418	2	60502			1	3000
4551	107418	3	60503			1	4000
4552	107418	4	60504			1	5000
4553	107418	5	60505			2	6000
4554	107418	6	60506			2	7000
4555	107418	7	60507			2	8000
4556	107418	8	60508			2	9000
4557	107418	9	60509			2	10000
4558	107418	10	60510			3	12000
4559	107418	11	60511			3	14000
4560	107418	12	60512			3	16000
4561	107418	13	60513			3	18000
4562	107418	14	60514			3	20000
4563	107418	15	60515			5	22000
4564	107418	16	60516			5	24000
4565	107418	17	60517			5	26000
4566	107418	18					
4567	107421	1	60201			1	2000
4568	107421	2	60202			1	3000
4569	107421	3	60203			1	4000
4570	107421	4	60204			1	5000
4571	107421	5	60205			2	6000
4572	107421	6	60206			2	7000
4573	107421	7	60207			2	8000
4574	107421	8	60208			2	9000
4575	107421	9	60209			2	10000
4576	107421	10	60210			3	12000
4577	107421	11	60211			3	14000
4578	107421	12	60212			3	16000
4579	107421	13	60213			3	18000
4580	107421	14	60214			3	20000
4581	107421	15	60215			5	22000
4582	107421	16	60216			5	24000
4583	107421	17	60217			5	26000
4584	107421	18					
4585	107422	0	61002			3	25000
4586	107422	1	61002			3	25000
4587	107423	1	60301	61301		1	2000
4588	107423	2	60302	61302		1	3000
4589	107423	3	60303	61303		1	4000
4590	107423	4	60304	61304		1	5000
4591	107423	5	60305	61305		2	6000
4592	107423	6	60306	61306		2	7000
4593	107423	7	60307	61307		2	8000
4594	107423	8	60308	61308		2	9000
4595	107423	9	60309	61309		2	10000
4596	107423	10	60310	61310		3	12000
4597	107423	11	60311	61311		3	14000
4598	107423	12	60312	61312		3	16000
4599	107423	13	60313	61313		3	18000
4600	107423	14	60314	61314		3	20000
4601	107423	15	60315	61315		5	22000
4602	107423	16	60316	61316		5	24000
4603	107423	17	60317	61317		5	26000
4604	107423	18					
4605	107424	0	62004			2	20000
4606	107424	1	62005			3	30000
4607	107424	2	62005			5	50000
4608	107425	0	62006			3	35000
4609	107425	1	62007			4	40000
4610	107425	2	62007			7	75000
4611	107426	0	62008			3	30000
4612	107426	1	62009			3	30000
4613	107426	2	62010			4	40000
4614	107426	3	62010			10	100000
4615	107427	0	60442				
4616	107427	1	60442				
4617	107501	1	60001			1	2000
4618	107501	2	60002			1	3000
4619	107501	3	60003			1	4000
4620	107501	4	60004			1	5000
4621	107501	5	60005			2	6000
4622	107501	6	60006			2	7000
4623	107501	7	60007			2	8000
4624	107501	8	60008			2	9000
4625	107501	9	60009			2	10000
4626	107501	10	60010			3	12000
4627	107501	11	60011			3	14000
4628	107501	12	60012			3	16000
4629	107501	13	60013			3	18000
4630	107501	14	60014			3	20000
4631	107501	15	60015			5	22000
4632	107501	16	60016			5	24000
4633	107501	17	60017			5	26000
4634	107501	18					
4635	107506	1	60101			1	2000
4636	107506	2	60102			1	3000
4637	107506	3	60103			1	4000
4638	107506	4	60104			1	5000
4639	107506	5	60105			2	6000
4640	107506	6	60106			2	7000
4641	107506	7	60107			2	8000
4642	107506	8	60108			2	9000
4643	107506	9	60109			2	10000
4644	107506	10	60110			3	12000
4645	107506	11	60111			3	14000
4646	107506	12	60112			3	16000
4647	107506	13	60113			3	18000
4648	107506	14	60114			3	20000
4649	107506	15	60115			5	22000
4650	107506	16	60116			5	24000
4651	107506	17	60117			5	26000
4652	107506	18					
4653	107511	1	60201			1	2000
4654	107511	2	60202			1	3000
4655	107511	3	60203			1	4000
4656	107511	4	60204			1	5000
4657	107511	5	60205			2	6000
4658	107511	6	60206			2	7000
4659	107511	7	60207			2	8000
4660	107511	8	60208			2	9000
4661	107511	9	60209			2	10000
4662	107511	10	60210			3	12000
4663	107511	11	60211			3	14000
4664	107511	12	60212			3	16000
4665	107511	13	60213			3	18000
4666	107511	14	60214			3	20000
4667	107511	15	60215			5	22000
4668	107511	16	60216			5	24000
4669	107511	17	60217			5	26000
4670	107511	18					
4671	107516	1	60001			1	2000
4672	107516	2	60002			1	3000
4673	107516	3	60003			1	4000
4674	107516	4	60004			1	5000
4675	107516	5	60005			2	6000
4676	107516	6	60006			2	7000
4677	107516	7	60007			2	8000
4678	107516	8	60008			2	9000
4679	107516	9	60009			2	10000
4680	107516	10	60010			3	12000
4681	107516	11	60011			3	14000
4682	107516	12	60012			3	16000
4683	107516	13	60013			3	18000
4684	107516	14	60014			3	20000
4685	107516	15	60015			5	22000
4686	107516	16	60016			5	24000
4687	107516	17	60017			5	26000
4688	107516	18					
4689	107517	1	60101			1	2000
4690	107517	2	60102			1	3000
4691	107517	3	60103			1	4000
4692	107517	4	60104			1	5000
4693	107517	5	60105			2	6000
4694	107517	6	60106			2	7000
4695	107517	7	60107			2	8000
4696	107517	8	60108			2	9000
4697	107517	9	60109			2	10000
4698	107517	10	60110			3	12000
4699	107517	11	60111			3	14000
4700	107517	12	60112			3	16000
4701	107517	13	60113			3	18000
4702	107517	14	60114			3	20000
4703	107517	15	60115			5	22000
4704	107517	16	60116			5	24000
4705	107517	17	60117			5	26000
4706	107517	18					
4707	107518	1	60501			1	2000
4708	107518	2	60502			1	3000
4709	107518	3	60503			1	4000
4710	107518	4	60504			1	5000
4711	107518	5	60505			2	6000
4712	107518	6	60506			2	7000
4713	107518	7	60507			2	8000
4714	107518	8	60508			2	9000
4715	107518	9	60509			2	10000
4716	107518	10	60510			3	12000
4717	107518	11	60511			3	14000
4718	107518	12	60512			3	16000
4719	107518	13	60513			3	18000
4720	107518	14	60514			3	20000
4721	107518	15	60515			5	22000
4722	107518	16	60516			5	24000
4723	107518	17	60517			5	26000
4724	107518	18					
4725	107521	1	60201			1	2000
4726	107521	2	60202			1	3000
4727	107521	3	60203			1	4000
4728	107521	4	60204			1	5000
4729	107521	5	60205			2	6000
4730	107521	6	60206			2	7000
4731	107521	7	60207			2	8000
4732	107521	8	60208			2	9000
4733	107521	9	60209			2	10000
4734	107521	10	60210			3	12000
4735	107521	11	60211			3	14000
4736	107521	12	60212			3	16000
4737	107521	13	60213			3	18000
4738	107521	14	60214			3	20000
4739	107521	15	60215			5	22000
4740	107521	16	60216			5	24000
4741	107521	17	60217			5	26000
4742	107521	18					
4743	107522	0	61002			3	25000
4744	107522	1	61002			3	25000
4745	107523	1	60301	61301		1	2000
4746	107523	2	60302	61302		1	3000
4747	107523	3	60303	61303		1	4000
4748	107523	4	60304	61304		1	5000
4749	107523	5	60305	61305		2	6000
4750	107523	6	60306	61306		2	7000
4751	107523	7	60307	61307		2	8000
4752	107523	8	60308	61308		2	9000
4753	107523	9	60309	61309		2	10000
4754	107523	10	60310	61310		3	12000
4755	107523	11	60311	61311		3	14000
4756	107523	12	60312	61312		3	16000
4757	107523	13	60313	61313		3	18000
4758	107523	14	60314	61314		3	20000
4759	107523	15	60315	61315		5	22000
4760	107523	16	60316	61316		5	24000
4761	107523	17	60317	61317		5	26000
4762	107523	18					
4763	107524	0	62004			2	20000
4764	107524	1	62005			3	30000
4765	107524	2	62005			5	50000
4766	107525	0	62006			3	35000
4767	107525	1	62007			4	40000
4768	107525	2	62007			7	75000
4769	107526	0	62008			3	30000
4770	107526	1	62009			3	30000
4771	107526	2	62010			4	40000
4772	107526	3	62010			10	100000
4773	107527	0	60482				
4774	107527	1	60482				
4775	108201	1	60001			1	2000
4776	108201	2	60002			1	3000
4777	108201	3	60003			1	4000
4778	108201	4	60004			1	5000
4779	108201	5	60005			2	6000
4780	108201	6	60006			2	7000
4781	108201	7	60007			2	8000
4782	108201	8	60008			2	9000
4783	108201	9	60009			2	10000
4784	108201	10	60010			3	12000
4785	108201	11	60011			3	14000
4786	108201	12	60012			3	16000
4787	108201	13	60013			3	18000
4788	108201	14	60014			3	20000
4789	108201	15	60015			5	22000
4790	108201	16	60016			5	24000
4791	108201	17	60017			5	26000
4792	108201	18					
4793	108206	1	60101			1	2000
4794	108206	2	60102			1	3000
4795	108206	3	60103			1	4000
4796	108206	4	60104			1	5000
4797	108206	5	60105			2	6000
4798	108206	6	60106			2	7000
4799	108206	7	60107			2	8000
4800	108206	8	60108			2	9000
4801	108206	9	60109			2	10000
4802	108206	10	60110			3	12000
4803	108206	11	60111			3	14000
4804	108206	12	60112			3	16000
4805	108206	13	60113			3	18000
4806	108206	14	60114			3	20000
4807	108206	15	60115			5	22000
4808	108206	16	60116			5	24000
4809	108206	17	60117			5	26000
4810	108206	18					
4811	108211	1	60201			1	2000
4812	108211	2	60202			1	3000
4813	108211	3	60203			1	4000
4814	108211	4	60204			1	5000
4815	108211	5	60205			2	6000
4816	108211	6	60206			2	7000
4817	108211	7	60207			2	8000
4818	108211	8	60208			2	9000
4819	108211	9	60209			2	10000
4820	108211	10	60210			3	12000
4821	108211	11	60211			3	14000
4822	108211	12	60212			3	16000
4823	108211	13	60213			3	18000
4824	108211	14	60214			3	20000
4825	108211	15	60215			5	22000
4826	108211	16	60216			5	24000
4827	108211	17	60217			5	26000
4828	108211	18					
4829	108216	1	60001			1	2000
4830	108216	2	60002			1	3000
4831	108216	3	60003			1	4000
4832	108216	4	60004			1	5000
4833	108216	5	60005			2	6000
4834	108216	6	60006			2	7000
4835	108216	7	60007			2	8000
4836	108216	8	60008			2	9000
4837	108216	9	60009			2	10000
4838	108216	10	60010			3	12000
4839	108216	11	60011			3	14000
4840	108216	12	60012			3	16000
4841	108216	13	60013			3	18000
4842	108216	14	60014			3	20000
4843	108216	15	60015			5	22000
4844	108216	16	60016			5	24000
4845	108216	17	60017			5	26000
4846	108216	18					
4847	108217	1	60101			1	2000
4848	108217	2	60102			1	3000
4849	108217	3	60103			1	4000
4850	108217	4	60104			1	5000
4851	108217	5	60105			2	6000
4852	108217	6	60106			2	7000
4853	108217	7	60107			2	8000
4854	108217	8	60108			2	9000
4855	108217	9	60109			2	10000
4856	108217	10	60110			3	12000
4857	108217	11	60111			3	14000
4858	108217	12	60112			3	16000
4859	108217	13	60113			3	18000
4860	108217	14	60114			3	20000
4861	108217	15	60115			5	22000
4862	108217	16	60116			5	24000
4863	108217	17	60117			5	26000
4864	108217	18					
4865	108218	1	60501			1	2000
4866	108218	2	60502			1	3000
4867	108218	3	60503			1	4000
4868	108218	4	60504			1	5000
4869	108218	5	60505			2	6000
4870	108218	6	60506			2	7000
4871	108218	7	60507			2	8000
4872	108218	8	60508			2	9000
4873	108218	9	60509			2	10000
4874	108218	10	60510			3	12000
4875	108218	11	60511			3	14000
4876	108218	12	60512			3	16000
4877	108218	13	60513			3	18000
4878	108218	14	60514			3	20000
4879	108218	15	60515			5	22000
4880	108218	16	60516			5	24000
4881	108218	17	60517			5	26000
4882	108218	18					
4883	108221	1	60201			1	2000
4884	108221	2	60202			1	3000
4885	108221	3	60203			1	4000
4886	108221	4	60204			1	5000
4887	108221	5	60205			2	6000
4888	108221	6	60206			2	7000
4889	108221	7	60207			2	8000
4890	108221	8	60208			2	9000
4891	108221	9	60209			2	10000
4892	108221	10	60210			3	12000
4893	108221	11	60211			3	14000
4894	108221	12	60212			3	16000
4895	108221	13	60213			3	18000
4896	108221	14	60214			3	20000
4897	108221	15	60215			5	22000
4898	108221	16	60216			5	24000
4899	108221	17	60217			5	26000
4900	108221	18					
4901	108222	0	61002			3	25000
4902	108222	1	61002			3	25000
4903	108223	1	60301	61301		1	2000
4904	108223	2	60302	61302		1	3000
4905	108223	3	60303	61303		1	4000
4906	108223	4	60304	61304		1	5000
4907	108223	5	60305	61305		2	6000
4908	108223	6	60306	61306		2	7000
4909	108223	7	60307	61307		2	8000
4910	108223	8	60308	61308		2	9000
4911	108223	9	60309	61309		2	10000
4912	108223	10	60310	61310		3	12000
4913	108223	11	60311	61311		3	14000
4914	108223	12	60312	61312		3	16000
4915	108223	13	60313	61313		3	18000
4916	108223	14	60314	61314		3	20000
4917	108223	15	60315	61315		5	22000
4918	108223	16	60316	61316		5	24000
4919	108223	17	60317	61317		5	26000
4920	108223	18					
4921	108224	0	61004			5	50000
4922	108224	1	61004			5	50000
4923	108225	0	61005			7	75000
4924	108225	1	61005			7	75000
4925	108226	0	61006			10	100000
4926	108226	1	61006			10	100000
4927	108227	0	60407				
4928	108227	1	60407				
4929	108301	1	60000			1	2000
4930	108301	2	60002			1	3000
4931	108301	3	60003			1	4000
4932	108301	4	60004			1	5000
4933	108301	5	60005			2	6000
4934	108301	6	60006			2	7000
4935	108301	7	60007			2	8000
4936	108301	8	60008			2	9000
4937	108301	9	60009			2	10000
4938	108301	10	60010			3	12000
4939	108301	11	60011			3	14000
4940	108301	12	60012			3	16000
4941	108301	13	60013			3	18000
4942	108301	14	60014			3	20000
4943	108301	15	60015			5	22000
4944	108301	16	60016			5	24000
4945	108301	17	60017			5	26000
4946	108301	18					
4947	108306	1	60101			1	2000
4948	108306	2	60102			1	3000
4949	108306	3	60103			1	4000
4950	108306	4	60104			1	5000
4951	108306	5	60105			2	6000
4952	108306	6	60106			2	7000
4953	108306	7	60107			2	8000
4954	108306	8	60108			2	9000
4955	108306	9	60109			2	10000
4956	108306	10	60110			3	12000
4957	108306	11	60111			3	14000
4958	108306	12	60112			3	16000
4959	108306	13	60113			3	18000
4960	108306	14	60114			3	20000
4961	108306	15	60115			5	22000
4962	108306	16	60116			5	24000
4963	108306	17	60117			5	26000
4964	108306	18					
4965	108311	1	60201			1	2000
4966	108311	2	60202			1	3000
4967	108311	3	60203			1	4000
4968	108311	4	60204			1	5000
4969	108311	5	60205			2	6000
4970	108311	6	60206			2	7000
4971	108311	7	60207			2	8000
4972	108311	8	60208			2	9000
4973	108311	9	60209			2	10000
4974	108311	10	60210			3	12000
4975	108311	11	60211			3	14000
4976	108311	12	60212			3	16000
4977	108311	13	60213			3	18000
4978	108311	14	60214			3	20000
4979	108311	15	60215			5	22000
4980	108311	16	60216			5	24000
4981	108311	17	60217			5	26000
4982	108311	18					
4983	108316	1	60001			1	2000
4984	108316	2	60002			1	3000
4985	108316	3	60003			1	4000
4986	108316	4	60004			1	5000
4987	108316	5	60005			2	6000
4988	108316	6	60006			2	7000
4989	108316	7	60007			2	8000
4990	108316	8	60008			2	9000
4991	108316	9	60009			2	10000
4992	108316	10	60010			3	12000
4993	108316	11	60011			3	14000
4994	108316	12	60012			3	16000
4995	108316	13	60013			3	18000
4996	108316	14	60014			3	20000
4997	108316	15	60015			5	22000
4998	108316	16	60016			5	24000
4999	108316	17	60017			5	26000
5000	108316	18					
5001	108317	1	60101			1	2000
5002	108317	2	60102			1	3000
5003	108317	3	60103			1	4000
5004	108317	4	60104			1	5000
5005	108317	5	60105			2	6000
5006	108317	6	60106			2	7000
5007	108317	7	60107			2	8000
5008	108317	8	60108			2	9000
5009	108317	9	60109			2	10000
5010	108317	10	60110			3	12000
5011	108317	11	60111			3	14000
5012	108317	12	60112			3	16000
5013	108317	13	60113			3	18000
5014	108317	14	60114			3	20000
5015	108317	15	60115			5	22000
5016	108317	16	60116			5	24000
5017	108317	17	60117			5	26000
5018	108317	18					
5019	108318	1	60501			1	2000
5020	108318	2	60502			1	3000
5021	108318	3	60503			1	4000
5022	108318	4	60504			1	5000
5023	108318	5	60505			2	6000
5024	108318	6	60506			2	7000
5025	108318	7	60507			2	8000
5026	108318	8	60508			2	9000
5027	108318	9	60509			2	10000
5028	108318	10	60510			3	12000
5029	108318	11	60511			3	14000
5030	108318	12	60512			3	16000
5031	108318	13	60513			3	18000
5032	108318	14	60514			3	20000
5033	108318	15	60515			5	22000
5034	108318	16	60516			5	24000
5035	108318	17	60517			5	26000
5036	108318	18					
5037	108321	1	60201			1	2000
5038	108321	2	60202			1	3000
5039	108321	3	60203			1	4000
5040	108321	4	60204			1	5000
5041	108321	5	60205			2	6000
5042	108321	6	60206			2	7000
5043	108321	7	60207			2	8000
5044	108321	8	60208			2	9000
5045	108321	9	60209			2	10000
5046	108321	10	60210			3	12000
5047	108321	11	60211			3	14000
5048	108321	12	60212			3	16000
5049	108321	13	60213			3	18000
5050	108321	14	60214			3	20000
5051	108321	15	60215			5	22000
5052	108321	16	60216			5	24000
5053	108321	17	60217			5	26000
5054	108321	18					
5055	108322	0	61002			3	25000
5056	108322	1	61002			3	25000
5057	108323	1	60301	61301		1	2000
5058	108323	2	60302	61302		1	3000
5059	108323	3	60303	61303		1	4000
5060	108323	4	60304	61304		1	5000
5061	108323	5	60305	61305		2	6000
5062	108323	6	60306	61306		2	7000
5063	108323	7	60307	61307		2	8000
5064	108323	8	60308	61308		2	9000
5065	108323	9	60309	61309		2	10000
5066	108323	10	60310	61310		3	12000
5067	108323	11	60311	61311		3	14000
5068	108323	12	60312	61312		3	16000
5069	108323	13	60313	61313		3	18000
5070	108323	14	60314	61314		3	20000
5071	108323	15	60315	61315		5	22000
5072	108323	16	60316	61316		5	24000
5073	108323	17	60317	61317		5	26000
5074	108323	18					
5075	108324	0	61004			5	50000
5076	108324	1	61004			5	50000
5077	108325	0	61005			7	75000
5078	108325	1	61005			7	75000
5079	108326	0	61006			10	100000
5080	108326	1	61006			10	100000
5081	108327	0	60417				
5082	108327	1	60417				
5083	108401	1	60001			1	2000
5084	108401	2	60002			1	3000
5085	108401	3	60003			1	4000
5086	108401	4	60004			1	5000
5087	108401	5	60005			2	6000
5088	108401	6	60006			2	7000
5089	108401	7	60007			2	8000
5090	108401	8	60008			2	9000
5091	108401	9	60009			2	10000
5092	108401	10	60010			3	12000
5093	108401	11	60011			3	14000
5094	108401	12	60012			3	16000
5095	108401	13	60013			3	18000
5096	108401	14	60014			3	20000
5097	108401	15	60015			5	22000
5098	108401	16	60016			5	24000
5099	108401	17	60017			5	26000
5100	108401	18					
5101	108406	1	60101			1	2000
5102	108406	2	60102			1	3000
5103	108406	3	60103			1	4000
5104	108406	4	60104			1	5000
5105	108406	5	60105			2	6000
5106	108406	6	60106			2	7000
5107	108406	7	60107			2	8000
5108	108406	8	60108			2	9000
5109	108406	9	60109			2	10000
5110	108406	10	60110			3	12000
5111	108406	11	60111			3	14000
5112	108406	12	60112			3	16000
5113	108406	13	60113			3	18000
5114	108406	14	60114			3	20000
5115	108406	15	60115			5	22000
5116	108406	16	60116			5	24000
5117	108406	17	60117			5	26000
5118	108406	18					
5119	108411	1	60201			1	2000
5120	108411	2	60202			1	3000
5121	108411	3	60203			1	4000
5122	108411	4	60204			1	5000
5123	108411	5	60205			2	6000
5124	108411	6	60206			2	7000
5125	108411	7	60207			2	8000
5126	108411	8	60208			2	9000
5127	108411	9	60209			2	10000
5128	108411	10	60210			3	12000
5129	108411	11	60211			3	14000
5130	108411	12	60212			3	16000
5131	108411	13	60213			3	18000
5132	108411	14	60214			3	20000
5133	108411	15	60215			5	22000
5134	108411	16	60216			5	24000
5135	108411	17	60217			5	26000
5136	108411	18					
5137	108416	1	60001			1	2000
5138	108416	2	60002			1	3000
5139	108416	3	60003			1	4000
5140	108416	4	60004			1	5000
5141	108416	5	60005			2	6000
5142	108416	6	60006			2	7000
5143	108416	7	60007			2	8000
5144	108416	8	60008			2	9000
5145	108416	9	60009			2	10000
5146	108416	10	60010			3	12000
5147	108416	11	60011			3	14000
5148	108416	12	60012			3	16000
5149	108416	13	60013			3	18000
5150	108416	14	60014			3	20000
5151	108416	15	60015			5	22000
5152	108416	16	60016			5	24000
5153	108416	17	60017			5	26000
5154	108416	18					
5155	108417	1	60101			1	2000
5156	108417	2	60102			1	3000
5157	108417	3	60103			1	4000
5158	108417	4	60104			1	5000
5159	108417	5	60105			2	6000
5160	108417	6	60106			2	7000
5161	108417	7	60107			2	8000
5162	108417	8	60108			2	9000
5163	108417	9	60109			2	10000
5164	108417	10	60110			3	12000
5165	108417	11	60111			3	14000
5166	108417	12	60112			3	16000
5167	108417	13	60113			3	18000
5168	108417	14	60114			3	20000
5169	108417	15	60115			5	22000
5170	108417	16	60116			5	24000
5171	108417	17	60117			5	26000
5172	108417	18					
5173	108418	1	60501			1	2000
5174	108418	2	60502			1	3000
5175	108418	3	60503			1	4000
5176	108418	4	60504			1	5000
5177	108418	5	60505			2	6000
5178	108418	6	60506			2	7000
5179	108418	7	60507			2	8000
5180	108418	8	60508			2	9000
5181	108418	9	60509			2	10000
5182	108418	10	60510			3	12000
5183	108418	11	60511			3	14000
5184	108418	12	60512			3	16000
5185	108418	13	60513			3	18000
5186	108418	14	60514			3	20000
5187	108418	15	60515			5	22000
5188	108418	16	60516			5	24000
5189	108418	17	60517			5	26000
5190	108418	18					
5191	108421	1	60201			1	2000
5192	108421	2	60202			1	3000
5193	108421	3	60203			1	4000
5194	108421	4	60204			1	5000
5195	108421	5	60205			2	6000
5196	108421	6	60206			2	7000
5197	108421	7	60207			2	8000
5198	108421	8	60208			2	9000
5199	108421	9	60209			2	10000
5200	108421	10	60210			3	12000
5201	108421	11	60211			3	14000
5202	108421	12	60212			3	16000
5203	108421	13	60213			3	18000
5204	108421	14	60214			3	20000
5205	108421	15	60215			5	22000
5206	108421	16	60216			5	24000
5207	108421	17	60217			5	26000
5208	108421	18					
5209	108422	0	61002			3	25000
5210	108422	1	61002			3	25000
5211	108423	1	60301	61301		1	2000
5212	108423	2	60302	61302		1	3000
5213	108423	3	60303	61303		1	4000
5214	108423	4	60304	61304		1	5000
5215	108423	5	60305	61305		2	6000
5216	108423	6	60306	61306		2	7000
5217	108423	7	60307	61307		2	8000
5218	108423	8	60308	61308		2	9000
5219	108423	9	60309	61309		2	10000
5220	108423	10	60310	61310		3	12000
5221	108423	11	60311	61311		3	14000
5222	108423	12	60312	61312		3	16000
5223	108423	13	60313	61313		3	18000
5224	108423	14	60314	61314		3	20000
5225	108423	15	60315	61315		5	22000
5226	108423	16	60316	61316		5	24000
5227	108423	17	60317	61317		5	26000
5228	108423	18					
5229	108424	0	62004			2	20000
5230	108424	1	62005			3	30000
5231	108424	2	62005			5	50000
5232	108425	0	62006			3	35000
5233	108425	1	62007			4	40000
5234	108425	2	62007			7	75000
5235	108426	0	62008			3	30000
5236	108426	1	62009			3	30000
5237	108426	2	62010			4	40000
5238	108426	3	62010			10	100000
5239	108427	0	60455				
5240	108427	1	60455				
5241	109201	1	60000			1	2000
5242	109201	2	60002			1	3000
5243	109201	3	60003			1	4000
5244	109201	4	60004			1	5000
5245	109201	5	60005			2	6000
5246	109201	6	60006			2	7000
5247	109201	7	60007			2	8000
5248	109201	8	60008			2	9000
5249	109201	9	60009			2	10000
5250	109201	10	60010			3	12000
5251	109201	11	60011			3	14000
5252	109201	12	60012			3	16000
5253	109201	13	60013			3	18000
5254	109201	14	60014			3	20000
5255	109201	15	60015			5	22000
5256	109201	16	60016			5	24000
5257	109201	17	60017			5	26000
5258	109201	18					
5259	109206	1	60101			1	2000
5260	109206	2	60102			1	3000
5261	109206	3	60103			1	4000
5262	109206	4	60104			1	5000
5263	109206	5	60105			2	6000
5264	109206	6	60106			2	7000
5265	109206	7	60107			2	8000
5266	109206	8	60108			2	9000
5267	109206	9	60109			2	10000
5268	109206	10	60110			3	12000
5269	109206	11	60111			3	14000
5270	109206	12	60112			3	16000
5271	109206	13	60113			3	18000
5272	109206	14	60114			3	20000
5273	109206	15	60115			5	22000
5274	109206	16	60116			5	24000
5275	109206	17	60117			5	26000
5276	109206	18					
5277	109211	1	60201			1	2000
5278	109211	2	60202			1	3000
5279	109211	3	60203			1	4000
5280	109211	4	60204			1	5000
5281	109211	5	60205			2	6000
5282	109211	6	60206			2	7000
5283	109211	7	60207			2	8000
5284	109211	8	60208			2	9000
5285	109211	9	60209			2	10000
5286	109211	10	60210			3	12000
5287	109211	11	60211			3	14000
5288	109211	12	60212			3	16000
5289	109211	13	60213			3	18000
5290	109211	14	60214			3	20000
5291	109211	15	60215			5	22000
5292	109211	16	60216			5	24000
5293	109211	17	60217			5	26000
5294	109211	18					
5295	109216	1	60001			1	2000
5296	109216	2	60002			1	3000
5297	109216	3	60003			1	4000
5298	109216	4	60004			1	5000
5299	109216	5	60005			2	6000
5300	109216	6	60006			2	7000
5301	109216	7	60007			2	8000
5302	109216	8	60008			2	9000
5303	109216	9	60009			2	10000
5304	109216	10	60010			3	12000
5305	109216	11	60011			3	14000
5306	109216	12	60012			3	16000
5307	109216	13	60013			3	18000
5308	109216	14	60014			3	20000
5309	109216	15	60015			5	22000
5310	109216	16	60016			5	24000
5311	109216	17	60017			5	26000
5312	109216	18					
5313	109217	1	60101			1	2000
5314	109217	2	60102			1	3000
5315	109217	3	60103			1	4000
5316	109217	4	60104			1	5000
5317	109217	5	60105			2	6000
5318	109217	6	60106			2	7000
5319	109217	7	60107			2	8000
5320	109217	8	60108			2	9000
5321	109217	9	60109			2	10000
5322	109217	10	60110			3	12000
5323	109217	11	60111			3	14000
5324	109217	12	60112			3	16000
5325	109217	13	60113			3	18000
5326	109217	14	60114			3	20000
5327	109217	15	60115			5	22000
5328	109217	16	60116			5	24000
5329	109217	17	60117			5	26000
5330	109217	18					
5331	109218	1	60501			1	2000
5332	109218	2	60502			1	3000
5333	109218	3	60503			1	4000
5334	109218	4	60504			1	5000
5335	109218	5	60505			2	6000
5336	109218	6	60506			2	7000
5337	109218	7	60507			2	8000
5338	109218	8	60508			2	9000
5339	109218	9	60509			2	10000
5340	109218	10	60510			3	12000
5341	109218	11	60511			3	14000
5342	109218	12	60512			3	16000
5343	109218	13	60513			3	18000
5344	109218	14	60514			3	20000
5345	109218	15	60515			5	22000
5346	109218	16	60516			5	24000
5347	109218	17	60517			5	26000
5348	109218	18					
5349	109221	1	60201			1	2000
5350	109221	2	60202			1	3000
5351	109221	3	60203			1	4000
5352	109221	4	60204			1	5000
5353	109221	5	60205			2	6000
5354	109221	6	60206			2	7000
5355	109221	7	60207			2	8000
5356	109221	8	60208			2	9000
5357	109221	9	60209			2	10000
5358	109221	10	60210			3	12000
5359	109221	11	60211			3	14000
5360	109221	12	60212			3	16000
5361	109221	13	60213			3	18000
5362	109221	14	60214			3	20000
5363	109221	15	60215			5	22000
5364	109221	16	60216			5	24000
5365	109221	17	60217			5	26000
5366	109221	18					
5367	109222	0	61002			3	25000
5368	109222	1	61002			3	25000
5369	109223	1	60301	61301		1	2000
5370	109223	2	60302	61302		1	3000
5371	109223	3	60303	61303		1	4000
5372	109223	4	60304	61304		1	5000
5373	109223	5	60305	61305		2	6000
5374	109223	6	60306	61306		2	7000
5375	109223	7	60307	61307		2	8000
5376	109223	8	60308	61308		2	9000
5377	109223	9	60309	61309		2	10000
5378	109223	10	60310	61310		3	12000
5379	109223	11	60311	61311		3	14000
5380	109223	12	60312	61312		3	16000
5381	109223	13	60313	61313		3	18000
5382	109223	14	60314	61314		3	20000
5383	109223	15	60315	61315		5	22000
5384	109223	16	60316	61316		5	24000
5385	109223	17	60317	61317		5	26000
5386	109223	18					
5387	109224	0	61004			5	50000
5388	109224	1	61004			5	50000
5389	109225	0	61005			7	75000
5390	109225	1	61005			7	75000
5391	109226	0	61006			10	100000
5392	109226	1	61006			10	100000
5393	109227	0	60416				
5394	109227	1	60416				
5395	109301	1	60001			1	2000
5396	109301	2	60002			1	3000
5397	109301	3	60003			1	4000
5398	109301	4	60004			1	5000
5399	109301	5	60005			2	6000
5400	109301	6	60006			2	7000
5401	109301	7	60007			2	8000
5402	109301	8	60008			2	9000
5403	109301	9	60009			2	10000
5404	109301	10	60010			3	12000
5405	109301	11	60011			3	14000
5406	109301	12	60012			3	16000
5407	109301	13	60013			3	18000
5408	109301	14	60014			3	20000
5409	109301	15	60015			5	22000
5410	109301	16	60016			5	24000
5411	109301	17	60017			5	26000
5412	109301	18					
5413	109306	1	60101			1	2000
5414	109306	2	60102			1	3000
5415	109306	3	60103			1	4000
5416	109306	4	60104			1	5000
5417	109306	5	60105			2	6000
5418	109306	6	60106			2	7000
5419	109306	7	60107			2	8000
5420	109306	8	60108			2	9000
5421	109306	9	60109			2	10000
5422	109306	10	60110			3	12000
5423	109306	11	60111			3	14000
5424	109306	12	60112			3	16000
5425	109306	13	60113			3	18000
5426	109306	14	60114			3	20000
5427	109306	15	60115			5	22000
5428	109306	16	60116			5	24000
5429	109306	17	60117			5	26000
5430	109306	18					
5431	109311	1	60201			1	2000
5432	109311	2	60202			1	3000
5433	109311	3	60203			1	4000
5434	109311	4	60204			1	5000
5435	109311	5	60205			2	6000
5436	109311	6	60206			2	7000
5437	109311	7	60207			2	8000
5438	109311	8	60208			2	9000
5439	109311	9	60209			2	10000
5440	109311	10	60210			3	12000
5441	109311	11	60211			3	14000
5442	109311	12	60212			3	16000
5443	109311	13	60213			3	18000
5444	109311	14	60214			3	20000
5445	109311	15	60215			5	22000
5446	109311	16	60216			5	24000
5447	109311	17	60217			5	26000
5448	109311	18					
5449	109316	1	60001			1	2000
5450	109316	2	60002			1	3000
5451	109316	3	60003			1	4000
5452	109316	4	60004			1	5000
5453	109316	5	60005			2	6000
5454	109316	6	60006			2	7000
5455	109316	7	60007			2	8000
5456	109316	8	60008			2	9000
5457	109316	9	60009			2	10000
5458	109316	10	60010			3	12000
5459	109316	11	60011			3	14000
5460	109316	12	60012			3	16000
5461	109316	13	60013			3	18000
5462	109316	14	60014			3	20000
5463	109316	15	60015			5	22000
5464	109316	16	60016			5	24000
5465	109316	17	60017			5	26000
5466	109316	18					
5467	109317	1	60101			1	2000
5468	109317	2	60102			1	3000
5469	109317	3	60103			1	4000
5470	109317	4	60104			1	5000
5471	109317	5	60105			2	6000
5472	109317	6	60106			2	7000
5473	109317	7	60107			2	8000
5474	109317	8	60108			2	9000
5475	109317	9	60109			2	10000
5476	109317	10	60110			3	12000
5477	109317	11	60111			3	14000
5478	109317	12	60112			3	16000
5479	109317	13	60113			3	18000
5480	109317	14	60114			3	20000
5481	109317	15	60115			5	22000
5482	109317	16	60116			5	24000
5483	109317	17	60117			5	26000
5484	109317	18					
5485	109318	1	60501			1	2000
5486	109318	2	60502			1	3000
5487	109318	3	60503			1	4000
5488	109318	4	60504			1	5000
5489	109318	5	60505			2	6000
5490	109318	6	60506			2	7000
5491	109318	7	60507			2	8000
5492	109318	8	60508			2	9000
5493	109318	9	60509			2	10000
5494	109318	10	60510			3	12000
5495	109318	11	60511			3	14000
5496	109318	12	60512			3	16000
5497	109318	13	60513			3	18000
5498	109318	14	60514			3	20000
5499	109318	15	60515			5	22000
5500	109318	16	60516			5	24000
5501	109318	17	60517			5	26000
5502	109318	18					
5503	109321	1	60201			1	2000
5504	109321	2	60202			1	3000
5505	109321	3	60203			1	4000
5506	109321	4	60204			1	5000
5507	109321	5	60205			2	6000
5508	109321	6	60206			2	7000
5509	109321	7	60207			2	8000
5510	109321	8	60208			2	9000
5511	109321	9	60209			2	10000
5512	109321	10	60210			3	12000
5513	109321	11	60211			3	14000
5514	109321	12	60212			3	16000
5515	109321	13	60213			3	18000
5516	109321	14	60214			3	20000
5517	109321	15	60215			5	22000
5518	109321	16	60216			5	24000
5519	109321	17	60217			5	26000
5520	109321	18					
5521	109322	0	61002			3	25000
5522	109322	1	61002			3	25000
5523	109323	1	60301	61301		1	2000
5524	109323	2	60302	61302		1	3000
5525	109323	3	60303	61303		1	4000
5526	109323	4	60304	61304		1	5000
5527	109323	5	60305	61305		2	6000
5528	109323	6	60306	61306		2	7000
5529	109323	7	60307	61307		2	8000
5530	109323	8	60308	61308		2	9000
5531	109323	9	60309	61309		2	10000
5532	109323	10	60310	61310		3	12000
5533	109323	11	60311	61311		3	14000
5534	109323	12	60312	61312		3	16000
5535	109323	13	60313	61313		3	18000
5536	109323	14	60314	61314		3	20000
5537	109323	15	60315	61315		5	22000
5538	109323	16	60316	61316		5	24000
5539	109323	17	60317	61317		5	26000
5540	109323	18					
5541	109324	0	62004			2	20000
5542	109324	1	62005			3	30000
5543	109324	2	62005			5	50000
5544	109325	0	62006			3	35000
5545	109325	1	62007			4	40000
5546	109325	2	62007			7	75000
5547	109326	0	62008			3	30000
5548	109326	1	62009			3	30000
5549	109326	2	62010			4	40000
5550	109326	3	62010			10	100000
5551	109327	0	60447				
5552	109327	1	60447				
5553	111201	1	60001			1	2000
5554	111201	2	60002			1	3000
5555	111201	3	60003			1	4000
5556	111201	4	60004			1	5000
5557	111201	5	60005			2	6000
5558	111201	6	60006			2	7000
5559	111201	7	60007			2	8000
5560	111201	8	60008			2	9000
5561	111201	9	60009			2	10000
5562	111201	10	60010			3	12000
5563	111201	11	60011			3	14000
5564	111201	12	60012			3	16000
5565	111201	13	60013			3	18000
5566	111201	14	60014			3	20000
5567	111201	15	60015			5	22000
5568	111201	16	60016			5	24000
5569	111201	17	60017			5	26000
5570	111201	18					
5571	111206	1	60101			1	2000
5572	111206	2	60102			1	3000
5573	111206	3	60103			1	4000
5574	111206	4	60104			1	5000
5575	111206	5	60105			2	6000
5576	111206	6	60106			2	7000
5577	111206	7	60107			2	8000
5578	111206	8	60108			2	9000
5579	111206	9	60109			2	10000
5580	111206	10	60110			3	12000
5581	111206	11	60111			3	14000
5582	111206	12	60112			3	16000
5583	111206	13	60113			3	18000
5584	111206	14	60114			3	20000
5585	111206	15	60115			5	22000
5586	111206	16	60116			5	24000
5587	111206	17	60117			5	26000
5588	111206	18					
5589	111211	1	60201			1	2000
5590	111211	2	60202			1	3000
5591	111211	3	60203			1	4000
5592	111211	4	60204			1	5000
5593	111211	5	60205			2	6000
5594	111211	6	60206			2	7000
5595	111211	7	60207			2	8000
5596	111211	8	60208			2	9000
5597	111211	9	60209			2	10000
5598	111211	10	60210			3	12000
5599	111211	11	60211			3	14000
5600	111211	12	60212			3	16000
5601	111211	13	60213			3	18000
5602	111211	14	60214			3	20000
5603	111211	15	60215			5	22000
5604	111211	16	60216			5	24000
5605	111211	17	60217			5	26000
5606	111211	18					
5607	111216	1	60001			1	2000
5608	111216	2	60002			1	3000
5609	111216	3	60003			1	4000
5610	111216	4	60004			1	5000
5611	111216	5	60005			2	6000
5612	111216	6	60006			2	7000
5613	111216	7	60007			2	8000
5614	111216	8	60008			2	9000
5615	111216	9	60009			2	10000
5616	111216	10	60010			3	12000
5617	111216	11	60011			3	14000
5618	111216	12	60012			3	16000
5619	111216	13	60013			3	18000
5620	111216	14	60014			3	20000
5621	111216	15	60015			5	22000
5622	111216	16	60016			5	24000
5623	111216	17	60017			5	26000
5624	111216	18					
5625	111217	1	60101			1	2000
5626	111217	2	60102			1	3000
5627	111217	3	60103			1	4000
5628	111217	4	60104			1	5000
5629	111217	5	60105			2	6000
5630	111217	6	60106			2	7000
5631	111217	7	60107			2	8000
5632	111217	8	60108			2	9000
5633	111217	9	60109			2	10000
5634	111217	10	60110			3	12000
5635	111217	11	60111			3	14000
5636	111217	12	60112			3	16000
5637	111217	13	60113			3	18000
5638	111217	14	60114			3	20000
5639	111217	15	60115			5	22000
5640	111217	16	60116			5	24000
5641	111217	17	60117			5	26000
5642	111217	18					
5643	111218	1	60501			1	2000
5644	111218	2	60502			1	3000
5645	111218	3	60503			1	4000
5646	111218	4	60504			1	5000
5647	111218	5	60505			2	6000
5648	111218	6	60506			2	7000
5649	111218	7	60507			2	8000
5650	111218	8	60508			2	9000
5651	111218	9	60509			2	10000
5652	111218	10	60510			3	12000
5653	111218	11	60511			3	14000
5654	111218	12	60512			3	16000
5655	111218	13	60513			3	18000
5656	111218	14	60514			3	20000
5657	111218	15	60515			5	22000
5658	111218	16	60516			5	24000
5659	111218	17	60517			5	26000
5660	111218	18					
5661	111221	1	60201			1	2000
5662	111221	2	60202			1	3000
5663	111221	3	60203			1	4000
5664	111221	4	60204			1	5000
5665	111221	5	60205			2	6000
5666	111221	6	60206			2	7000
5667	111221	7	60207			2	8000
5668	111221	8	60208			2	9000
5669	111221	9	60209			2	10000
5670	111221	10	60210			3	12000
5671	111221	11	60211			3	14000
5672	111221	12	60212			3	16000
5673	111221	13	60213			3	18000
5674	111221	14	60214			3	20000
5675	111221	15	60215			5	22000
5676	111221	16	60216			5	24000
5677	111221	17	60217			5	26000
5678	111221	18					
5679	111222	0	61002			3	25000
5680	111222	1	61002			3	25000
5681	111223	1	60301	61301		1	2000
5682	111223	2	60302	61302		1	3000
5683	111223	3	60303	61303		1	4000
5684	111223	4	60304	61304		1	5000
5685	111223	5	60305	61305		2	6000
5686	111223	6	60306	61306		2	7000
5687	111223	7	60307	61307		2	8000
5688	111223	8	60308	61308		2	9000
5689	111223	9	60309	61309		2	10000
5690	111223	10	60310	61310		3	12000
5691	111223	11	60311	61311		3	14000
5692	111223	12	60312	61312		3	16000
5693	111223	13	60313	61313		3	18000
5694	111223	14	60314	61314		3	20000
5695	111223	15	60315	61315		5	22000
5696	111223	16	60316	61316		5	24000
5697	111223	17	60317	61317		5	26000
5698	111223	18					
5699	111224	0	61004			5	50000
5700	111224	1	61004			5	50000
5701	111225	0	61005			7	75000
5702	111225	1	61005			7	75000
5703	111226	0	61006			10	100000
5704	111226	1	61006			10	100000
5705	111227	0	60418				
5706	111227	1	60418				
5707	112201	1	60001			1	2000
5708	112201	2	60002			1	3000
5709	112201	3	60003			1	4000
5710	112201	4	60004			1	5000
5711	112201	5	60005			2	6000
5712	112201	6	60006			2	7000
5713	112201	7	60007			2	8000
5714	112201	8	60008			2	9000
5715	112201	9	60009			2	10000
5716	112201	10	60010			3	12000
5717	112201	11	60011			3	14000
5718	112201	12	60012			3	16000
5719	112201	13	60013			3	18000
5720	112201	14	60014			3	20000
5721	112201	15	60015			5	22000
5722	112201	16	60016			5	24000
5723	112201	17	60017			5	26000
5724	112201	18					
5725	112206	1	60101			1	2000
5726	112206	2	60102			1	3000
5727	112206	3	60103			1	4000
5728	112206	4	60104			1	5000
5729	112206	5	60105			2	6000
5730	112206	6	60106			2	7000
5731	112206	7	60107			2	8000
5732	112206	8	60108			2	9000
5733	112206	9	60109			2	10000
5734	112206	10	60110			3	12000
5735	112206	11	60111			3	14000
5736	112206	12	60112			3	16000
5737	112206	13	60113			3	18000
5738	112206	14	60114			3	20000
5739	112206	15	60115			5	22000
5740	112206	16	60116			5	24000
5741	112206	17	60117			5	26000
5742	112206	18					
5743	112211	1	60201			1	2000
5744	112211	2	60202			1	3000
5745	112211	3	60203			1	4000
5746	112211	4	60204			1	5000
5747	112211	5	60205			2	6000
5748	112211	6	60206			2	7000
5749	112211	7	60207			2	8000
5750	112211	8	60208			2	9000
5751	112211	9	60209			2	10000
5752	112211	10	60210			3	12000
5753	112211	11	60211			3	14000
5754	112211	12	60212			3	16000
5755	112211	13	60213			3	18000
5756	112211	14	60214			3	20000
5757	112211	15	60215			5	22000
5758	112211	16	60216			5	24000
5759	112211	17	60217			5	26000
5760	112211	18					
5761	112216	1	60001			1	2000
5762	112216	2	60002			1	3000
5763	112216	3	60003			1	4000
5764	112216	4	60004			1	5000
5765	112216	5	60005			2	6000
5766	112216	6	60006			2	7000
5767	112216	7	60007			2	8000
5768	112216	8	60008			2	9000
5769	112216	9	60009			2	10000
5770	112216	10	60010			3	12000
5771	112216	11	60011			3	14000
5772	112216	12	60012			3	16000
5773	112216	13	60013			3	18000
5774	112216	14	60014			3	20000
5775	112216	15	60015			5	22000
5776	112216	16	60016			5	24000
5777	112216	17	60017			5	26000
5778	112216	18					
5779	112217	1	60101			1	2000
5780	112217	2	60102			1	3000
5781	112217	3	60103			1	4000
5782	112217	4	60104			1	5000
5783	112217	5	60105			2	6000
5784	112217	6	60106			2	7000
5785	112217	7	60107			2	8000
5786	112217	8	60108			2	9000
5787	112217	9	60109			2	10000
5788	112217	10	60110			3	12000
5789	112217	11	60111			3	14000
5790	112217	12	60112			3	16000
5791	112217	13	60113			3	18000
5792	112217	14	60114			3	20000
5793	112217	15	60115			5	22000
5794	112217	16	60116			5	24000
5795	112217	17	60117			5	26000
5796	112217	18					
5797	112218	1	60501			1	2000
5798	112218	2	60502			1	3000
5799	112218	3	60503			1	4000
5800	112218	4	60504			1	5000
5801	112218	5	60505			2	6000
5802	112218	6	60506			2	7000
5803	112218	7	60507			2	8000
5804	112218	8	60508			2	9000
5805	112218	9	60509			2	10000
5806	112218	10	60510			3	12000
5807	112218	11	60511			3	14000
5808	112218	12	60512			3	16000
5809	112218	13	60513			3	18000
5810	112218	14	60514			3	20000
5811	112218	15	60515			5	22000
5812	112218	16	60516			5	24000
5813	112218	17	60517			5	26000
5814	112218	18					
5815	112221	1	60201			1	2000
5816	112221	2	60202			1	3000
5817	112221	3	60203			1	4000
5818	112221	4	60204			1	5000
5819	112221	5	60205			2	6000
5820	112221	6	60206			2	7000
5821	112221	7	60207			2	8000
5822	112221	8	60208			2	9000
5823	112221	9	60209			2	10000
5824	112221	10	60210			3	12000
5825	112221	11	60211			3	14000
5826	112221	12	60212			3	16000
5827	112221	13	60213			3	18000
5828	112221	14	60214			3	20000
5829	112221	15	60215			5	22000
5830	112221	16	60216			5	24000
5831	112221	17	60217			5	26000
5832	112221	18					
5833	112222	0	61002			3	25000
5834	112222	1	61002			3	25000
5835	112223	1	60301	61301		1	2000
5836	112223	2	60302	61302		1	3000
5837	112223	3	60303	61303		1	4000
5838	112223	4	60304	61304		1	5000
5839	112223	5	60305	61305		2	6000
5840	112223	6	60306	61306		2	7000
5841	112223	7	60307	61307		2	8000
5842	112223	8	60308	61308		2	9000
5843	112223	9	60309	61309		2	10000
5844	112223	10	60310	61310		3	12000
5845	112223	11	60311	61311		3	14000
5846	112223	12	60312	61312		3	16000
5847	112223	13	60313	61313		3	18000
5848	112223	14	60314	61314		3	20000
5849	112223	15	60315	61315		5	22000
5850	112223	16	60316	61316		5	24000
5851	112223	17	60317	61317		5	26000
5852	112223	18					
5853	112224	0	61004			5	50000
5854	112224	1	61004			5	50000
5855	112225	0	61005			7	75000
5856	112225	1	61005			7	75000
5857	112226	0	61006			10	100000
5858	112226	1	61006			10	100000
5859	112227	0	60420				
5860	112227	1	60420				
5861	112301	1	60001			1	2000
5862	112301	2	60002			1	3000
5863	112301	3	60003			1	4000
5864	112301	4	60004			1	5000
5865	112301	5	60005			2	6000
5866	112301	6	60006			2	7000
5867	112301	7	60007			2	8000
5868	112301	8	60008			2	9000
5869	112301	9	60009			2	10000
5870	112301	10	60010			3	12000
5871	112301	11	60011			3	14000
5872	112301	12	60012			3	16000
5873	112301	13	60013			3	18000
5874	112301	14	60014			3	20000
5875	112301	15	60015			5	22000
5876	112301	16	60016			5	24000
5877	112301	17	60017			5	26000
5878	112301	18					
5879	112306	1	60101			1	2000
5880	112306	2	60102			1	3000
5881	112306	3	60103			1	4000
5882	112306	4	60104			1	5000
5883	112306	5	60105			2	6000
5884	112306	6	60106			2	7000
5885	112306	7	60107			2	8000
5886	112306	8	60108			2	9000
5887	112306	9	60109			2	10000
5888	112306	10	60110			3	12000
5889	112306	11	60111			3	14000
5890	112306	12	60112			3	16000
5891	112306	13	60113			3	18000
5892	112306	14	60114			3	20000
5893	112306	15	60115			5	22000
5894	112306	16	60116			5	24000
5895	112306	17	60117			5	26000
5896	112306	18					
5897	112311	1	60201			1	2000
5898	112311	2	60202			1	3000
5899	112311	3	60203			1	4000
5900	112311	4	60204			1	5000
5901	112311	5	60205			2	6000
5902	112311	6	60206			2	7000
5903	112311	7	60207			2	8000
5904	112311	8	60208			2	9000
5905	112311	9	60209			2	10000
5906	112311	10	60210			3	12000
5907	112311	11	60211			3	14000
5908	112311	12	60212			3	16000
5909	112311	13	60213			3	18000
5910	112311	14	60214			3	20000
5911	112311	15	60215			5	22000
5912	112311	16	60216			5	24000
5913	112311	17	60217			5	26000
5914	112311	18					
5915	112316	1	60001			1	2000
5916	112316	2	60002			1	3000
5917	112316	3	60003			1	4000
5918	112316	4	60004			1	5000
5919	112316	5	60005			2	6000
5920	112316	6	60006			2	7000
5921	112316	7	60007			2	8000
5922	112316	8	60008			2	9000
5923	112316	9	60009			2	10000
5924	112316	10	60010			3	12000
5925	112316	11	60011			3	14000
5926	112316	12	60012			3	16000
5927	112316	13	60013			3	18000
5928	112316	14	60014			3	20000
5929	112316	15	60015			5	22000
5930	112316	16	60016			5	24000
5931	112316	17	60017			5	26000
5932	112316	18					
5933	112317	1	60101			1	2000
5934	112317	2	60102			1	3000
5935	112317	3	60103			1	4000
5936	112317	4	60104			1	5000
5937	112317	5	60105			2	6000
5938	112317	6	60106			2	7000
5939	112317	7	60107			2	8000
5940	112317	8	60108			2	9000
5941	112317	9	60109			2	10000
5942	112317	10	60110			3	12000
5943	112317	11	60111			3	14000
5944	112317	12	60112			3	16000
5945	112317	13	60113			3	18000
5946	112317	14	60114			3	20000
5947	112317	15	60115			5	22000
5948	112317	16	60116			5	24000
5949	112317	17	60117			5	26000
5950	112317	18					
5951	112318	1	60501			1	2000
5952	112318	2	60502			1	3000
5953	112318	3	60503			1	4000
5954	112318	4	60504			1	5000
5955	112318	5	60505			2	6000
5956	112318	6	60506			2	7000
5957	112318	7	60507			2	8000
5958	112318	8	60508			2	9000
5959	112318	9	60509			2	10000
5960	112318	10	60510			3	12000
5961	112318	11	60511			3	14000
5962	112318	12	60512			3	16000
5963	112318	13	60513			3	18000
5964	112318	14	60514			3	20000
5965	112318	15	60515			5	22000
5966	112318	16	60516			5	24000
5967	112318	17	60517			5	26000
5968	112318	18					
5969	112321	1	60201			1	2000
5970	112321	2	60202			1	3000
5971	112321	3	60203			1	4000
5972	112321	4	60204			1	5000
5973	112321	5	60205			2	6000
5974	112321	6	60206			2	7000
5975	112321	7	60207			2	8000
5976	112321	8	60208			2	9000
5977	112321	9	60209			2	10000
5978	112321	10	60210			3	12000
5979	112321	11	60211			3	14000
5980	112321	12	60212			3	16000
5981	112321	13	60213			3	18000
5982	112321	14	60214			3	20000
5983	112321	15	60215			5	22000
5984	112321	16	60216			5	24000
5985	112321	17	60217			5	26000
5986	112321	18					
5987	112322	0	61002			3	25000
5988	112322	1	61002			3	25000
5989	112323	1	60301	61301		1	2000
5990	112323	2	60302	61302		1	3000
5991	112323	3	60303	61303		1	4000
5992	112323	4	60304	61304		1	5000
5993	112323	5	60305	61305		2	6000
5994	112323	6	60306	61306		2	7000
5995	112323	7	60307	61307		2	8000
5996	112323	8	60308	61308		2	9000
5997	112323	9	60309	61309		2	10000
5998	112323	10	60310	61310		3	12000
5999	112323	11	60311	61311		3	14000
6000	112323	12	60312	61312		3	16000
6001	112323	13	60313	61313		3	18000
6002	112323	14	60314	61314		3	20000
6003	112323	15	60315	61315		5	22000
6004	112323	16	60316	61316		5	24000
6005	112323	17	60317	61317		5	26000
6006	112323	18					
6007	112324	0	61004			5	50000
6008	112324	1	61004			5	50000
6009	112325	0	61005			7	75000
6010	112325	1	61005			7	75000
6011	112326	0	61006			10	100000
6012	112326	1	61006			10	100000
6013	112327	0	60433				
6014	112327	1	60433				
6015	113201	1	60001			1	2000
6016	113201	2	60002			1	3000
6017	113201	3	60003			1	4000
6018	113201	4	60004			1	5000
6019	113201	5	60005			2	6000
6020	113201	6	60006			2	7000
6021	113201	7	60007			2	8000
6022	113201	8	60008			2	9000
6023	113201	9	60009			2	10000
6024	113201	10	60010			3	12000
6025	113201	11	60011			3	14000
6026	113201	12	60012			3	16000
6027	113201	13	60013			3	18000
6028	113201	14	60014			3	20000
6029	113201	15	60015			5	22000
6030	113201	16	60016			5	24000
6031	113201	17	60017			5	26000
6032	113201	18					
6033	113206	1	60101			1	2000
6034	113206	2	60102			1	3000
6035	113206	3	60103			1	4000
6036	113206	4	60104			1	5000
6037	113206	5	60105			2	6000
6038	113206	6	60106			2	7000
6039	113206	7	60107			2	8000
6040	113206	8	60108			2	9000
6041	113206	9	60109			2	10000
6042	113206	10	60110			3	12000
6043	113206	11	60111			3	14000
6044	113206	12	60112			3	16000
6045	113206	13	60113			3	18000
6046	113206	14	60114			3	20000
6047	113206	15	60115			5	22000
6048	113206	16	60116			5	24000
6049	113206	17	60117			5	26000
6050	113206	18					
6051	113211	1	60201			1	2000
6052	113211	2	60202			1	3000
6053	113211	3	60203			1	4000
6054	113211	4	60204			1	5000
6055	113211	5	60205			2	6000
6056	113211	6	60206			2	7000
6057	113211	7	60207			2	8000
6058	113211	8	60208			2	9000
6059	113211	9	60209			2	10000
6060	113211	10	60210			3	12000
6061	113211	11	60211			3	14000
6062	113211	12	60212			3	16000
6063	113211	13	60213			3	18000
6064	113211	14	60214			3	20000
6065	113211	15	60215			5	22000
6066	113211	16	60216			5	24000
6067	113211	17	60217			5	26000
6068	113211	18					
6069	113216	1	60001			1	2000
6070	113216	2	60002			1	3000
6071	113216	3	60003			1	4000
6072	113216	4	60004			1	5000
6073	113216	5	60005			2	6000
6074	113216	6	60006			2	7000
6075	113216	7	60007			2	8000
6076	113216	8	60008			2	9000
6077	113216	9	60009			2	10000
6078	113216	10	60010			3	12000
6079	113216	11	60011			3	14000
6080	113216	12	60012			3	16000
6081	113216	13	60013			3	18000
6082	113216	14	60014			3	20000
6083	113216	15	60015			5	22000
6084	113216	16	60016			5	24000
6085	113216	17	60017			5	26000
6086	113216	18					
6087	113217	1	60101			1	2000
6088	113217	2	60102			1	3000
6089	113217	3	60103			1	4000
6090	113217	4	60104			1	5000
6091	113217	5	60105			2	6000
6092	113217	6	60106			2	7000
6093	113217	7	60107			2	8000
6094	113217	8	60108			2	9000
6095	113217	9	60109			2	10000
6096	113217	10	60110			3	12000
6097	113217	11	60111			3	14000
6098	113217	12	60112			3	16000
6099	113217	13	60113			3	18000
6100	113217	14	60114			3	20000
6101	113217	15	60115			5	22000
6102	113217	16	60116			5	24000
6103	113217	17	60117			5	26000
6104	113217	18					
6105	113218	1	60501			1	2000
6106	113218	2	60502			1	3000
6107	113218	3	60503			1	4000
6108	113218	4	60504			1	5000
6109	113218	5	60505			2	6000
6110	113218	6	60506			2	7000
6111	113218	7	60507			2	8000
6112	113218	8	60508			2	9000
6113	113218	9	60509			2	10000
6114	113218	10	60510			3	12000
6115	113218	11	60511			3	14000
6116	113218	12	60512			3	16000
6117	113218	13	60513			3	18000
6118	113218	14	60514			3	20000
6119	113218	15	60515			5	22000
6120	113218	16	60516			5	24000
6121	113218	17	60517			5	26000
6122	113218	18					
6123	113221	1	60201			1	2000
6124	113221	2	60202			1	3000
6125	113221	3	60203			1	4000
6126	113221	4	60204			1	5000
6127	113221	5	60205			2	6000
6128	113221	6	60206			2	7000
6129	113221	7	60207			2	8000
6130	113221	8	60208			2	9000
6131	113221	9	60209			2	10000
6132	113221	10	60210			3	12000
6133	113221	11	60211			3	14000
6134	113221	12	60212			3	16000
6135	113221	13	60213			3	18000
6136	113221	14	60214			3	20000
6137	113221	15	60215			5	22000
6138	113221	16	60216			5	24000
6139	113221	17	60217			5	26000
6140	113221	18					
6141	113222	0	61002			3	25000
6142	113222	1	61002			3	25000
6143	113223	1	60301	61301		1	2000
6144	113223	2	60302	61302		1	3000
6145	113223	3	60303	61303		1	4000
6146	113223	4	60304	61304		1	5000
6147	113223	5	60305	61305		2	6000
6148	113223	6	60306	61306		2	7000
6149	113223	7	60307	61307		2	8000
6150	113223	8	60308	61308		2	9000
6151	113223	9	60309	61309		2	10000
6152	113223	10	60310	61310		3	12000
6153	113223	11	60311	61311		3	14000
6154	113223	12	60312	61312		3	16000
6155	113223	13	60313	61313		3	18000
6156	113223	14	60314	61314		3	20000
6157	113223	15	60315	61315		5	22000
6158	113223	16	60316	61316		5	24000
6159	113223	17	60317	61317		5	26000
6160	113223	18					
6161	113224	0	61004			5	50000
6162	113224	1	61004			5	50000
6163	113225	0	61005			7	75000
6164	113225	1	61005			7	75000
6165	113226	0	61006			10	100000
6166	113226	1	61006			10	100000
6167	113227	0	60422				
6168	113227	1	60422				
6169	113301	1	60001			1	2000
6170	113301	2	60002			1	3000
6171	113301	3	60003			1	4000
6172	113301	4	60004			1	5000
6173	113301	5	60005			2	6000
6174	113301	6	60006			2	7000
6175	113301	7	60007			2	8000
6176	113301	8	60008			2	9000
6177	113301	9	60009			2	10000
6178	113301	10	60010			3	12000
6179	113301	11	60011			3	14000
6180	113301	12	60012			3	16000
6181	113301	13	60013			3	18000
6182	113301	14	60014			3	20000
6183	113301	15	60015			5	22000
6184	113301	16	60016			5	24000
6185	113301	17	60017			5	26000
6186	113301	18					
6187	113306	1	60101			1	2000
6188	113306	2	60102			1	3000
6189	113306	3	60103			1	4000
6190	113306	4	60104			1	5000
6191	113306	5	60105			2	6000
6192	113306	6	60106			2	7000
6193	113306	7	60107			2	8000
6194	113306	8	60108			2	9000
6195	113306	9	60109			2	10000
6196	113306	10	60110			3	12000
6197	113306	11	60111			3	14000
6198	113306	12	60112			3	16000
6199	113306	13	60113			3	18000
6200	113306	14	60114			3	20000
6201	113306	15	60115			5	22000
6202	113306	16	60116			5	24000
6203	113306	17	60117			5	26000
6204	113306	18					
6205	113311	1	60201			1	2000
6206	113311	2	60202			1	3000
6207	113311	3	60203			1	4000
6208	113311	4	60204			1	5000
6209	113311	5	60205			2	6000
6210	113311	6	60206			2	7000
6211	113311	7	60207			2	8000
6212	113311	8	60208			2	9000
6213	113311	9	60209			2	10000
6214	113311	10	60210			3	12000
6215	113311	11	60211			3	14000
6216	113311	12	60212			3	16000
6217	113311	13	60213			3	18000
6218	113311	14	60214			3	20000
6219	113311	15	60215			5	22000
6220	113311	16	60216			5	24000
6221	113311	17	60217			5	26000
6222	113311	18					
6223	113316	1	60001			1	2000
6224	113316	2	60002			1	3000
6225	113316	3	60003			1	4000
6226	113316	4	60004			1	5000
6227	113316	5	60005			2	6000
6228	113316	6	60006			2	7000
6229	113316	7	60007			2	8000
6230	113316	8	60008			2	9000
6231	113316	9	60009			2	10000
6232	113316	10	60010			3	12000
6233	113316	11	60011			3	14000
6234	113316	12	60012			3	16000
6235	113316	13	60013			3	18000
6236	113316	14	60014			3	20000
6237	113316	15	60015			5	22000
6238	113316	16	60016			5	24000
6239	113316	17	60017			5	26000
6240	113316	18					
6241	113317	1	60101			1	2000
6242	113317	2	60102			1	3000
6243	113317	3	60103			1	4000
6244	113317	4	60104			1	5000
6245	113317	5	60105			2	6000
6246	113317	6	60106			2	7000
6247	113317	7	60107			2	8000
6248	113317	8	60108			2	9000
6249	113317	9	60109			2	10000
6250	113317	10	60110			3	12000
6251	113317	11	60111			3	14000
6252	113317	12	60112			3	16000
6253	113317	13	60113			3	18000
6254	113317	14	60114			3	20000
6255	113317	15	60115			5	22000
6256	113317	16	60116			5	24000
6257	113317	17	60117			5	26000
6258	113317	18					
6259	113318	1	60501			1	2000
6260	113318	2	60502			1	3000
6261	113318	3	60503			1	4000
6262	113318	4	60504			1	5000
6263	113318	5	60505			2	6000
6264	113318	6	60506			2	7000
6265	113318	7	60507			2	8000
6266	113318	8	60508			2	9000
6267	113318	9	60509			2	10000
6268	113318	10	60510			3	12000
6269	113318	11	60511			3	14000
6270	113318	12	60512			3	16000
6271	113318	13	60513			3	18000
6272	113318	14	60514			3	20000
6273	113318	15	60515			5	22000
6274	113318	16	60516			5	24000
6275	113318	17	60517			5	26000
6276	113318	18					
6277	113321	1	60201			1	2000
6278	113321	2	60202			1	3000
6279	113321	3	60203			1	4000
6280	113321	4	60204			1	5000
6281	113321	5	60205			2	6000
6282	113321	6	60206			2	7000
6283	113321	7	60207			2	8000
6284	113321	8	60208			2	9000
6285	113321	9	60209			2	10000
6286	113321	10	60210			3	12000
6287	113321	11	60211			3	14000
6288	113321	12	60212			3	16000
6289	113321	13	60213			3	18000
6290	113321	14	60214			3	20000
6291	113321	15	60215			5	22000
6292	113321	16	60216			5	24000
6293	113321	17	60217			5	26000
6294	113321	18					
6295	113322	0	61002			3	25000
6296	113322	1	61002			3	25000
6297	113323	1	60301	61301		1	2000
6298	113323	2	60302	61302		1	3000
6299	113323	3	60303	61303		1	4000
6300	113323	4	60304	61304		1	5000
6301	113323	5	60305	61305		2	6000
6302	113323	6	60306	61306		2	7000
6303	113323	7	60307	61307		2	8000
6304	113323	8	60308	61308		2	9000
6305	113323	9	60309	61309		2	10000
6306	113323	10	60310	61310		3	12000
6307	113323	11	60311	61311		3	14000
6308	113323	12	60312	61312		3	16000
6309	113323	13	60313	61313		3	18000
6310	113323	14	60314	61314		3	20000
6311	113323	15	60315	61315		5	22000
6312	113323	16	60316	61316		5	24000
6313	113323	17	60317	61317		5	26000
6314	113323	18					
6315	113324	0	61004			5	50000
6316	113324	1	61004			5	50000
6317	113325	0	61005			7	75000
6318	113325	1	61005			7	75000
6319	113326	0	61006			10	100000
6320	113326	1	61006			10	100000
6321	113327	0	60435				
6322	113327	1	60435				
6323	113401	1	60001			1	2000
6324	113401	2	60002			1	3000
6325	113401	3	60003			1	4000
6326	113401	4	60004			1	5000
6327	113401	5	60005			2	6000
6328	113401	6	60006			2	7000
6329	113401	7	60007			2	8000
6330	113401	8	60008			2	9000
6331	113401	9	60009			2	10000
6332	113401	10	60010			3	12000
6333	113401	11	60011			3	14000
6334	113401	12	60012			3	16000
6335	113401	13	60013			3	18000
6336	113401	14	60014			3	20000
6337	113401	15	60015			5	22000
6338	113401	16	60016			5	24000
6339	113401	17	60017			5	26000
6340	113401	18					
6341	113406	1	60101			1	2000
6342	113406	2	60102			1	3000
6343	113406	3	60103			1	4000
6344	113406	4	60104			1	5000
6345	113406	5	60105			2	6000
6346	113406	6	60106			2	7000
6347	113406	7	60107			2	8000
6348	113406	8	60108			2	9000
6349	113406	9	60109			2	10000
6350	113406	10	60110			3	12000
6351	113406	11	60111			3	14000
6352	113406	12	60112			3	16000
6353	113406	13	60113			3	18000
6354	113406	14	60114			3	20000
6355	113406	15	60115			5	22000
6356	113406	16	60116			5	24000
6357	113406	17	60117			5	26000
6358	113406	18					
6359	113411	1	60201			1	2000
6360	113411	2	60202			1	3000
6361	113411	3	60203			1	4000
6362	113411	4	60204			1	5000
6363	113411	5	60205			2	6000
6364	113411	6	60206			2	7000
6365	113411	7	60207			2	8000
6366	113411	8	60208			2	9000
6367	113411	9	60209			2	10000
6368	113411	10	60210			3	12000
6369	113411	11	60211			3	14000
6370	113411	12	60212			3	16000
6371	113411	13	60213			3	18000
6372	113411	14	60214			3	20000
6373	113411	15	60215			5	22000
6374	113411	16	60216			5	24000
6375	113411	17	60217			5	26000
6376	113411	18					
6377	113416	1	60001			1	2000
6378	113416	2	60002			1	3000
6379	113416	3	60003			1	4000
6380	113416	4	60004			1	5000
6381	113416	5	60005			2	6000
6382	113416	6	60006			2	7000
6383	113416	7	60007			2	8000
6384	113416	8	60008			2	9000
6385	113416	9	60009			2	10000
6386	113416	10	60010			3	12000
6387	113416	11	60011			3	14000
6388	113416	12	60012			3	16000
6389	113416	13	60013			3	18000
6390	113416	14	60014			3	20000
6391	113416	15	60015			5	22000
6392	113416	16	60016			5	24000
6393	113416	17	60017			5	26000
6394	113416	18					
6395	113417	1	60101			1	2000
6396	113417	2	60102			1	3000
6397	113417	3	60103			1	4000
6398	113417	4	60104			1	5000
6399	113417	5	60105			2	6000
6400	113417	6	60106			2	7000
6401	113417	7	60107			2	8000
6402	113417	8	60108			2	9000
6403	113417	9	60109			2	10000
6404	113417	10	60110			3	12000
6405	113417	11	60111			3	14000
6406	113417	12	60112			3	16000
6407	113417	13	60113			3	18000
6408	113417	14	60114			3	20000
6409	113417	15	60115			5	22000
6410	113417	16	60116			5	24000
6411	113417	17	60117			5	26000
6412	113417	18					
6413	113418	1	60501			1	2000
6414	113418	2	60502			1	3000
6415	113418	3	60503			1	4000
6416	113418	4	60504			1	5000
6417	113418	5	60505			2	6000
6418	113418	6	60506			2	7000
6419	113418	7	60507			2	8000
6420	113418	8	60508			2	9000
6421	113418	9	60509			2	10000
6422	113418	10	60510			3	12000
6423	113418	11	60511			3	14000
6424	113418	12	60512			3	16000
6425	113418	13	60513			3	18000
6426	113418	14	60514			3	20000
6427	113418	15	60515			5	22000
6428	113418	16	60516			5	24000
6429	113418	17	60517			5	26000
6430	113418	18					
6431	113421	1	60201			1	2000
6432	113421	2	60202			1	3000
6433	113421	3	60203			1	4000
6434	113421	4	60204			1	5000
6435	113421	5	60205			2	6000
6436	113421	6	60206			2	7000
6437	113421	7	60207			2	8000
6438	113421	8	60208			2	9000
6439	113421	9	60209			2	10000
6440	113421	10	60210			3	12000
6441	113421	11	60211			3	14000
6442	113421	12	60212			3	16000
6443	113421	13	60213			3	18000
6444	113421	14	60214			3	20000
6445	113421	15	60215			5	22000
6446	113421	16	60216			5	24000
6447	113421	17	60217			5	26000
6448	113421	18					
6449	113422	0	61002			3	25000
6450	113422	1	61002			3	25000
6451	113423	1	60301	61301		1	2000
6452	113423	2	60302	61302		1	3000
6453	113423	3	60303	61303		1	4000
6454	113423	4	60304	61304		1	5000
6455	113423	5	60305	61305		2	6000
6456	113423	6	60306	61306		2	7000
6457	113423	7	60307	61307		2	8000
6458	113423	8	60308	61308		2	9000
6459	113423	9	60309	61309		2	10000
6460	113423	10	60310	61310		3	12000
6461	113423	11	60311	61311		3	14000
6462	113423	12	60312	61312		3	16000
6463	113423	13	60313	61313		3	18000
6464	113423	14	60314	61314		3	20000
6465	113423	15	60315	61315		5	22000
6466	113423	16	60316	61316		5	24000
6467	113423	17	60317	61317		5	26000
6468	113423	18					
6469	113424	0	62004			2	20000
6470	113424	1	62005			3	30000
6471	113424	2	62005			5	50000
6472	113425	0	62006			3	35000
6473	113425	1	62007			4	40000
6474	113425	2	62007			7	75000
6475	113426	0	62008			3	30000
6476	113426	1	62009			3	30000
6477	113426	2	62010			4	40000
6478	113426	3	62010			10	100000
6479	113427	0	60469				
6480	113427	1	60469				
6481	114301	1	60001			1	2000
6482	114301	2	60002			1	3000
6483	114301	3	60003			1	4000
6484	114301	4	60004			1	5000
6485	114301	5	60005			2	6000
6486	114301	6	60006			2	7000
6487	114301	7	60007			2	8000
6488	114301	8	60008			2	9000
6489	114301	9	60009			2	10000
6490	114301	10	60010			3	12000
6491	114301	11	60011			3	14000
6492	114301	12	60012			3	16000
6493	114301	13	60013			3	18000
6494	114301	14	60014			3	20000
6495	114301	15	60015			5	22000
6496	114301	16	60016			5	24000
6497	114301	17	60017			5	26000
6498	114301	18					
6499	114306	1	60101			1	2000
6500	114306	2	60102			1	3000
6501	114306	3	60103			1	4000
6502	114306	4	60104			1	5000
6503	114306	5	60105			2	6000
6504	114306	6	60106			2	7000
6505	114306	7	60107			2	8000
6506	114306	8	60108			2	9000
6507	114306	9	60109			2	10000
6508	114306	10	60110			3	12000
6509	114306	11	60111			3	14000
6510	114306	12	60112			3	16000
6511	114306	13	60113			3	18000
6512	114306	14	60114			3	20000
6513	114306	15	60115			5	22000
6514	114306	16	60116			5	24000
6515	114306	17	60117			5	26000
6516	114306	18					
6517	114311	1	60201			1	2000
6518	114311	2	60202			1	3000
6519	114311	3	60203			1	4000
6520	114311	4	60204			1	5000
6521	114311	5	60205			2	6000
6522	114311	6	60206			2	7000
6523	114311	7	60207			2	8000
6524	114311	8	60208			2	9000
6525	114311	9	60209			2	10000
6526	114311	10	60210			3	12000
6527	114311	11	60211			3	14000
6528	114311	12	60212			3	16000
6529	114311	13	60213			3	18000
6530	114311	14	60214			3	20000
6531	114311	15	60215			5	22000
6532	114311	16	60216			5	24000
6533	114311	17	60217			5	26000
6534	114311	18					
6535	114316	1	60001			1	2000
6536	114316	2	60002			1	3000
6537	114316	3	60003			1	4000
6538	114316	4	60004			1	5000
6539	114316	5	60005			2	6000
6540	114316	6	60006			2	7000
6541	114316	7	60007			2	8000
6542	114316	8	60008			2	9000
6543	114316	9	60009			2	10000
6544	114316	10	60010			3	12000
6545	114316	11	60011			3	14000
6546	114316	12	60012			3	16000
6547	114316	13	60013			3	18000
6548	114316	14	60014			3	20000
6549	114316	15	60015			5	22000
6550	114316	16	60016			5	24000
6551	114316	17	60017			5	26000
6552	114316	18					
6553	114317	1	60101			1	2000
6554	114317	2	60102			1	3000
6555	114317	3	60103			1	4000
6556	114317	4	60104			1	5000
6557	114317	5	60105			2	6000
6558	114317	6	60106			2	7000
6559	114317	7	60107			2	8000
6560	114317	8	60108			2	9000
6561	114317	9	60109			2	10000
6562	114317	10	60110			3	12000
6563	114317	11	60111			3	14000
6564	114317	12	60112			3	16000
6565	114317	13	60113			3	18000
6566	114317	14	60114			3	20000
6567	114317	15	60115			5	22000
6568	114317	16	60116			5	24000
6569	114317	17	60117			5	26000
6570	114317	18					
6571	114318	1	60501			1	2000
6572	114318	2	60502			1	3000
6573	114318	3	60503			1	4000
6574	114318	4	60504			1	5000
6575	114318	5	60505			2	6000
6576	114318	6	60506			2	7000
6577	114318	7	60507			2	8000
6578	114318	8	60508			2	9000
6579	114318	9	60509			2	10000
6580	114318	10	60510			3	12000
6581	114318	11	60511			3	14000
6582	114318	12	60512			3	16000
6583	114318	13	60513			3	18000
6584	114318	14	60514			3	20000
6585	114318	15	60515			5	22000
6586	114318	16	60516			5	24000
6587	114318	17	60517			5	26000
6588	114318	18					
6589	114321	1	60201			1	2000
6590	114321	2	60202			1	3000
6591	114321	3	60203			1	4000
6592	114321	4	60204			1	5000
6593	114321	5	60205			2	6000
6594	114321	6	60206			2	7000
6595	114321	7	60207			2	8000
6596	114321	8	60208			2	9000
6597	114321	9	60209			2	10000
6598	114321	10	60210			3	12000
6599	114321	11	60211			3	14000
6600	114321	12	60212			3	16000
6601	114321	13	60213			3	18000
6602	114321	14	60214			3	20000
6603	114321	15	60215			5	22000
6604	114321	16	60216			5	24000
6605	114321	17	60217			5	26000
6606	114321	18					
6607	114322	0	61002			3	25000
6608	114322	1	61002			3	25000
6609	114323	1	60301	61301		1	2000
6610	114323	2	60302	61302		1	3000
6611	114323	3	60303	61303		1	4000
6612	114323	4	60304	61304		1	5000
6613	114323	5	60305	61305		2	6000
6614	114323	6	60306	61306		2	7000
6615	114323	7	60307	61307		2	8000
6616	114323	8	60308	61308		2	9000
6617	114323	9	60309	61309		2	10000
6618	114323	10	60310	61310		3	12000
6619	114323	11	60311	61311		3	14000
6620	114323	12	60312	61312		3	16000
6621	114323	13	60313	61313		3	18000
6622	114323	14	60314	61314		3	20000
6623	114323	15	60315	61315		5	22000
6624	114323	16	60316	61316		5	24000
6625	114323	17	60317	61317		5	26000
6626	114323	18					
6627	114324	0	61004			5	50000
6628	114324	1	61004			5	50000
6629	114325	0	61005			7	75000
6630	114325	1	61005			7	75000
6631	114326	0	61006			10	100000
6632	114326	1	61006			10	100000
6633	114327	0	60424				
6634	114327	1	60424				
6635	114401	1	60001			1	2000
6636	114401	2	60002			1	3000
6637	114401	3	60003			1	4000
6638	114401	4	60004			1	5000
6639	114401	5	60005			2	6000
6640	114401	6	60006			2	7000
6641	114401	7	60007			2	8000
6642	114401	8	60008			2	9000
6643	114401	9	60009			2	10000
6644	114401	10	60010			3	12000
6645	114401	11	60011			3	14000
6646	114401	12	60012			3	16000
6647	114401	13	60013			3	18000
6648	114401	14	60014			3	20000
6649	114401	15	60015			5	22000
6650	114401	16	60016			5	24000
6651	114401	17	60017			5	26000
6652	114401	18					
6653	114406	1	60101			1	2000
6654	114406	2	60102			1	3000
6655	114406	3	60103			1	4000
6656	114406	4	60104			1	5000
6657	114406	5	60105			2	6000
6658	114406	6	60106			2	7000
6659	114406	7	60107			2	8000
6660	114406	8	60108			2	9000
6661	114406	9	60109			2	10000
6662	114406	10	60110			3	12000
6663	114406	11	60111			3	14000
6664	114406	12	60112			3	16000
6665	114406	13	60113			3	18000
6666	114406	14	60114			3	20000
6667	114406	15	60115			5	22000
6668	114406	16	60116			5	24000
6669	114406	17	60117			5	26000
6670	114406	18					
6671	114411	1	60201			1	2000
6672	114411	2	60202			1	3000
6673	114411	3	60203			1	4000
6674	114411	4	60204			1	5000
6675	114411	5	60205			2	6000
6676	114411	6	60206			2	7000
6677	114411	7	60207			2	8000
6678	114411	8	60208			2	9000
6679	114411	9	60209			2	10000
6680	114411	10	60210			3	12000
6681	114411	11	60211			3	14000
6682	114411	12	60212			3	16000
6683	114411	13	60213			3	18000
6684	114411	14	60214			3	20000
6685	114411	15	60215			5	22000
6686	114411	16	60216			5	24000
6687	114411	17	60217			5	26000
6688	114411	18					
6689	114416	1	60001			1	2000
6690	114416	2	60002			1	3000
6691	114416	3	60003			1	4000
6692	114416	4	60004			1	5000
6693	114416	5	60005			2	6000
6694	114416	6	60006			2	7000
6695	114416	7	60007			2	8000
6696	114416	8	60008			2	9000
6697	114416	9	60009			2	10000
6698	114416	10	60010			3	12000
6699	114416	11	60011			3	14000
6700	114416	12	60012			3	16000
6701	114416	13	60013			3	18000
6702	114416	14	60014			3	20000
6703	114416	15	60015			5	22000
6704	114416	16	60016			5	24000
6705	114416	17	60017			5	26000
6706	114416	18					
6707	114417	1	60101			1	2000
6708	114417	2	60102			1	3000
6709	114417	3	60103			1	4000
6710	114417	4	60104			1	5000
6711	114417	5	60105			2	6000
6712	114417	6	60106			2	7000
6713	114417	7	60107			2	8000
6714	114417	8	60108			2	9000
6715	114417	9	60109			2	10000
6716	114417	10	60110			3	12000
6717	114417	11	60111			3	14000
6718	114417	12	60112			3	16000
6719	114417	13	60113			3	18000
6720	114417	14	60114			3	20000
6721	114417	15	60115			5	22000
6722	114417	16	60116			5	24000
6723	114417	17	60117			5	26000
6724	114417	18					
6725	114418	1	60501			1	2000
6726	114418	2	60502			1	3000
6727	114418	3	60503			1	4000
6728	114418	4	60504			1	5000
6729	114418	5	60505			2	6000
6730	114418	6	60506			2	7000
6731	114418	7	60507			2	8000
6732	114418	8	60508			2	9000
6733	114418	9	60509			2	10000
6734	114418	10	60510			3	12000
6735	114418	11	60511			3	14000
6736	114418	12	60512			3	16000
6737	114418	13	60513			3	18000
6738	114418	14	60514			3	20000
6739	114418	15	60515			5	22000
6740	114418	16	60516			5	24000
6741	114418	17	60517			5	26000
6742	114418	18					
6743	114421	1	60201			1	2000
6744	114421	2	60202			1	3000
6745	114421	3	60203			1	4000
6746	114421	4	60204			1	5000
6747	114421	5	60205			2	6000
6748	114421	6	60206			2	7000
6749	114421	7	60207			2	8000
6750	114421	8	60208			2	9000
6751	114421	9	60209			2	10000
6752	114421	10	60210			3	12000
6753	114421	11	60211			3	14000
6754	114421	12	60212			3	16000
6755	114421	13	60213			3	18000
6756	114421	14	60214			3	20000
6757	114421	15	60215			5	22000
6758	114421	16	60216			5	24000
6759	114421	17	60217			5	26000
6760	114421	18					
6761	114422	0	61002			3	25000
6762	114422	1	61002			3	25000
6763	114423	1	60301	61301		1	2000
6764	114423	2	60302	61302		1	3000
6765	114423	3	60303	61303		1	4000
6766	114423	4	60304	61304		1	5000
6767	114423	5	60305	61305		2	6000
6768	114423	6	60306	61306		2	7000
6769	114423	7	60307	61307		2	8000
6770	114423	8	60308	61308		2	9000
6771	114423	9	60309	61309		2	10000
6772	114423	10	60310	61310		3	12000
6773	114423	11	60311	61311		3	14000
6774	114423	12	60312	61312		3	16000
6775	114423	13	60313	61313		3	18000
6776	114423	14	60314	61314		3	20000
6777	114423	15	60315	61315		5	22000
6778	114423	16	60316	61316		5	24000
6779	114423	17	60317	61317		5	26000
6780	114423	18					
6781	114424	0	62004			2	20000
6782	114424	1	62005			3	30000
6783	114424	2	62005			5	50000
6784	114425	0	62006			3	35000
6785	114425	1	62007			4	40000
6786	114425	2	62007			7	75000
6787	114426	0	62008			3	30000
6788	114426	1	62009			3	30000
6789	114426	2	62010			4	40000
6790	114426	3	62010			10	100000
6791	114427	0	60477				
6792	114427	1	60477				
6793	115201	1	60001			1	2000
6794	115201	2	60002			1	3000
6795	115201	3	60003			1	4000
6796	115201	4	60004			1	5000
6797	115201	5	60005			2	6000
6798	115201	6	60006			2	7000
6799	115201	7	60007			2	8000
6800	115201	8	60008			2	9000
6801	115201	9	60009			2	10000
6802	115201	10	60010			3	12000
6803	115201	11	60011			3	14000
6804	115201	12	60012			3	16000
6805	115201	13	60013			3	18000
6806	115201	14	60014			3	20000
6807	115201	15	60015			5	22000
6808	115201	16	60016			5	24000
6809	115201	17	60017			5	26000
6810	115201	18					
6811	115206	1	60101			1	2000
6812	115206	2	60102			1	3000
6813	115206	3	60103			1	4000
6814	115206	4	60104			1	5000
6815	115206	5	60105			2	6000
6816	115206	6	60106			2	7000
6817	115206	7	60107			2	8000
6818	115206	8	60108			2	9000
6819	115206	9	60109			2	10000
6820	115206	10	60110			3	12000
6821	115206	11	60111			3	14000
6822	115206	12	60112			3	16000
6823	115206	13	60113			3	18000
6824	115206	14	60114			3	20000
6825	115206	15	60115			5	22000
6826	115206	16	60116			5	24000
6827	115206	17	60117			5	26000
6828	115206	18					
6829	115211	1	60201			1	2000
6830	115211	2	60202			1	3000
6831	115211	3	60203			1	4000
6832	115211	4	60204			1	5000
6833	115211	5	60205			2	6000
6834	115211	6	60206			2	7000
6835	115211	7	60207			2	8000
6836	115211	8	60208			2	9000
6837	115211	9	60209			2	10000
6838	115211	10	60210			3	12000
6839	115211	11	60211			3	14000
6840	115211	12	60212			3	16000
6841	115211	13	60213			3	18000
6842	115211	14	60214			3	20000
6843	115211	15	60215			5	22000
6844	115211	16	60216			5	24000
6845	115211	17	60217			5	26000
6846	115211	18					
6847	115216	1	60001			1	2000
6848	115216	2	60002			1	3000
6849	115216	3	60003			1	4000
6850	115216	4	60004			1	5000
6851	115216	5	60005			2	6000
6852	115216	6	60006			2	7000
6853	115216	7	60007			2	8000
6854	115216	8	60008			2	9000
6855	115216	9	60009			2	10000
6856	115216	10	60010			3	12000
6857	115216	11	60011			3	14000
6858	115216	12	60012			3	16000
6859	115216	13	60013			3	18000
6860	115216	14	60014			3	20000
6861	115216	15	60015			5	22000
6862	115216	16	60016			5	24000
6863	115216	17	60017			5	26000
6864	115216	18					
6865	115217	1	60101			1	2000
6866	115217	2	60102			1	3000
6867	115217	3	60103			1	4000
6868	115217	4	60104			1	5000
6869	115217	5	60105			2	6000
6870	115217	6	60106			2	7000
6871	115217	7	60107			2	8000
6872	115217	8	60108			2	9000
6873	115217	9	60109			2	10000
6874	115217	10	60110			3	12000
6875	115217	11	60111			3	14000
6876	115217	12	60112			3	16000
6877	115217	13	60113			3	18000
6878	115217	14	60114			3	20000
6879	115217	15	60115			5	22000
6880	115217	16	60116			5	24000
6881	115217	17	60117			5	26000
6882	115217	18					
6883	115218	1	60501			1	2000
6884	115218	2	60502			1	3000
6885	115218	3	60503			1	4000
6886	115218	4	60504			1	5000
6887	115218	5	60505			2	6000
6888	115218	6	60506			2	7000
6889	115218	7	60507			2	8000
6890	115218	8	60508			2	9000
6891	115218	9	60509			2	10000
6892	115218	10	60510			3	12000
6893	115218	11	60511			3	14000
6894	115218	12	60512			3	16000
6895	115218	13	60513			3	18000
6896	115218	14	60514			3	20000
6897	115218	15	60515			5	22000
6898	115218	16	60516			5	24000
6899	115218	17	60517			5	26000
6900	115218	18					
6901	115221	1	60201			1	2000
6902	115221	2	60202			1	3000
6903	115221	3	60203			1	4000
6904	115221	4	60204			1	5000
6905	115221	5	60205			2	6000
6906	115221	6	60206			2	7000
6907	115221	7	60207			2	8000
6908	115221	8	60208			2	9000
6909	115221	9	60209			2	10000
6910	115221	10	60210			3	12000
6911	115221	11	60211			3	14000
6912	115221	12	60212			3	16000
6913	115221	13	60213			3	18000
6914	115221	14	60214			3	20000
6915	115221	15	60215			5	22000
6916	115221	16	60216			5	24000
6917	115221	17	60217			5	26000
6918	115221	18					
6919	115222	0	61002			3	25000
6920	115222	1	61002			3	25000
6921	115223	1	60301	61301		1	2000
6922	115223	2	60302	61302		1	3000
6923	115223	3	60303	61303		1	4000
6924	115223	4	60304	61304		1	5000
6925	115223	5	60305	61305		2	6000
6926	115223	6	60306	61306		2	7000
6927	115223	7	60307	61307		2	8000
6928	115223	8	60308	61308		2	9000
6929	115223	9	60309	61309		2	10000
6930	115223	10	60310	61310		3	12000
6931	115223	11	60311	61311		3	14000
6932	115223	12	60312	61312		3	16000
6933	115223	13	60313	61313		3	18000
6934	115223	14	60314	61314		3	20000
6935	115223	15	60315	61315		5	22000
6936	115223	16	60316	61316		5	24000
6937	115223	17	60317	61317		5	26000
6938	115223	18					
6939	115224	0	61010			5	50000
6940	115224	1	61010			5	50000
6941	115225	0	61011			7	75000
6942	115225	1	61011			7	75000
6943	115226	0	61012			10	100000
6944	115226	1	61012			10	100000
6945	115227	0	60423				
6946	115227	1	60423				
6947	116201	1	60001			1	2000
6948	116201	2	60002			1	3000
6949	116201	3	60003			1	4000
6950	116201	4	60004			1	5000
6951	116201	5	60005			2	6000
6952	116201	6	60006			2	7000
6953	116201	7	60007			2	8000
6954	116201	8	60008			2	9000
6955	116201	9	60009			2	10000
6956	116201	10	60010			3	12000
6957	116201	11	60011			3	14000
6958	116201	12	60012			3	16000
6959	116201	13	60013			3	18000
6960	116201	14	60014			3	20000
6961	116201	15	60015			5	22000
6962	116201	16	60016			5	24000
6963	116201	17	60017			5	26000
6964	116201	18					
6965	116206	1	60101			1	2000
6966	116206	2	60102			1	3000
6967	116206	3	60103			1	4000
6968	116206	4	60104			1	5000
6969	116206	5	60105			2	6000
6970	116206	6	60106			2	7000
6971	116206	7	60107			2	8000
6972	116206	8	60108			2	9000
6973	116206	9	60109			2	10000
6974	116206	10	60110			3	12000
6975	116206	11	60111			3	14000
6976	116206	12	60112			3	16000
6977	116206	13	60113			3	18000
6978	116206	14	60114			3	20000
6979	116206	15	60115			5	22000
6980	116206	16	60116			5	24000
6981	116206	17	60117			5	26000
6982	116206	18					
6983	116211	1	60201			1	2000
6984	116211	2	60202			1	3000
6985	116211	3	60203			1	4000
6986	116211	4	60204			1	5000
6987	116211	5	60205			2	6000
6988	116211	6	60206			2	7000
6989	116211	7	60207			2	8000
6990	116211	8	60208			2	9000
6991	116211	9	60209			2	10000
6992	116211	10	60210			3	12000
6993	116211	11	60211			3	14000
6994	116211	12	60212			3	16000
6995	116211	13	60213			3	18000
6996	116211	14	60214			3	20000
6997	116211	15	60215			5	22000
6998	116211	16	60216			5	24000
6999	116211	17	60217			5	26000
7000	116211	18					
7001	116216	1	60001			1	2000
7002	116216	2	60002			1	3000
7003	116216	3	60003			1	4000
7004	116216	4	60004			1	5000
7005	116216	5	60005			2	6000
7006	116216	6	60006			2	7000
7007	116216	7	60007			2	8000
7008	116216	8	60008			2	9000
7009	116216	9	60009			2	10000
7010	116216	10	60010			3	12000
7011	116216	11	60011			3	14000
7012	116216	12	60012			3	16000
7013	116216	13	60013			3	18000
7014	116216	14	60014			3	20000
7015	116216	15	60015			5	22000
7016	116216	16	60016			5	24000
7017	116216	17	60017			5	26000
7018	116216	18					
7019	116217	1	60101			1	2000
7020	116217	2	60102			1	3000
7021	116217	3	60103			1	4000
7022	116217	4	60104			1	5000
7023	116217	5	60105			2	6000
7024	116217	6	60106			2	7000
7025	116217	7	60107			2	8000
7026	116217	8	60108			2	9000
7027	116217	9	60109			2	10000
7028	116217	10	60110			3	12000
7029	116217	11	60111			3	14000
7030	116217	12	60112			3	16000
7031	116217	13	60113			3	18000
7032	116217	14	60114			3	20000
7033	116217	15	60115			5	22000
7034	116217	16	60116			5	24000
7035	116217	17	60117			5	26000
7036	116217	18					
7037	116218	1	60501			1	2000
7038	116218	2	60502			1	3000
7039	116218	3	60503			1	4000
7040	116218	4	60504			1	5000
7041	116218	5	60505			2	6000
7042	116218	6	60506			2	7000
7043	116218	7	60507			2	8000
7044	116218	8	60508			2	9000
7045	116218	9	60509			2	10000
7046	116218	10	60510			3	12000
7047	116218	11	60511			3	14000
7048	116218	12	60512			3	16000
7049	116218	13	60513			3	18000
7050	116218	14	60514			3	20000
7051	116218	15	60515			5	22000
7052	116218	16	60516			5	24000
7053	116218	17	60517			5	26000
7054	116218	18					
7055	116221	1	60201			1	2000
7056	116221	2	60202			1	3000
7057	116221	3	60203			1	4000
7058	116221	4	60204			1	5000
7059	116221	5	60205			2	6000
7060	116221	6	60206			2	7000
7061	116221	7	60207			2	8000
7062	116221	8	60208			2	9000
7063	116221	9	60209			2	10000
7064	116221	10	60210			3	12000
7065	116221	11	60211			3	14000
7066	116221	12	60212			3	16000
7067	116221	13	60213			3	18000
7068	116221	14	60214			3	20000
7069	116221	15	60215			5	22000
7070	116221	16	60216			5	24000
7071	116221	17	60217			5	26000
7072	116221	18					
7073	116222	0	61002			3	25000
7074	116222	1	61002			3	25000
7075	116223	1	60301	61301		1	2000
7076	116223	2	60302	61302		1	3000
7077	116223	3	60303	61303		1	4000
7078	116223	4	60304	61304		1	5000
7079	116223	5	60305	61305		2	6000
7080	116223	6	60306	61306		2	7000
7081	116223	7	60307	61307		2	8000
7082	116223	8	60308	61308		2	9000
7083	116223	9	60309	61309		2	10000
7084	116223	10	60310	61310		3	12000
7085	116223	11	60311	61311		3	14000
7086	116223	12	60312	61312		3	16000
7087	116223	13	60313	61313		3	18000
7088	116223	14	60314	61314		3	20000
7089	116223	15	60315	61315		5	22000
7090	116223	16	60316	61316		5	24000
7091	116223	17	60317	61317		5	26000
7092	116223	18					
7093	116224	0	61004			5	50000
7094	116224	1	61004			5	50000
7095	116225	0	61005			7	75000
7096	116225	1	61005			7	75000
7097	116226	0	61006			10	100000
7098	116226	1	61006			10	100000
7099	116227	0	60426				
7100	116227	1	60426				
7101	117301	1	60001			1	2000
7102	117301	2	60002			1	3000
7103	117301	3	60003			1	4000
7104	117301	4	60004			1	5000
7105	117301	5	60005			2	6000
7106	117301	6	60006			2	7000
7107	117301	7	60007			2	8000
7108	117301	8	60008			2	9000
7109	117301	9	60009			2	10000
7110	117301	10	60010			3	12000
7111	117301	11	60011			3	14000
7112	117301	12	60012			3	16000
7113	117301	13	60013			3	18000
7114	117301	14	60014			3	20000
7115	117301	15	60015			5	22000
7116	117301	16	60016			5	24000
7117	117301	17	60017			5	26000
7118	117301	18					
7119	117306	1	60101			1	2000
7120	117306	2	60102			1	3000
7121	117306	3	60103			1	4000
7122	117306	4	60104			1	5000
7123	117306	5	60105			2	6000
7124	117306	6	60106			2	7000
7125	117306	7	60107			2	8000
7126	117306	8	60108			2	9000
7127	117306	9	60109			2	10000
7128	117306	10	60110			3	12000
7129	117306	11	60111			3	14000
7130	117306	12	60112			3	16000
7131	117306	13	60113			3	18000
7132	117306	14	60114			3	20000
7133	117306	15	60115			5	22000
7134	117306	16	60116			5	24000
7135	117306	17	60117			5	26000
7136	117306	18					
7137	117311	1	60201			1	2000
7138	117311	2	60202			1	3000
7139	117311	3	60203			1	4000
7140	117311	4	60204			1	5000
7141	117311	5	60205			2	6000
7142	117311	6	60206			2	7000
7143	117311	7	60207			2	8000
7144	117311	8	60208			2	9000
7145	117311	9	60209			2	10000
7146	117311	10	60210			3	12000
7147	117311	11	60211			3	14000
7148	117311	12	60212			3	16000
7149	117311	13	60213			3	18000
7150	117311	14	60214			3	20000
7151	117311	15	60215			5	22000
7152	117311	16	60216			5	24000
7153	117311	17	60217			5	26000
7154	117311	18					
7155	117316	1	60001			1	2000
7156	117316	2	60002			1	3000
7157	117316	3	60003			1	4000
7158	117316	4	60004			1	5000
7159	117316	5	60005			2	6000
7160	117316	6	60006			2	7000
7161	117316	7	60007			2	8000
7162	117316	8	60008			2	9000
7163	117316	9	60009			2	10000
7164	117316	10	60010			3	12000
7165	117316	11	60011			3	14000
7166	117316	12	60012			3	16000
7167	117316	13	60013			3	18000
7168	117316	14	60014			3	20000
7169	117316	15	60015			5	22000
7170	117316	16	60016			5	24000
7171	117316	17	60017			5	26000
7172	117316	18					
7173	117317	1	60101			1	2000
7174	117317	2	60102			1	3000
7175	117317	3	60103			1	4000
7176	117317	4	60104			1	5000
7177	117317	5	60105			2	6000
7178	117317	6	60106			2	7000
7179	117317	7	60107			2	8000
7180	117317	8	60108			2	9000
7181	117317	9	60109			2	10000
7182	117317	10	60110			3	12000
7183	117317	11	60111			3	14000
7184	117317	12	60112			3	16000
7185	117317	13	60113			3	18000
7186	117317	14	60114			3	20000
7187	117317	15	60115			5	22000
7188	117317	16	60116			5	24000
7189	117317	17	60117			5	26000
7190	117317	18					
7191	117318	1	60501			1	2000
7192	117318	2	60502			1	3000
7193	117318	3	60503			1	4000
7194	117318	4	60504			1	5000
7195	117318	5	60505			2	6000
7196	117318	6	60506			2	7000
7197	117318	7	60507			2	8000
7198	117318	8	60508			2	9000
7199	117318	9	60509			2	10000
7200	117318	10	60510			3	12000
7201	117318	11	60511			3	14000
7202	117318	12	60512			3	16000
7203	117318	13	60513			3	18000
7204	117318	14	60514			3	20000
7205	117318	15	60515			5	22000
7206	117318	16	60516			5	24000
7207	117318	17	60517			5	26000
7208	117318	18					
7209	117321	1	60201			1	2000
7210	117321	2	60202			1	3000
7211	117321	3	60203			1	4000
7212	117321	4	60204			1	5000
7213	117321	5	60205			2	6000
7214	117321	6	60206			2	7000
7215	117321	7	60207			2	8000
7216	117321	8	60208			2	9000
7217	117321	9	60209			2	10000
7218	117321	10	60210			3	12000
7219	117321	11	60211			3	14000
7220	117321	12	60212			3	16000
7221	117321	13	60213			3	18000
7222	117321	14	60214			3	20000
7223	117321	15	60215			5	22000
7224	117321	16	60216			5	24000
7225	117321	17	60217			5	26000
7226	117321	18					
7227	117322	0	61002			3	25000
7228	117322	1	61002			3	25000
7229	117323	1	60301	61301		1	2000
7230	117323	2	60302	61302		1	3000
7231	117323	3	60303	61303		1	4000
7232	117323	4	60304	61304		1	5000
7233	117323	5	60305	61305		2	6000
7234	117323	6	60306	61306		2	7000
7235	117323	7	60307	61307		2	8000
7236	117323	8	60308	61308		2	9000
7237	117323	9	60309	61309		2	10000
7238	117323	10	60310	61310		3	12000
7239	117323	11	60311	61311		3	14000
7240	117323	12	60312	61312		3	16000
7241	117323	13	60313	61313		3	18000
7242	117323	14	60314	61314		3	20000
7243	117323	15	60315	61315		5	22000
7244	117323	16	60316	61316		5	24000
7245	117323	17	60317	61317		5	26000
7246	117323	18					
7247	117324	0	61004			5	50000
7248	117324	1	61004			5	50000
7249	117325	0	61005			7	75000
7250	117325	1	61005			7	75000
7251	117326	0	61006			10	100000
7252	117326	1	61006			10	100000
7253	117327	0	60427				
7254	117327	1	60427				
7255	117401	1	60001			1	2000
7256	117401	2	60002			1	3000
7257	117401	3	60003			1	4000
7258	117401	4	60004			1	5000
7259	117401	5	60005			2	6000
7260	117401	6	60006			2	7000
7261	117401	7	60007			2	8000
7262	117401	8	60008			2	9000
7263	117401	9	60009			2	10000
7264	117401	10	60010			3	12000
7265	117401	11	60011			3	14000
7266	117401	12	60012			3	16000
7267	117401	13	60013			3	18000
7268	117401	14	60014			3	20000
7269	117401	15	60015			5	22000
7270	117401	16	60016			5	24000
7271	117401	17	60017			5	26000
7272	117401	18					
7273	117406	1	60101			1	2000
7274	117406	2	60102			1	3000
7275	117406	3	60103			1	4000
7276	117406	4	60104			1	5000
7277	117406	5	60105			2	6000
7278	117406	6	60106			2	7000
7279	117406	7	60107			2	8000
7280	117406	8	60108			2	9000
7281	117406	9	60109			2	10000
7282	117406	10	60110			3	12000
7283	117406	11	60111			3	14000
7284	117406	12	60112			3	16000
7285	117406	13	60113			3	18000
7286	117406	14	60114			3	20000
7287	117406	15	60115			5	22000
7288	117406	16	60116			5	24000
7289	117406	17	60117			5	26000
7290	117406	18					
7291	117411	1	60201			1	2000
7292	117411	2	60202			1	3000
7293	117411	3	60203			1	4000
7294	117411	4	60204			1	5000
7295	117411	5	60205			2	6000
7296	117411	6	60206			2	7000
7297	117411	7	60207			2	8000
7298	117411	8	60208			2	9000
7299	117411	9	60209			2	10000
7300	117411	10	60210			3	12000
7301	117411	11	60211			3	14000
7302	117411	12	60212			3	16000
7303	117411	13	60213			3	18000
7304	117411	14	60214			3	20000
7305	117411	15	60215			5	22000
7306	117411	16	60216			5	24000
7307	117411	17	60217			5	26000
7308	117411	18					
7309	117416	1	60001			1	2000
7310	117416	2	60002			1	3000
7311	117416	3	60003			1	4000
7312	117416	4	60004			1	5000
7313	117416	5	60005			2	6000
7314	117416	6	60006			2	7000
7315	117416	7	60007			2	8000
7316	117416	8	60008			2	9000
7317	117416	9	60009			2	10000
7318	117416	10	60010			3	12000
7319	117416	11	60011			3	14000
7320	117416	12	60012			3	16000
7321	117416	13	60013			3	18000
7322	117416	14	60014			3	20000
7323	117416	15	60015			5	22000
7324	117416	16	60016			5	24000
7325	117416	17	60017			5	26000
7326	117416	18					
7327	117417	1	60101			1	2000
7328	117417	2	60102			1	3000
7329	117417	3	60103			1	4000
7330	117417	4	60104			1	5000
7331	117417	5	60105			2	6000
7332	117417	6	60106			2	7000
7333	117417	7	60107			2	8000
7334	117417	8	60108			2	9000
7335	117417	9	60109			2	10000
7336	117417	10	60110			3	12000
7337	117417	11	60111			3	14000
7338	117417	12	60112			3	16000
7339	117417	13	60113			3	18000
7340	117417	14	60114			3	20000
7341	117417	15	60115			5	22000
7342	117417	16	60116			5	24000
7343	117417	17	60117			5	26000
7344	117417	18					
7345	117418	1	60501			1	2000
7346	117418	2	60502			1	3000
7347	117418	3	60503			1	4000
7348	117418	4	60504			1	5000
7349	117418	5	60505			2	6000
7350	117418	6	60506			2	7000
7351	117418	7	60507			2	8000
7352	117418	8	60508			2	9000
7353	117418	9	60509			2	10000
7354	117418	10	60510			3	12000
7355	117418	11	60511			3	14000
7356	117418	12	60512			3	16000
7357	117418	13	60513			3	18000
7358	117418	14	60514			3	20000
7359	117418	15	60515			5	22000
7360	117418	16	60516			5	24000
7361	117418	17	60517			5	26000
7362	117418	18					
7363	117421	1	60201			1	2000
7364	117421	2	60202			1	3000
7365	117421	3	60203			1	4000
7366	117421	4	60204			1	5000
7367	117421	5	60205			2	6000
7368	117421	6	60206			2	7000
7369	117421	7	60207			2	8000
7370	117421	8	60208			2	9000
7371	117421	9	60209			2	10000
7372	117421	10	60210			3	12000
7373	117421	11	60211			3	14000
7374	117421	12	60212			3	16000
7375	117421	13	60213			3	18000
7376	117421	14	60214			3	20000
7377	117421	15	60215			5	22000
7378	117421	16	60216			5	24000
7379	117421	17	60217			5	26000
7380	117421	18					
7381	117422	0	61002			3	25000
7382	117422	1	61002			3	25000
7383	117423	1	60301	61301		1	2000
7384	117423	2	60302	61302		1	3000
7385	117423	3	60303	61303		1	4000
7386	117423	4	60304	61304		1	5000
7387	117423	5	60305	61305		2	6000
7388	117423	6	60306	61306		2	7000
7389	117423	7	60307	61307		2	8000
7390	117423	8	60308	61308		2	9000
7391	117423	9	60309	61309		2	10000
7392	117423	10	60310	61310		3	12000
7393	117423	11	60311	61311		3	14000
7394	117423	12	60312	61312		3	16000
7395	117423	13	60313	61313		3	18000
7396	117423	14	60314	61314		3	20000
7397	117423	15	60315	61315		5	22000
7398	117423	16	60316	61316		5	24000
7399	117423	17	60317	61317		5	26000
7400	117423	18					
7401	117424	0	62004			2	20000
7402	117424	1	62005			3	30000
7403	117424	2	62005			5	50000
7404	117425	0	62006			3	35000
7405	117425	1	62007			4	40000
7406	117425	2	62007			7	75000
7407	117426	0	62008			3	30000
7408	117426	1	62009			3	30000
7409	117426	2	62010			4	40000
7410	117426	3	62010			10	100000
7411	117427	0	60458				
7412	117427	1	60458				
7413	118301	1	60001			1	2000
7414	118301	2	60002			1	3000
7415	118301	3	60003			1	4000
7416	118301	4	60004			1	5000
7417	118301	5	60005			2	6000
7418	118301	6	60006			2	7000
7419	118301	7	60007			2	8000
7420	118301	8	60008			2	9000
7421	118301	9	60009			2	10000
7422	118301	10	60010			3	12000
7423	118301	11	60011			3	14000
7424	118301	12	60012			3	16000
7425	118301	13	60013			3	18000
7426	118301	14	60014			3	20000
7427	118301	15	60015			5	22000
7428	118301	16	60016			5	24000
7429	118301	17	60017			5	26000
7430	118301	18					
7431	118306	1	60101			1	2000
7432	118306	2	60102			1	3000
7433	118306	3	60103			1	4000
7434	118306	4	60104			1	5000
7435	118306	5	60105			2	6000
7436	118306	6	60106			2	7000
7437	118306	7	60107			2	8000
7438	118306	8	60108			2	9000
7439	118306	9	60109			2	10000
7440	118306	10	60110			3	12000
7441	118306	11	60111			3	14000
7442	118306	12	60112			3	16000
7443	118306	13	60113			3	18000
7444	118306	14	60114			3	20000
7445	118306	15	60115			5	22000
7446	118306	16	60116			5	24000
7447	118306	17	60117			5	26000
7448	118306	18					
7449	118311	1	60201			1	2000
7450	118311	2	60202			1	3000
7451	118311	3	60203			1	4000
7452	118311	4	60204			1	5000
7453	118311	5	60205			2	6000
7454	118311	6	60206			2	7000
7455	118311	7	60207			2	8000
7456	118311	8	60208			2	9000
7457	118311	9	60209			2	10000
7458	118311	10	60210			3	12000
7459	118311	11	60211			3	14000
7460	118311	12	60212			3	16000
7461	118311	13	60213			3	18000
7462	118311	14	60214			3	20000
7463	118311	15	60215			5	22000
7464	118311	16	60216			5	24000
7465	118311	17	60217			5	26000
7466	118311	18					
7467	118316	1	60001			1	2000
7468	118316	2	60002			1	3000
7469	118316	3	60003			1	4000
7470	118316	4	60004			1	5000
7471	118316	5	60005			2	6000
7472	118316	6	60006			2	7000
7473	118316	7	60007			2	8000
7474	118316	8	60008			2	9000
7475	118316	9	60009			2	10000
7476	118316	10	60010			3	12000
7477	118316	11	60011			3	14000
7478	118316	12	60012			3	16000
7479	118316	13	60013			3	18000
7480	118316	14	60014			3	20000
7481	118316	15	60015			5	22000
7482	118316	16	60016			5	24000
7483	118316	17	60017			5	26000
7484	118316	18					
7485	118317	1	60101			1	2000
7486	118317	2	60102			1	3000
7487	118317	3	60103			1	4000
7488	118317	4	60104			1	5000
7489	118317	5	60105			2	6000
7490	118317	6	60106			2	7000
7491	118317	7	60107			2	8000
7492	118317	8	60108			2	9000
7493	118317	9	60109			2	10000
7494	118317	10	60110			3	12000
7495	118317	11	60111			3	14000
7496	118317	12	60112			3	16000
7497	118317	13	60113			3	18000
7498	118317	14	60114			3	20000
7499	118317	15	60115			5	22000
7500	118317	16	60116			5	24000
7501	118317	17	60117			5	26000
7502	118317	18					
7503	118318	1	60501			1	2000
7504	118318	2	60502			1	3000
7505	118318	3	60503			1	4000
7506	118318	4	60504			1	5000
7507	118318	5	60505			2	6000
7508	118318	6	60506			2	7000
7509	118318	7	60507			2	8000
7510	118318	8	60508			2	9000
7511	118318	9	60509			2	10000
7512	118318	10	60510			3	12000
7513	118318	11	60511			3	14000
7514	118318	12	60512			3	16000
7515	118318	13	60513			3	18000
7516	118318	14	60514			3	20000
7517	118318	15	60515			5	22000
7518	118318	16	60516			5	24000
7519	118318	17	60517			5	26000
7520	118318	18					
7521	118321	1	60201			1	2000
7522	118321	2	60202			1	3000
7523	118321	3	60203			1	4000
7524	118321	4	60204			1	5000
7525	118321	5	60205			2	6000
7526	118321	6	60206			2	7000
7527	118321	7	60207			2	8000
7528	118321	8	60208			2	9000
7529	118321	9	60209			2	10000
7530	118321	10	60210			3	12000
7531	118321	11	60211			3	14000
7532	118321	12	60212			3	16000
7533	118321	13	60213			3	18000
7534	118321	14	60214			3	20000
7535	118321	15	60215			5	22000
7536	118321	16	60216			5	24000
7537	118321	17	60217			5	26000
7538	118321	18					
7539	118322	0	61002			3	25000
7540	118322	1	61002			3	25000
7541	118323	1	60301	61301		1	2000
7542	118323	2	60302	61302		1	3000
7543	118323	3	60303	61303		1	4000
7544	118323	4	60304	61304		1	5000
7545	118323	5	60305	61305		2	6000
7546	118323	6	60306	61306		2	7000
7547	118323	7	60307	61307		2	8000
7548	118323	8	60308	61308		2	9000
7549	118323	9	60309	61309		2	10000
7550	118323	10	60310	61310		3	12000
7551	118323	11	60311	61311		3	14000
7552	118323	12	60312	61312		3	16000
7553	118323	13	60313	61313		3	18000
7554	118323	14	60314	61314		3	20000
7555	118323	15	60315	61315		5	22000
7556	118323	16	60316	61316		5	24000
7557	118323	17	60317	61317		5	26000
7558	118323	18					
7559	118324	0	61004			5	50000
7560	118324	1	61004			5	50000
7561	118325	0	61005			7	75000
7562	118325	1	61005			7	75000
7563	118326	0	61006			10	100000
7564	118326	1	61006			10	100000
7565	118327	0	60428				
7566	118327	1	60428				
7567	119301	1	60001			1	2000
7568	119301	2	60002			1	3000
7569	119301	3	60003			1	4000
7570	119301	4	60004			1	5000
7571	119301	5	60005			2	6000
7572	119301	6	60006			2	7000
7573	119301	7	60007			2	8000
7574	119301	8	60008			2	9000
7575	119301	9	60009			2	10000
7576	119301	10	60010			3	12000
7577	119301	11	60011			3	14000
7578	119301	12	60012			3	16000
7579	119301	13	60013			3	18000
7580	119301	14	60014			3	20000
7581	119301	15	60015			5	22000
7582	119301	16	60016			5	24000
7583	119301	17	60017			5	26000
7584	119301	18					
7585	119306	1	60101			1	2000
7586	119306	2	60102			1	3000
7587	119306	3	60103			1	4000
7588	119306	4	60104			1	5000
7589	119306	5	60105			2	6000
7590	119306	6	60106			2	7000
7591	119306	7	60107			2	8000
7592	119306	8	60108			2	9000
7593	119306	9	60109			2	10000
7594	119306	10	60110			3	12000
7595	119306	11	60111			3	14000
7596	119306	12	60112			3	16000
7597	119306	13	60113			3	18000
7598	119306	14	60114			3	20000
7599	119306	15	60115			5	22000
7600	119306	16	60116			5	24000
7601	119306	17	60117			5	26000
7602	119306	18					
7603	119311	1	60201			1	2000
7604	119311	2	60202			1	3000
7605	119311	3	60203			1	4000
7606	119311	4	60204			1	5000
7607	119311	5	60205			2	6000
7608	119311	6	60206			2	7000
7609	119311	7	60207			2	8000
7610	119311	8	60208			2	9000
7611	119311	9	60209			2	10000
7612	119311	10	60210			3	12000
7613	119311	11	60211			3	14000
7614	119311	12	60212			3	16000
7615	119311	13	60213			3	18000
7616	119311	14	60214			3	20000
7617	119311	15	60215			5	22000
7618	119311	16	60216			5	24000
7619	119311	17	60217			5	26000
7620	119311	18					
7621	119316	1	60001			1	2000
7622	119316	2	60002			1	3000
7623	119316	3	60003			1	4000
7624	119316	4	60004			1	5000
7625	119316	5	60005			2	6000
7626	119316	6	60006			2	7000
7627	119316	7	60007			2	8000
7628	119316	8	60008			2	9000
7629	119316	9	60009			2	10000
7630	119316	10	60010			3	12000
7631	119316	11	60011			3	14000
7632	119316	12	60012			3	16000
7633	119316	13	60013			3	18000
7634	119316	14	60014			3	20000
7635	119316	15	60015			5	22000
7636	119316	16	60016			5	24000
7637	119316	17	60017			5	26000
7638	119316	18					
7639	119317	1	60101			1	2000
7640	119317	2	60102			1	3000
7641	119317	3	60103			1	4000
7642	119317	4	60104			1	5000
7643	119317	5	60105			2	6000
7644	119317	6	60106			2	7000
7645	119317	7	60107			2	8000
7646	119317	8	60108			2	9000
7647	119317	9	60109			2	10000
7648	119317	10	60110			3	12000
7649	119317	11	60111			3	14000
7650	119317	12	60112			3	16000
7651	119317	13	60113			3	18000
7652	119317	14	60114			3	20000
7653	119317	15	60115			5	22000
7654	119317	16	60116			5	24000
7655	119317	17	60117			5	26000
7656	119317	18					
7657	119318	1	60501			1	2000
7658	119318	2	60502			1	3000
7659	119318	3	60503			1	4000
7660	119318	4	60504			1	5000
7661	119318	5	60505			2	6000
7662	119318	6	60506			2	7000
7663	119318	7	60507			2	8000
7664	119318	8	60508			2	9000
7665	119318	9	60509			2	10000
7666	119318	10	60510			3	12000
7667	119318	11	60511			3	14000
7668	119318	12	60512			3	16000
7669	119318	13	60513			3	18000
7670	119318	14	60514			3	20000
7671	119318	15	60515			5	22000
7672	119318	16	60516			5	24000
7673	119318	17	60517			5	26000
7674	119318	18					
7675	119321	1	60501			1	2000
7676	119321	2	60502			1	3000
7677	119321	3	60503			1	4000
7678	119321	4	60504			1	5000
7679	119321	5	60505			2	6000
7680	119321	6	60506			2	7000
7681	119321	7	60507			2	8000
7682	119321	8	60508			2	9000
7683	119321	9	60509			2	10000
7684	119321	10	60510			3	12000
7685	119321	11	60511			3	14000
7686	119321	12	60512			3	16000
7687	119321	13	60513			3	18000
7688	119321	14	60514			3	20000
7689	119321	15	60515			5	22000
7690	119321	16	60516			5	24000
7691	119321	17	60517			5	26000
7692	119321	18					
7693	119322	1	60201			1	2000
7694	119322	2	60202			1	3000
7695	119322	3	60203			1	4000
7696	119322	4	60204			1	5000
7697	119322	5	60205			2	6000
7698	119322	6	60206			2	7000
7699	119322	7	60207			2	8000
7700	119322	8	60208			2	9000
7701	119322	9	60209			2	10000
7702	119322	10	60210			3	12000
7703	119322	11	60211			3	14000
7704	119322	12	60212			3	16000
7705	119322	13	60213			3	18000
7706	119322	14	60214			3	20000
7707	119322	15	60215			5	22000
7708	119322	16	60216			5	24000
7709	119322	17	60217			5	26000
7710	119322	18					
7711	119323	0	61002			3	25000
7712	119323	1	61002			3	25000
7713	119324	0	60429				
7714	119324	1	60429				
7715	119325	0	61004			5	50000
7716	119325	1	61004			5	50000
7717	119326	0	61005			7	75000
7718	119326	1	61005			7	75000
7719	119327	1	60301	61301		1	2000
7720	119327	2	60302	61302		1	3000
7721	119327	3	60303	61303		1	4000
7722	119327	4	60304	61304		1	5000
7723	119327	5	60305	61305		2	6000
7724	119327	6	60306	61306		2	7000
7725	119327	7	60307	61307		2	8000
7726	119327	8	60308	61308		2	9000
7727	119327	9	60309	61309		2	10000
7728	119327	10	60310	61310		3	12000
7729	119327	11	60311	61311		3	14000
7730	119327	12	60312	61312		3	16000
7731	119327	13	60313	61313		3	18000
7732	119327	14	60314	61314		3	20000
7733	119327	15	60315	61315		5	22000
7734	119327	16	60316	61316		5	24000
7735	119327	17	60317	61317		5	26000
7736	119327	18					
7737	119329	0	61006			10	100000
7738	119329	1	61006			10	100000
7739	120301	1	60001			1	2000
7740	120301	2	60002			1	3000
7741	120301	3	60003			1	4000
7742	120301	4	60004			1	5000
7743	120301	5	60005			2	6000
7744	120301	6	60006			2	7000
7745	120301	7	60007			2	8000
7746	120301	8	60008			2	9000
7747	120301	9	60009			2	10000
7748	120301	10	60010			3	12000
7749	120301	11	60011			3	14000
7750	120301	12	60012			3	16000
7751	120301	13	60013			3	18000
7752	120301	14	60014			3	20000
7753	120301	15	60015			5	22000
7754	120301	16	60016			5	24000
7755	120301	17	60017			5	26000
7756	120301	18					
7757	120306	1	60101			1	2000
7758	120306	2	60102			1	3000
7759	120306	3	60103			1	4000
7760	120306	4	60104			1	5000
7761	120306	5	60105			2	6000
7762	120306	6	60106			2	7000
7763	120306	7	60107			2	8000
7764	120306	8	60108			2	9000
7765	120306	9	60109			2	10000
7766	120306	10	60110			3	12000
7767	120306	11	60111			3	14000
7768	120306	12	60112			3	16000
7769	120306	13	60113			3	18000
7770	120306	14	60114			3	20000
7771	120306	15	60115			5	22000
7772	120306	16	60116			5	24000
7773	120306	17	60117			5	26000
7774	120306	18					
7775	120311	1	60201			1	2000
7776	120311	2	60202			1	3000
7777	120311	3	60203			1	4000
7778	120311	4	60204			1	5000
7779	120311	5	60205			2	6000
7780	120311	6	60206			2	7000
7781	120311	7	60207			2	8000
7782	120311	8	60208			2	9000
7783	120311	9	60209			2	10000
7784	120311	10	60210			3	12000
7785	120311	11	60211			3	14000
7786	120311	12	60212			3	16000
7787	120311	13	60213			3	18000
7788	120311	14	60214			3	20000
7789	120311	15	60215			5	22000
7790	120311	16	60216			5	24000
7791	120311	17	60217			5	26000
7792	120311	18					
7793	120316	1	60001			1	2000
7794	120316	2	60002			1	3000
7795	120316	3	60003			1	4000
7796	120316	4	60004			1	5000
7797	120316	5	60005			2	6000
7798	120316	6	60006			2	7000
7799	120316	7	60007			2	8000
7800	120316	8	60008			2	9000
7801	120316	9	60009			2	10000
7802	120316	10	60010			3	12000
7803	120316	11	60011			3	14000
7804	120316	12	60012			3	16000
7805	120316	13	60013			3	18000
7806	120316	14	60014			3	20000
7807	120316	15	60015			5	22000
7808	120316	16	60016			5	24000
7809	120316	17	60017			5	26000
7810	120316	18					
7811	120317	1	60101			1	2000
7812	120317	2	60102			1	3000
7813	120317	3	60103			1	4000
7814	120317	4	60104			1	5000
7815	120317	5	60105			2	6000
7816	120317	6	60106			2	7000
7817	120317	7	60107			2	8000
7818	120317	8	60108			2	9000
7819	120317	9	60109			2	10000
7820	120317	10	60110			3	12000
7821	120317	11	60111			3	14000
7822	120317	12	60112			3	16000
7823	120317	13	60113			3	18000
7824	120317	14	60114			3	20000
7825	120317	15	60115			5	22000
7826	120317	16	60116			5	24000
7827	120317	17	60117			5	26000
7828	120317	18					
7829	120318	1	60501			1	2000
7830	120318	2	60502			1	3000
7831	120318	3	60503			1	4000
7832	120318	4	60504			1	5000
7833	120318	5	60505			2	6000
7834	120318	6	60506			2	7000
7835	120318	7	60507			2	8000
7836	120318	8	60508			2	9000
7837	120318	9	60509			2	10000
7838	120318	10	60510			3	12000
7839	120318	11	60511			3	14000
7840	120318	12	60512			3	16000
7841	120318	13	60513			3	18000
7842	120318	14	60514			3	20000
7843	120318	15	60515			5	22000
7844	120318	16	60516			5	24000
7845	120318	17	60517			5	26000
7846	120318	18					
7847	120321	1	60201			1	2000
7848	120321	2	60202			1	3000
7849	120321	3	60203			1	4000
7850	120321	4	60204			1	5000
7851	120321	5	60205			2	6000
7852	120321	6	60206			2	7000
7853	120321	7	60207			2	8000
7854	120321	8	60208			2	9000
7855	120321	9	60209			2	10000
7856	120321	10	60210			3	12000
7857	120321	11	60211			3	14000
7858	120321	12	60212			3	16000
7859	120321	13	60213			3	18000
7860	120321	14	60214			3	20000
7861	120321	15	60215			5	22000
7862	120321	16	60216			5	24000
7863	120321	17	60217			5	26000
7864	120321	18					
7865	120322	0	61002			3	25000
7866	120322	1	61002			3	25000
7867	120323	1	60301	61301		1	2000
7868	120323	2	60302	61302		1	3000
7869	120323	3	60303	61303		1	4000
7870	120323	4	60304	61304		1	5000
7871	120323	5	60305	61305		2	6000
7872	120323	6	60306	61306		2	7000
7873	120323	7	60307	61307		2	8000
7874	120323	8	60308	61308		2	9000
7875	120323	9	60309	61309		2	10000
7876	120323	10	60310	61310		3	12000
7877	120323	11	60311	61311		3	14000
7878	120323	12	60312	61312		3	16000
7879	120323	13	60313	61313		3	18000
7880	120323	14	60314	61314		3	20000
7881	120323	15	60315	61315		5	22000
7882	120323	16	60316	61316		5	24000
7883	120323	17	60317	61317		5	26000
7884	120323	18					
7885	120324	0	61004			5	50000
7886	120324	1	61004			5	50000
7887	120325	0	61005			7	75000
7888	120325	1	61005			7	75000
7889	120326	0	61006			10	100000
7890	120326	1	61006			10	100000
7891	120327	0	60430				
7892	120327	1	60430				
7893	121201	1	60001			1	2000
7894	121201	2	60002			1	3000
7895	121201	3	60003			1	4000
7896	121201	4	60004			1	5000
7897	121201	5	60005			2	6000
7898	121201	6	60006			2	7000
7899	121201	7	60007			2	8000
7900	121201	8	60008			2	9000
7901	121201	9	60009			2	10000
7902	121201	10	60010			3	12000
7903	121201	11	60011			3	14000
7904	121201	12	60012			3	16000
7905	121201	13	60013			3	18000
7906	121201	14	60014			3	20000
7907	121201	15	60015			5	22000
7908	121201	16	60016			5	24000
7909	121201	17	60017			5	26000
7910	121201	18					
7911	121206	1	60101			1	2000
7912	121206	2	60102			1	3000
7913	121206	3	60103			1	4000
7914	121206	4	60104			1	5000
7915	121206	5	60105			2	6000
7916	121206	6	60106			2	7000
7917	121206	7	60107			2	8000
7918	121206	8	60108			2	9000
7919	121206	9	60109			2	10000
7920	121206	10	60110			3	12000
7921	121206	11	60111			3	14000
7922	121206	12	60112			3	16000
7923	121206	13	60113			3	18000
7924	121206	14	60114			3	20000
7925	121206	15	60115			5	22000
7926	121206	16	60116			5	24000
7927	121206	17	60117			5	26000
7928	121206	18					
7929	121211	1	60201			1	2000
7930	121211	2	60202			1	3000
7931	121211	3	60203			1	4000
7932	121211	4	60204			1	5000
7933	121211	5	60205			2	6000
7934	121211	6	60206			2	7000
7935	121211	7	60207			2	8000
7936	121211	8	60208			2	9000
7937	121211	9	60209			2	10000
7938	121211	10	60210			3	12000
7939	121211	11	60211			3	14000
7940	121211	12	60212			3	16000
7941	121211	13	60213			3	18000
7942	121211	14	60214			3	20000
7943	121211	15	60215			5	22000
7944	121211	16	60216			5	24000
7945	121211	17	60217			5	26000
7946	121211	18					
7947	121216	1	60001			1	2000
7948	121216	2	60002			1	3000
7949	121216	3	60003			1	4000
7950	121216	4	60004			1	5000
7951	121216	5	60005			2	6000
7952	121216	6	60006			2	7000
7953	121216	7	60007			2	8000
7954	121216	8	60008			2	9000
7955	121216	9	60009			2	10000
7956	121216	10	60010			3	12000
7957	121216	11	60011			3	14000
7958	121216	12	60012			3	16000
7959	121216	13	60013			3	18000
7960	121216	14	60014			3	20000
7961	121216	15	60015			5	22000
7962	121216	16	60016			5	24000
7963	121216	17	60017			5	26000
7964	121216	18					
7965	121217	1	60101			1	2000
7966	121217	2	60102			1	3000
7967	121217	3	60103			1	4000
7968	121217	4	60104			1	5000
7969	121217	5	60105			2	6000
7970	121217	6	60106			2	7000
7971	121217	7	60107			2	8000
7972	121217	8	60108			2	9000
7973	121217	9	60109			2	10000
7974	121217	10	60110			3	12000
7975	121217	11	60111			3	14000
7976	121217	12	60112			3	16000
7977	121217	13	60113			3	18000
7978	121217	14	60114			3	20000
7979	121217	15	60115			5	22000
7980	121217	16	60116			5	24000
7981	121217	17	60117			5	26000
7982	121217	18					
7983	121218	1	60501			1	2000
7984	121218	2	60502			1	3000
7985	121218	3	60503			1	4000
7986	121218	4	60504			1	5000
7987	121218	5	60505			2	6000
7988	121218	6	60506			2	7000
7989	121218	7	60507			2	8000
7990	121218	8	60508			2	9000
7991	121218	9	60509			2	10000
7992	121218	10	60510			3	12000
7993	121218	11	60511			3	14000
7994	121218	12	60512			3	16000
7995	121218	13	60513			3	18000
7996	121218	14	60514			3	20000
7997	121218	15	60515			5	22000
7998	121218	16	60516			5	24000
7999	121218	17	60517			5	26000
8000	121218	18					
8001	121221	1	60201			1	2000
8002	121221	2	60202			1	3000
8003	121221	3	60203			1	4000
8004	121221	4	60204			1	5000
8005	121221	5	60205			2	6000
8006	121221	6	60206			2	7000
8007	121221	7	60207			2	8000
8008	121221	8	60208			2	9000
8009	121221	9	60209			2	10000
8010	121221	10	60210			3	12000
8011	121221	11	60211			3	14000
8012	121221	12	60212			3	16000
8013	121221	13	60213			3	18000
8014	121221	14	60214			3	20000
8015	121221	15	60215			5	22000
8016	121221	16	60216			5	24000
8017	121221	17	60217			5	26000
8018	121221	18					
8019	121222	0	61002			3	25000
8020	121222	1	61002			3	25000
8021	121223	1	60301	61301		1	2000
8022	121223	2	60302	61302		1	3000
8023	121223	3	60303	61303		1	4000
8024	121223	4	60304	61304		1	5000
8025	121223	5	60305	61305		2	6000
8026	121223	6	60306	61306		2	7000
8027	121223	7	60307	61307		2	8000
8028	121223	8	60308	61308		2	9000
8029	121223	9	60309	61309		2	10000
8030	121223	10	60310	61310		3	12000
8031	121223	11	60311	61311		3	14000
8032	121223	12	60312	61312		3	16000
8033	121223	13	60313	61313		3	18000
8034	121223	14	60314	61314		3	20000
8035	121223	15	60315	61315		5	22000
8036	121223	16	60316	61316		5	24000
8037	121223	17	60317	61317		5	26000
8038	121223	18					
8039	121224	0	61004			5	50000
8040	121224	1	61004			5	50000
8041	121225	0	61005			7	75000
8042	121225	1	61005			7	75000
8043	121226	0	61006			10	100000
8044	121226	1	61006			10	100000
8045	121227	0	60431				
8046	121227	1	60431				
8047	121301	1	60001			1	2000
8048	121301	2	60002			1	3000
8049	121301	3	60003			1	4000
8050	121301	4	60004			1	5000
8051	121301	5	60005			2	6000
8052	121301	6	60006			2	7000
8053	121301	7	60007			2	8000
8054	121301	8	60008			2	9000
8055	121301	9	60009			2	10000
8056	121301	10	60010			3	12000
8057	121301	11	60011			3	14000
8058	121301	12	60012			3	16000
8059	121301	13	60013			3	18000
8060	121301	14	60014			3	20000
8061	121301	15	60015			5	22000
8062	121301	16	60016			5	24000
8063	121301	17	60017			5	26000
8064	121301	18					
8065	121306	1	60101			1	2000
8066	121306	2	60102			1	3000
8067	121306	3	60103			1	4000
8068	121306	4	60104			1	5000
8069	121306	5	60105			2	6000
8070	121306	6	60106			2	7000
8071	121306	7	60107			2	8000
8072	121306	8	60108			2	9000
8073	121306	9	60109			2	10000
8074	121306	10	60110			3	12000
8075	121306	11	60111			3	14000
8076	121306	12	60112			3	16000
8077	121306	13	60113			3	18000
8078	121306	14	60114			3	20000
8079	121306	15	60115			5	22000
8080	121306	16	60116			5	24000
8081	121306	17	60117			5	26000
8082	121306	18					
8083	121311	1	60201			1	2000
8084	121311	2	60202			1	3000
8085	121311	3	60203			1	4000
8086	121311	4	60204			1	5000
8087	121311	5	60205			2	6000
8088	121311	6	60206			2	7000
8089	121311	7	60207			2	8000
8090	121311	8	60208			2	9000
8091	121311	9	60209			2	10000
8092	121311	10	60210			3	12000
8093	121311	11	60211			3	14000
8094	121311	12	60212			3	16000
8095	121311	13	60213			3	18000
8096	121311	14	60214			3	20000
8097	121311	15	60215			5	22000
8098	121311	16	60216			5	24000
8099	121311	17	60217			5	26000
8100	121311	18					
8101	121316	1	60001			1	2000
8102	121316	2	60002			1	3000
8103	121316	3	60003			1	4000
8104	121316	4	60004			1	5000
8105	121316	5	60005			2	6000
8106	121316	6	60006			2	7000
8107	121316	7	60007			2	8000
8108	121316	8	60008			2	9000
8109	121316	9	60009			2	10000
8110	121316	10	60010			3	12000
8111	121316	11	60011			3	14000
8112	121316	12	60012			3	16000
8113	121316	13	60013			3	18000
8114	121316	14	60014			3	20000
8115	121316	15	60015			5	22000
8116	121316	16	60016			5	24000
8117	121316	17	60017			5	26000
8118	121316	18					
8119	121317	1	60101			1	2000
8120	121317	2	60102			1	3000
8121	121317	3	60103			1	4000
8122	121317	4	60104			1	5000
8123	121317	5	60105			2	6000
8124	121317	6	60106			2	7000
8125	121317	7	60107			2	8000
8126	121317	8	60108			2	9000
8127	121317	9	60109			2	10000
8128	121317	10	60110			3	12000
8129	121317	11	60111			3	14000
8130	121317	12	60112			3	16000
8131	121317	13	60113			3	18000
8132	121317	14	60114			3	20000
8133	121317	15	60115			5	22000
8134	121317	16	60116			5	24000
8135	121317	17	60117			5	26000
8136	121317	18					
8137	121318	1	60501			1	2000
8138	121318	2	60502			1	3000
8139	121318	3	60503			1	4000
8140	121318	4	60504			1	5000
8141	121318	5	60505			2	6000
8142	121318	6	60506			2	7000
8143	121318	7	60507			2	8000
8144	121318	8	60508			2	9000
8145	121318	9	60509			2	10000
8146	121318	10	60510			3	12000
8147	121318	11	60511			3	14000
8148	121318	12	60512			3	16000
8149	121318	13	60513			3	18000
8150	121318	14	60514			3	20000
8151	121318	15	60515			5	22000
8152	121318	16	60516			5	24000
8153	121318	17	60517			5	26000
8154	121318	18					
8155	121321	1	60201			1	2000
8156	121321	2	60202			1	3000
8157	121321	3	60203			1	4000
8158	121321	4	60204			1	5000
8159	121321	5	60205			2	6000
8160	121321	6	60206			2	7000
8161	121321	7	60207			2	8000
8162	121321	8	60208			2	9000
8163	121321	9	60209			2	10000
8164	121321	10	60210			3	12000
8165	121321	11	60211			3	14000
8166	121321	12	60212			3	16000
8167	121321	13	60213			3	18000
8168	121321	14	60214			3	20000
8169	121321	15	60215			5	22000
8170	121321	16	60216			5	24000
8171	121321	17	60217			5	26000
8172	121321	18					
8173	121322	0	61002			3	25000
8174	121322	1	61002			3	25000
8175	121323	1	60301	61301		1	2000
8176	121323	2	60302	61302		1	3000
8177	121323	3	60303	61303		1	4000
8178	121323	4	60304	61304		1	5000
8179	121323	5	60305	61305		2	6000
8180	121323	6	60306	61306		2	7000
8181	121323	7	60307	61307		2	8000
8182	121323	8	60308	61308		2	9000
8183	121323	9	60309	61309		2	10000
8184	121323	10	60310	61310		3	12000
8185	121323	11	60311	61311		3	14000
8186	121323	12	60312	61312		3	16000
8187	121323	13	60313	61313		3	18000
8188	121323	14	60314	61314		3	20000
8189	121323	15	60315	61315		5	22000
8190	121323	16	60316	61316		5	24000
8191	121323	17	60317	61317		5	26000
8192	121323	18					
8193	121324	0	62004			2	20000
8194	121324	1	62005			3	30000
8195	121324	2	62005			5	50000
8196	121325	0	62006			3	35000
8197	121325	1	62007			4	40000
8198	121325	2	62007			7	75000
8199	121326	0	62008			3	30000
8200	121326	1	62009			3	30000
8201	121326	2	62010			4	40000
8202	121326	3	62010			10	100000
8203	121327	0	60461				
8204	121327	1	60461				
8205	122201	1	60001			1	2000
8206	122201	2	60002			1	3000
8207	122201	3	60003			1	4000
8208	122201	4	60004			1	5000
8209	122201	5	60005			2	6000
8210	122201	6	60006			2	7000
8211	122201	7	60007			2	8000
8212	122201	8	60008			2	9000
8213	122201	9	60009			2	10000
8214	122201	10	60010			3	12000
8215	122201	11	60011			3	14000
8216	122201	12	60012			3	16000
8217	122201	13	60013			3	18000
8218	122201	14	60014			3	20000
8219	122201	15	60015			5	22000
8220	122201	16	60016			5	24000
8221	122201	17	60017			5	26000
8222	122201	18					
8223	122206	1	60101			1	2000
8224	122206	2	60102			1	3000
8225	122206	3	60103			1	4000
8226	122206	4	60104			1	5000
8227	122206	5	60105			2	6000
8228	122206	6	60106			2	7000
8229	122206	7	60107			2	8000
8230	122206	8	60108			2	9000
8231	122206	9	60109			2	10000
8232	122206	10	60110			3	12000
8233	122206	11	60111			3	14000
8234	122206	12	60112			3	16000
8235	122206	13	60113			3	18000
8236	122206	14	60114			3	20000
8237	122206	15	60115			5	22000
8238	122206	16	60116			5	24000
8239	122206	17	60117			5	26000
8240	122206	18					
8241	122211	1	60201			1	2000
8242	122211	2	60202			1	3000
8243	122211	3	60203			1	4000
8244	122211	4	60204			1	5000
8245	122211	5	60205			2	6000
8246	122211	6	60206			2	7000
8247	122211	7	60207			2	8000
8248	122211	8	60208			2	9000
8249	122211	9	60209			2	10000
8250	122211	10	60210			3	12000
8251	122211	11	60211			3	14000
8252	122211	12	60212			3	16000
8253	122211	13	60213			3	18000
8254	122211	14	60214			3	20000
8255	122211	15	60215			5	22000
8256	122211	16	60216			5	24000
8257	122211	17	60217			5	26000
8258	122211	18					
8259	122216	1	60001			1	2000
8260	122216	2	60002			1	3000
8261	122216	3	60003			1	4000
8262	122216	4	60004			1	5000
8263	122216	5	60005			2	6000
8264	122216	6	60006			2	7000
8265	122216	7	60007			2	8000
8266	122216	8	60008			2	9000
8267	122216	9	60009			2	10000
8268	122216	10	60010			3	12000
8269	122216	11	60011			3	14000
8270	122216	12	60012			3	16000
8271	122216	13	60013			3	18000
8272	122216	14	60014			3	20000
8273	122216	15	60015			5	22000
8274	122216	16	60016			5	24000
8275	122216	17	60017			5	26000
8276	122216	18					
8277	122217	1	60101			1	2000
8278	122217	2	60102			1	3000
8279	122217	3	60103			1	4000
8280	122217	4	60104			1	5000
8281	122217	5	60105			2	6000
8282	122217	6	60106			2	7000
8283	122217	7	60107			2	8000
8284	122217	8	60108			2	9000
8285	122217	9	60109			2	10000
8286	122217	10	60110			3	12000
8287	122217	11	60111			3	14000
8288	122217	12	60112			3	16000
8289	122217	13	60113			3	18000
8290	122217	14	60114			3	20000
8291	122217	15	60115			5	22000
8292	122217	16	60116			5	24000
8293	122217	17	60117			5	26000
8294	122217	18					
8295	122218	1	60501			1	2000
8296	122218	2	60502			1	3000
8297	122218	3	60503			1	4000
8298	122218	4	60504			1	5000
8299	122218	5	60505			2	6000
8300	122218	6	60506			2	7000
8301	122218	7	60507			2	8000
8302	122218	8	60508			2	9000
8303	122218	9	60509			2	10000
8304	122218	10	60510			3	12000
8305	122218	11	60511			3	14000
8306	122218	12	60512			3	16000
8307	122218	13	60513			3	18000
8308	122218	14	60514			3	20000
8309	122218	15	60515			5	22000
8310	122218	16	60516			5	24000
8311	122218	17	60517			5	26000
8312	122218	18					
8313	122221	1	60201			1	2000
8314	122221	2	60202			1	3000
8315	122221	3	60203			1	4000
8316	122221	4	60204			1	5000
8317	122221	5	60205			2	6000
8318	122221	6	60206			2	7000
8319	122221	7	60207			2	8000
8320	122221	8	60208			2	9000
8321	122221	9	60209			2	10000
8322	122221	10	60210			3	12000
8323	122221	11	60211			3	14000
8324	122221	12	60212			3	16000
8325	122221	13	60213			3	18000
8326	122221	14	60214			3	20000
8327	122221	15	60215			5	22000
8328	122221	16	60216			5	24000
8329	122221	17	60217			5	26000
8330	122221	18					
8331	122222	0	61002			3	25000
8332	122222	1	61002			3	25000
8333	122223	1	60301	61301		1	2000
8334	122223	2	60302	61302		1	3000
8335	122223	3	60303	61303		1	4000
8336	122223	4	60304	61304		1	5000
8337	122223	5	60305	61305		2	6000
8338	122223	6	60306	61306		2	7000
8339	122223	7	60307	61307		2	8000
8340	122223	8	60308	61308		2	9000
8341	122223	9	60309	61309		2	10000
8342	122223	10	60310	61310		3	12000
8343	122223	11	60311	61311		3	14000
8344	122223	12	60312	61312		3	16000
8345	122223	13	60313	61313		3	18000
8346	122223	14	60314	61314		3	20000
8347	122223	15	60315	61315		5	22000
8348	122223	16	60316	61316		5	24000
8349	122223	17	60317	61317		5	26000
8350	122223	18					
8351	122224	0	61004			5	50000
8352	122224	1	61004			5	50000
8353	122225	0	61005			7	75000
8354	122225	1	61005			7	75000
8355	122226	0	61006			10	100000
8356	122226	1	61006			10	100000
8357	122227	0	60434				
8358	122227	1	60434				
8359	122301	1	60001			1	2000
8360	122301	2	60002			1	3000
8361	122301	3	60003			1	4000
8362	122301	4	60004			1	5000
8363	122301	5	60005			2	6000
8364	122301	6	60006			2	7000
8365	122301	7	60007			2	8000
8366	122301	8	60008			2	9000
8367	122301	9	60009			2	10000
8368	122301	10	60010			3	12000
8369	122301	11	60011			3	14000
8370	122301	12	60012			3	16000
8371	122301	13	60013			3	18000
8372	122301	14	60014			3	20000
8373	122301	15	60015			5	22000
8374	122301	16	60016			5	24000
8375	122301	17	60017			5	26000
8376	122301	18					
8377	122306	1	60101			1	2000
8378	122306	2	60102			1	3000
8379	122306	3	60103			1	4000
8380	122306	4	60104			1	5000
8381	122306	5	60105			2	6000
8382	122306	6	60106			2	7000
8383	122306	7	60107			2	8000
8384	122306	8	60108			2	9000
8385	122306	9	60109			2	10000
8386	122306	10	60110			3	12000
8387	122306	11	60111			3	14000
8388	122306	12	60112			3	16000
8389	122306	13	60113			3	18000
8390	122306	14	60114			3	20000
8391	122306	15	60115			5	22000
8392	122306	16	60116			5	24000
8393	122306	17	60117			5	26000
8394	122306	18					
8395	122311	1	60201			1	2000
8396	122311	2	60202			1	3000
8397	122311	3	60203			1	4000
8398	122311	4	60204			1	5000
8399	122311	5	60205			2	6000
8400	122311	6	60206			2	7000
8401	122311	7	60207			2	8000
8402	122311	8	60208			2	9000
8403	122311	9	60209			2	10000
8404	122311	10	60210			3	12000
8405	122311	11	60211			3	14000
8406	122311	12	60212			3	16000
8407	122311	13	60213			3	18000
8408	122311	14	60214			3	20000
8409	122311	15	60215			5	22000
8410	122311	16	60216			5	24000
8411	122311	17	60217			5	26000
8412	122311	18					
8413	122316	1	60001			1	2000
8414	122316	2	60002			1	3000
8415	122316	3	60003			1	4000
8416	122316	4	60004			1	5000
8417	122316	5	60005			2	6000
8418	122316	6	60006			2	7000
8419	122316	7	60007			2	8000
8420	122316	8	60008			2	9000
8421	122316	9	60009			2	10000
8422	122316	10	60010			3	12000
8423	122316	11	60011			3	14000
8424	122316	12	60012			3	16000
8425	122316	13	60013			3	18000
8426	122316	14	60014			3	20000
8427	122316	15	60015			5	22000
8428	122316	16	60016			5	24000
8429	122316	17	60017			5	26000
8430	122316	18					
8431	122317	1	60101			1	2000
8432	122317	2	60102			1	3000
8433	122317	3	60103			1	4000
8434	122317	4	60104			1	5000
8435	122317	5	60105			2	6000
8436	122317	6	60106			2	7000
8437	122317	7	60107			2	8000
8438	122317	8	60108			2	9000
8439	122317	9	60109			2	10000
8440	122317	10	60110			3	12000
8441	122317	11	60111			3	14000
8442	122317	12	60112			3	16000
8443	122317	13	60113			3	18000
8444	122317	14	60114			3	20000
8445	122317	15	60115			5	22000
8446	122317	16	60116			5	24000
8447	122317	17	60117			5	26000
8448	122317	18					
8449	122318	1	60501			1	2000
8450	122318	2	60502			1	3000
8451	122318	3	60503			1	4000
8452	122318	4	60504			1	5000
8453	122318	5	60505			2	6000
8454	122318	6	60506			2	7000
8455	122318	7	60507			2	8000
8456	122318	8	60508			2	9000
8457	122318	9	60509			2	10000
8458	122318	10	60510			3	12000
8459	122318	11	60511			3	14000
8460	122318	12	60512			3	16000
8461	122318	13	60513			3	18000
8462	122318	14	60514			3	20000
8463	122318	15	60515			5	22000
8464	122318	16	60516			5	24000
8465	122318	17	60517			5	26000
8466	122318	18					
8467	122321	1	60201			1	2000
8468	122321	2	60202			1	3000
8469	122321	3	60203			1	4000
8470	122321	4	60204			1	5000
8471	122321	5	60205			2	6000
8472	122321	6	60206			2	7000
8473	122321	7	60207			2	8000
8474	122321	8	60208			2	9000
8475	122321	9	60209			2	10000
8476	122321	10	60210			3	12000
8477	122321	11	60211			3	14000
8478	122321	12	60212			3	16000
8479	122321	13	60213			3	18000
8480	122321	14	60214			3	20000
8481	122321	15	60215			5	22000
8482	122321	16	60216			5	24000
8483	122321	17	60217			5	26000
8484	122321	18					
8485	122322	0	61002			3	25000
8486	122322	1	61002			3	25000
8487	122323	1	60301	61301		1	2000
8488	122323	2	60302	61302		1	3000
8489	122323	3	60303	61303		1	4000
8490	122323	4	60304	61304		1	5000
8491	122323	5	60305	61305		2	6000
8492	122323	6	60306	61306		2	7000
8493	122323	7	60307	61307		2	8000
8494	122323	8	60308	61308		2	9000
8495	122323	9	60309	61309		2	10000
8496	122323	10	60310	61310		3	12000
8497	122323	11	60311	61311		3	14000
8498	122323	12	60312	61312		3	16000
8499	122323	13	60313	61313		3	18000
8500	122323	14	60314	61314		3	20000
8501	122323	15	60315	61315		5	22000
8502	122323	16	60316	61316		5	24000
8503	122323	17	60317	61317		5	26000
8504	122323	18					
8505	122324	0	62004			2	20000
8506	122324	1	62005			3	30000
8507	122324	2	62005			5	50000
8508	122325	0	62006			3	35000
8509	122325	1	62007			4	40000
8510	122325	2	62007			7	75000
8511	122326	0	62008			3	30000
8512	122326	1	62009			3	30000
8513	122326	2	62010			4	40000
8514	122326	3	62010			10	100000
8515	122327	0	60450				
8516	122327	1	60450				
8517	123201	1	60001			1	2000
8518	123201	2	60002			1	3000
8519	123201	3	60003			1	4000
8520	123201	4	60004			1	5000
8521	123201	5	60005			2	6000
8522	123201	6	60006			2	7000
8523	123201	7	60007			2	8000
8524	123201	8	60008			2	9000
8525	123201	9	60009			2	10000
8526	123201	10	60010			3	12000
8527	123201	11	60011			3	14000
8528	123201	12	60012			3	16000
8529	123201	13	60013			3	18000
8530	123201	14	60014			3	20000
8531	123201	15	60015			5	22000
8532	123201	16	60016			5	24000
8533	123201	17	60017			5	26000
8534	123201	18					
8535	123206	1	60101			1	2000
8536	123206	2	60102			1	3000
8537	123206	3	60103			1	4000
8538	123206	4	60104			1	5000
8539	123206	5	60105			2	6000
8540	123206	6	60106			2	7000
8541	123206	7	60107			2	8000
8542	123206	8	60108			2	9000
8543	123206	9	60109			2	10000
8544	123206	10	60110			3	12000
8545	123206	11	60111			3	14000
8546	123206	12	60112			3	16000
8547	123206	13	60113			3	18000
8548	123206	14	60114			3	20000
8549	123206	15	60115			5	22000
8550	123206	16	60116			5	24000
8551	123206	17	60117			5	26000
8552	123206	18					
8553	123211	1	60201			1	2000
8554	123211	2	60202			1	3000
8555	123211	3	60203			1	4000
8556	123211	4	60204			1	5000
8557	123211	5	60205			2	6000
8558	123211	6	60206			2	7000
8559	123211	7	60207			2	8000
8560	123211	8	60208			2	9000
8561	123211	9	60209			2	10000
8562	123211	10	60210			3	12000
8563	123211	11	60211			3	14000
8564	123211	12	60212			3	16000
8565	123211	13	60213			3	18000
8566	123211	14	60214			3	20000
8567	123211	15	60215			5	22000
8568	123211	16	60216			5	24000
8569	123211	17	60217			5	26000
8570	123211	18					
8571	123216	1	60001			1	2000
8572	123216	2	60002			1	3000
8573	123216	3	60003			1	4000
8574	123216	4	60004			1	5000
8575	123216	5	60005			2	6000
8576	123216	6	60006			2	7000
8577	123216	7	60007			2	8000
8578	123216	8	60008			2	9000
8579	123216	9	60009			2	10000
8580	123216	10	60010			3	12000
8581	123216	11	60011			3	14000
8582	123216	12	60012			3	16000
8583	123216	13	60013			3	18000
8584	123216	14	60014			3	20000
8585	123216	15	60015			5	22000
8586	123216	16	60016			5	24000
8587	123216	17	60017			5	26000
8588	123216	18					
8589	123217	1	60101			1	2000
8590	123217	2	60102			1	3000
8591	123217	3	60103			1	4000
8592	123217	4	60104			1	5000
8593	123217	5	60105			2	6000
8594	123217	6	60106			2	7000
8595	123217	7	60107			2	8000
8596	123217	8	60108			2	9000
8597	123217	9	60109			2	10000
8598	123217	10	60110			3	12000
8599	123217	11	60111			3	14000
8600	123217	12	60112			3	16000
8601	123217	13	60113			3	18000
8602	123217	14	60114			3	20000
8603	123217	15	60115			5	22000
8604	123217	16	60116			5	24000
8605	123217	17	60117			5	26000
8606	123217	18					
8607	123218	1	60501			1	2000
8608	123218	2	60502			1	3000
8609	123218	3	60503			1	4000
8610	123218	4	60504			1	5000
8611	123218	5	60505			2	6000
8612	123218	6	60506			2	7000
8613	123218	7	60507			2	8000
8614	123218	8	60508			2	9000
8615	123218	9	60509			2	10000
8616	123218	10	60510			3	12000
8617	123218	11	60511			3	14000
8618	123218	12	60512			3	16000
8619	123218	13	60513			3	18000
8620	123218	14	60514			3	20000
8621	123218	15	60515			5	22000
8622	123218	16	60516			5	24000
8623	123218	17	60517			5	26000
8624	123218	18					
8625	123221	1	60201			1	2000
8626	123221	2	60202			1	3000
8627	123221	3	60203			1	4000
8628	123221	4	60204			1	5000
8629	123221	5	60205			2	6000
8630	123221	6	60206			2	7000
8631	123221	7	60207			2	8000
8632	123221	8	60208			2	9000
8633	123221	9	60209			2	10000
8634	123221	10	60210			3	12000
8635	123221	11	60211			3	14000
8636	123221	12	60212			3	16000
8637	123221	13	60213			3	18000
8638	123221	14	60214			3	20000
8639	123221	15	60215			5	22000
8640	123221	16	60216			5	24000
8641	123221	17	60217			5	26000
8642	123221	18					
8643	123222	0	61002			3	25000
8644	123222	1	61002			3	25000
8645	123223	1	60301	61301		1	2000
8646	123223	2	60302	61302		1	3000
8647	123223	3	60303	61303		1	4000
8648	123223	4	60304	61304		1	5000
8649	123223	5	60305	61305		2	6000
8650	123223	6	60306	61306		2	7000
8651	123223	7	60307	61307		2	8000
8652	123223	8	60308	61308		2	9000
8653	123223	9	60309	61309		2	10000
8654	123223	10	60310	61310		3	12000
8655	123223	11	60311	61311		3	14000
8656	123223	12	60312	61312		3	16000
8657	123223	13	60313	61313		3	18000
8658	123223	14	60314	61314		3	20000
8659	123223	15	60315	61315		5	22000
8660	123223	16	60316	61316		5	24000
8661	123223	17	60317	61317		5	26000
8662	123223	18					
8663	123224	0	62004			2	20000
8664	123224	1	62005			3	30000
8665	123224	2	62005			5	50000
8666	123225	0	62006			3	35000
8667	123225	1	62007			4	40000
8668	123225	2	62007			7	75000
8669	123226	0	62008			3	30000
8670	123226	1	62009			3	30000
8671	123226	2	62010			4	40000
8672	123226	3	62010			10	100000
8673	123227	0	60445				
8674	123227	1	60445				
8675	124201	1	60001			1	2000
8676	124201	2	60002			1	3000
8677	124201	3	60003			1	4000
8678	124201	4	60004			1	5000
8679	124201	5	60005			2	6000
8680	124201	6	60006			2	7000
8681	124201	7	60007			2	8000
8682	124201	8	60008			2	9000
8683	124201	9	60009			2	10000
8684	124201	10	60010			3	12000
8685	124201	11	60011			3	14000
8686	124201	12	60012			3	16000
8687	124201	13	60013			3	18000
8688	124201	14	60014			3	20000
8689	124201	15	60015			5	22000
8690	124201	16	60016			5	24000
8691	124201	17	60017			5	26000
8692	124201	18					
8693	124206	1	60101			1	2000
8694	124206	2	60102			1	3000
8695	124206	3	60103			1	4000
8696	124206	4	60104			1	5000
8697	124206	5	60105			2	6000
8698	124206	6	60106			2	7000
8699	124206	7	60107			2	8000
8700	124206	8	60108			2	9000
8701	124206	9	60109			2	10000
8702	124206	10	60110			3	12000
8703	124206	11	60111			3	14000
8704	124206	12	60112			3	16000
8705	124206	13	60113			3	18000
8706	124206	14	60114			3	20000
8707	124206	15	60115			5	22000
8708	124206	16	60116			5	24000
8709	124206	17	60117			5	26000
8710	124206	18					
8711	124211	1	60201			1	2000
8712	124211	2	60202			1	3000
8713	124211	3	60203			1	4000
8714	124211	4	60204			1	5000
8715	124211	5	60205			2	6000
8716	124211	6	60206			2	7000
8717	124211	7	60207			2	8000
8718	124211	8	60208			2	9000
8719	124211	9	60209			2	10000
8720	124211	10	60210			3	12000
8721	124211	11	60211			3	14000
8722	124211	12	60212			3	16000
8723	124211	13	60213			3	18000
8724	124211	14	60214			3	20000
8725	124211	15	60215			5	22000
8726	124211	16	60216			5	24000
8727	124211	17	60217			5	26000
8728	124211	18					
8729	124216	1	60001			1	2000
8730	124216	2	60002			1	3000
8731	124216	3	60003			1	4000
8732	124216	4	60004			1	5000
8733	124216	5	60005			2	6000
8734	124216	6	60006			2	7000
8735	124216	7	60007			2	8000
8736	124216	8	60008			2	9000
8737	124216	9	60009			2	10000
8738	124216	10	60010			3	12000
8739	124216	11	60011			3	14000
8740	124216	12	60012			3	16000
8741	124216	13	60013			3	18000
8742	124216	14	60014			3	20000
8743	124216	15	60015			5	22000
8744	124216	16	60016			5	24000
8745	124216	17	60017			5	26000
8746	124216	18					
8747	124217	1	60101			1	2000
8748	124217	2	60102			1	3000
8749	124217	3	60103			1	4000
8750	124217	4	60104			1	5000
8751	124217	5	60105			2	6000
8752	124217	6	60106			2	7000
8753	124217	7	60107			2	8000
8754	124217	8	60108			2	9000
8755	124217	9	60109			2	10000
8756	124217	10	60110			3	12000
8757	124217	11	60111			3	14000
8758	124217	12	60112			3	16000
8759	124217	13	60113			3	18000
8760	124217	14	60114			3	20000
8761	124217	15	60115			5	22000
8762	124217	16	60116			5	24000
8763	124217	17	60117			5	26000
8764	124217	18					
8765	124218	1	60501			1	2000
8766	124218	2	60502			1	3000
8767	124218	3	60503			1	4000
8768	124218	4	60504			1	5000
8769	124218	5	60505			2	6000
8770	124218	6	60506			2	7000
8771	124218	7	60507			2	8000
8772	124218	8	60508			2	9000
8773	124218	9	60509			2	10000
8774	124218	10	60510			3	12000
8775	124218	11	60511			3	14000
8776	124218	12	60512			3	16000
8777	124218	13	60513			3	18000
8778	124218	14	60514			3	20000
8779	124218	15	60515			5	22000
8780	124218	16	60516			5	24000
8781	124218	17	60517			5	26000
8782	124218	18					
8783	124221	1	60201			1	2000
8784	124221	2	60202			1	3000
8785	124221	3	60203			1	4000
8786	124221	4	60204			1	5000
8787	124221	5	60205			2	6000
8788	124221	6	60206			2	7000
8789	124221	7	60207			2	8000
8790	124221	8	60208			2	9000
8791	124221	9	60209			2	10000
8792	124221	10	60210			3	12000
8793	124221	11	60211			3	14000
8794	124221	12	60212			3	16000
8795	124221	13	60213			3	18000
8796	124221	14	60214			3	20000
8797	124221	15	60215			5	22000
8798	124221	16	60216			5	24000
8799	124221	17	60217			5	26000
8800	124221	18					
8801	124222	0	61002			3	25000
8802	124222	1	61002			3	25000
8803	124223	1	60301	61301		1	2000
8804	124223	2	60302	61302		1	3000
8805	124223	3	60303	61303		1	4000
8806	124223	4	60304	61304		1	5000
8807	124223	5	60305	61305		2	6000
8808	124223	6	60306	61306		2	7000
8809	124223	7	60307	61307		2	8000
8810	124223	8	60308	61308		2	9000
8811	124223	9	60309	61309		2	10000
8812	124223	10	60310	61310		3	12000
8813	124223	11	60311	61311		3	14000
8814	124223	12	60312	61312		3	16000
8815	124223	13	60313	61313		3	18000
8816	124223	14	60314	61314		3	20000
8817	124223	15	60315	61315		5	22000
8818	124223	16	60316	61316		5	24000
8819	124223	17	60317	61317		5	26000
8820	124223	18					
8821	124224	0	62004			2	20000
8822	124224	1	62005			3	30000
8823	124224	2	62005			5	50000
8824	124225	0	62006			3	35000
8825	124225	1	62007			4	40000
8826	124225	2	62007			7	75000
8827	124226	0	62008			3	30000
8828	124226	1	62009			3	30000
8829	124226	2	62010			4	40000
8830	124226	3	62010			10	100000
8831	124227	0	60449				
8832	124227	1	60449				
8833	124301	1	60001			1	2000
8834	124301	2	60002			1	3000
8835	124301	3	60003			1	4000
8836	124301	4	60004			1	5000
8837	124301	5	60005			2	6000
8838	124301	6	60006			2	7000
8839	124301	7	60007			2	8000
8840	124301	8	60008			2	9000
8841	124301	9	60009			2	10000
8842	124301	10	60010			3	12000
8843	124301	11	60011			3	14000
8844	124301	12	60012			3	16000
8845	124301	13	60013			3	18000
8846	124301	14	60014			3	20000
8847	124301	15	60015			5	22000
8848	124301	16	60016			5	24000
8849	124301	17	60017			5	26000
8850	124301	18					
8851	124306	1	60101			1	2000
8852	124306	2	60102			1	3000
8853	124306	3	60103			1	4000
8854	124306	4	60104			1	5000
8855	124306	5	60105			2	6000
8856	124306	6	60106			2	7000
8857	124306	7	60107			2	8000
8858	124306	8	60108			2	9000
8859	124306	9	60109			2	10000
8860	124306	10	60110			3	12000
8861	124306	11	60111			3	14000
8862	124306	12	60112			3	16000
8863	124306	13	60113			3	18000
8864	124306	14	60114			3	20000
8865	124306	15	60115			5	22000
8866	124306	16	60116			5	24000
8867	124306	17	60117			5	26000
8868	124306	18					
8869	124311	1	60201			1	2000
8870	124311	2	60202			1	3000
8871	124311	3	60203			1	4000
8872	124311	4	60204			1	5000
8873	124311	5	60205			2	6000
8874	124311	6	60206			2	7000
8875	124311	7	60207			2	8000
8876	124311	8	60208			2	9000
8877	124311	9	60209			2	10000
8878	124311	10	60210			3	12000
8879	124311	11	60211			3	14000
8880	124311	12	60212			3	16000
8881	124311	13	60213			3	18000
8882	124311	14	60214			3	20000
8883	124311	15	60215			5	22000
8884	124311	16	60216			5	24000
8885	124311	17	60217			5	26000
8886	124311	18					
8887	124316	1	60001			1	2000
8888	124316	2	60002			1	3000
8889	124316	3	60003			1	4000
8890	124316	4	60004			1	5000
8891	124316	5	60005			2	6000
8892	124316	6	60006			2	7000
8893	124316	7	60007			2	8000
8894	124316	8	60008			2	9000
8895	124316	9	60009			2	10000
8896	124316	10	60010			3	12000
8897	124316	11	60011			3	14000
8898	124316	12	60012			3	16000
8899	124316	13	60013			3	18000
8900	124316	14	60014			3	20000
8901	124316	15	60015			5	22000
8902	124316	16	60016			5	24000
8903	124316	17	60017			5	26000
8904	124316	18					
8905	124317	1	60101			1	2000
8906	124317	2	60102			1	3000
8907	124317	3	60103			1	4000
8908	124317	4	60104			1	5000
8909	124317	5	60105			2	6000
8910	124317	6	60106			2	7000
8911	124317	7	60107			2	8000
8912	124317	8	60108			2	9000
8913	124317	9	60109			2	10000
8914	124317	10	60110			3	12000
8915	124317	11	60111			3	14000
8916	124317	12	60112			3	16000
8917	124317	13	60113			3	18000
8918	124317	14	60114			3	20000
8919	124317	15	60115			5	22000
8920	124317	16	60116			5	24000
8921	124317	17	60117			5	26000
8922	124317	18					
8923	124318	1	60501			1	2000
8924	124318	2	60502			1	3000
8925	124318	3	60503			1	4000
8926	124318	4	60504			1	5000
8927	124318	5	60505			2	6000
8928	124318	6	60506			2	7000
8929	124318	7	60507			2	8000
8930	124318	8	60508			2	9000
8931	124318	9	60509			2	10000
8932	124318	10	60510			3	12000
8933	124318	11	60511			3	14000
8934	124318	12	60512			3	16000
8935	124318	13	60513			3	18000
8936	124318	14	60514			3	20000
8937	124318	15	60515			5	22000
8938	124318	16	60516			5	24000
8939	124318	17	60517			5	26000
8940	124318	18					
8941	124321	1	60201			1	2000
8942	124321	2	60202			1	3000
8943	124321	3	60203			1	4000
8944	124321	4	60204			1	5000
8945	124321	5	60205			2	6000
8946	124321	6	60206			2	7000
8947	124321	7	60207			2	8000
8948	124321	8	60208			2	9000
8949	124321	9	60209			2	10000
8950	124321	10	60210			3	12000
8951	124321	11	60211			3	14000
8952	124321	12	60212			3	16000
8953	124321	13	60213			3	18000
8954	124321	14	60214			3	20000
8955	124321	15	60215			5	22000
8956	124321	16	60216			5	24000
8957	124321	17	60217			5	26000
8958	124321	18					
8959	124322	0	61002			3	25000
8960	124322	1	61002			3	25000
8961	124323	1	60301	61301		1	2000
8962	124323	2	60302	61302		1	3000
8963	124323	3	60303	61303		1	4000
8964	124323	4	60304	61304		1	5000
8965	124323	5	60305	61305		2	6000
8966	124323	6	60306	61306		2	7000
8967	124323	7	60307	61307		2	8000
8968	124323	8	60308	61308		2	9000
8969	124323	9	60309	61309		2	10000
8970	124323	10	60310	61310		3	12000
8971	124323	11	60311	61311		3	14000
8972	124323	12	60312	61312		3	16000
8973	124323	13	60313	61313		3	18000
8974	124323	14	60314	61314		3	20000
8975	124323	15	60315	61315		5	22000
8976	124323	16	60316	61316		5	24000
8977	124323	17	60317	61317		5	26000
8978	124323	18					
8979	124324	0	62004			2	20000
8980	124324	1	62005			3	30000
8981	124324	2	62005			5	50000
8982	124325	0	62006			3	35000
8983	124325	1	62007			4	40000
8984	124325	2	62007			7	75000
8985	124326	0	62008			3	30000
8986	124326	1	62009			3	30000
8987	124326	2	62010			4	40000
8988	124326	3	62010			10	100000
8989	124327	0	60460				
8990	124327	1	60460				
8991	125201	1	60001			1	2000
8992	125201	2	60002			1	3000
8993	125201	3	60003			1	4000
8994	125201	4	60004			1	5000
8995	125201	5	60005			2	6000
8996	125201	6	60006			2	7000
8997	125201	7	60007			2	8000
8998	125201	8	60008			2	9000
8999	125201	9	60009			2	10000
9000	125201	10	60010			3	12000
9001	125201	11	60011			3	14000
9002	125201	12	60012			3	16000
9003	125201	13	60013			3	18000
9004	125201	14	60014			3	20000
9005	125201	15	60015			5	22000
9006	125201	16	60016			5	24000
9007	125201	17	60017			5	26000
9008	125201	18					
9009	125206	1	60101			1	2000
9010	125206	2	60102			1	3000
9011	125206	3	60103			1	4000
9012	125206	4	60104			1	5000
9013	125206	5	60105			2	6000
9014	125206	6	60106			2	7000
9015	125206	7	60107			2	8000
9016	125206	8	60108			2	9000
9017	125206	9	60109			2	10000
9018	125206	10	60110			3	12000
9019	125206	11	60111			3	14000
9020	125206	12	60112			3	16000
9021	125206	13	60113			3	18000
9022	125206	14	60114			3	20000
9023	125206	15	60115			5	22000
9024	125206	16	60116			5	24000
9025	125206	17	60117			5	26000
9026	125206	18					
9027	125211	1	60201			1	2000
9028	125211	2	60202			1	3000
9029	125211	3	60203			1	4000
9030	125211	4	60204			1	5000
9031	125211	5	60205			2	6000
9032	125211	6	60206			2	7000
9033	125211	7	60207			2	8000
9034	125211	8	60208			2	9000
9035	125211	9	60209			2	10000
9036	125211	10	60210			3	12000
9037	125211	11	60211			3	14000
9038	125211	12	60212			3	16000
9039	125211	13	60213			3	18000
9040	125211	14	60214			3	20000
9041	125211	15	60215			5	22000
9042	125211	16	60216			5	24000
9043	125211	17	60217			5	26000
9044	125211	18					
9045	125216	1	60001			1	2000
9046	125216	2	60002			1	3000
9047	125216	3	60003			1	4000
9048	125216	4	60004			1	5000
9049	125216	5	60005			2	6000
9050	125216	6	60006			2	7000
9051	125216	7	60007			2	8000
9052	125216	8	60008			2	9000
9053	125216	9	60009			2	10000
9054	125216	10	60010			3	12000
9055	125216	11	60011			3	14000
9056	125216	12	60012			3	16000
9057	125216	13	60013			3	18000
9058	125216	14	60014			3	20000
9059	125216	15	60015			5	22000
9060	125216	16	60016			5	24000
9061	125216	17	60017			5	26000
9062	125216	18					
9063	125217	1	60101			1	2000
9064	125217	2	60102			1	3000
9065	125217	3	60103			1	4000
9066	125217	4	60104			1	5000
9067	125217	5	60105			2	6000
9068	125217	6	60106			2	7000
9069	125217	7	60107			2	8000
9070	125217	8	60108			2	9000
9071	125217	9	60109			2	10000
9072	125217	10	60110			3	12000
9073	125217	11	60111			3	14000
9074	125217	12	60112			3	16000
9075	125217	13	60113			3	18000
9076	125217	14	60114			3	20000
9077	125217	15	60115			5	22000
9078	125217	16	60116			5	24000
9079	125217	17	60117			5	26000
9080	125217	18					
9081	125218	1	60501			1	2000
9082	125218	2	60502			1	3000
9083	125218	3	60503			1	4000
9084	125218	4	60504			1	5000
9085	125218	5	60505			2	6000
9086	125218	6	60506			2	7000
9087	125218	7	60507			2	8000
9088	125218	8	60508			2	9000
9089	125218	9	60509			2	10000
9090	125218	10	60510			3	12000
9091	125218	11	60511			3	14000
9092	125218	12	60512			3	16000
9093	125218	13	60513			3	18000
9094	125218	14	60514			3	20000
9095	125218	15	60515			5	22000
9096	125218	16	60516			5	24000
9097	125218	17	60517			5	26000
9098	125218	18					
9099	125221	1	60201			1	2000
9100	125221	2	60202			1	3000
9101	125221	3	60203			1	4000
9102	125221	4	60204			1	5000
9103	125221	5	60205			2	6000
9104	125221	6	60206			2	7000
9105	125221	7	60207			2	8000
9106	125221	8	60208			2	9000
9107	125221	9	60209			2	10000
9108	125221	10	60210			3	12000
9109	125221	11	60211			3	14000
9110	125221	12	60212			3	16000
9111	125221	13	60213			3	18000
9112	125221	14	60214			3	20000
9113	125221	15	60215			5	22000
9114	125221	16	60216			5	24000
9115	125221	17	60217			5	26000
9116	125221	18					
9117	125222	0	61002			3	25000
9118	125222	1	61002			3	25000
9119	125223	1	60301	61301		1	2000
9120	125223	2	60302	61302		1	3000
9121	125223	3	60303	61303		1	4000
9122	125223	4	60304	61304		1	5000
9123	125223	5	60305	61305		2	6000
9124	125223	6	60306	61306		2	7000
9125	125223	7	60307	61307		2	8000
9126	125223	8	60308	61308		2	9000
9127	125223	9	60309	61309		2	10000
9128	125223	10	60310	61310		3	12000
9129	125223	11	60311	61311		3	14000
9130	125223	12	60312	61312		3	16000
9131	125223	13	60313	61313		3	18000
9132	125223	14	60314	61314		3	20000
9133	125223	15	60315	61315		5	22000
9134	125223	16	60316	61316		5	24000
9135	125223	17	60317	61317		5	26000
9136	125223	18					
9137	125224	0	62004			2	20000
9138	125224	1	62005			3	30000
9139	125224	2	62005			5	50000
9140	125225	0	62006			3	35000
9141	125225	1	62007			4	40000
9142	125225	2	62007			7	75000
9143	125226	0	62008			3	30000
9144	125226	1	62009			3	30000
9145	125226	2	62010			4	40000
9146	125226	3	62010			10	100000
9147	125227	0	60451				
9148	125227	1	60451				
9149	126301	1	60001			1	2000
9150	126301	2	60002			1	3000
9151	126301	3	60003			1	4000
9152	126301	4	60004			1	5000
9153	126301	5	60005			2	6000
9154	126301	6	60006			2	7000
9155	126301	7	60007			2	8000
9156	126301	8	60008			2	9000
9157	126301	9	60009			2	10000
9158	126301	10	60010			3	12000
9159	126301	11	60011			3	14000
9160	126301	12	60012			3	16000
9161	126301	13	60013			3	18000
9162	126301	14	60014			3	20000
9163	126301	15	60015			5	22000
9164	126301	16	60016			5	24000
9165	126301	17	60017			5	26000
9166	126301	18					
9167	126306	1	60101			1	2000
9168	126306	2	60102			1	3000
9169	126306	3	60103			1	4000
9170	126306	4	60104			1	5000
9171	126306	5	60105			2	6000
9172	126306	6	60106			2	7000
9173	126306	7	60107			2	8000
9174	126306	8	60108			2	9000
9175	126306	9	60109			2	10000
9176	126306	10	60110			3	12000
9177	126306	11	60111			3	14000
9178	126306	12	60112			3	16000
9179	126306	13	60113			3	18000
9180	126306	14	60114			3	20000
9181	126306	15	60115			5	22000
9182	126306	16	60116			5	24000
9183	126306	17	60117			5	26000
9184	126306	18					
9185	126311	1	60201			1	2000
9186	126311	2	60202			1	3000
9187	126311	3	60203			1	4000
9188	126311	4	60204			1	5000
9189	126311	5	60205			2	6000
9190	126311	6	60206			2	7000
9191	126311	7	60207			2	8000
9192	126311	8	60208			2	9000
9193	126311	9	60209			2	10000
9194	126311	10	60210			3	12000
9195	126311	11	60211			3	14000
9196	126311	12	60212			3	16000
9197	126311	13	60213			3	18000
9198	126311	14	60214			3	20000
9199	126311	15	60215			5	22000
9200	126311	16	60216			5	24000
9201	126311	17	60217			5	26000
9202	126311	18					
9203	126316	1	60001			1	2000
9204	126316	2	60002			1	3000
9205	126316	3	60003			1	4000
9206	126316	4	60004			1	5000
9207	126316	5	60005			2	6000
9208	126316	6	60006			2	7000
9209	126316	7	60007			2	8000
9210	126316	8	60008			2	9000
9211	126316	9	60009			2	10000
9212	126316	10	60010			3	12000
9213	126316	11	60011			3	14000
9214	126316	12	60012			3	16000
9215	126316	13	60013			3	18000
9216	126316	14	60014			3	20000
9217	126316	15	60015			5	22000
9218	126316	16	60016			5	24000
9219	126316	17	60017			5	26000
9220	126316	18					
9221	126317	1	60101			1	2000
9222	126317	2	60102			1	3000
9223	126317	3	60103			1	4000
9224	126317	4	60104			1	5000
9225	126317	5	60105			2	6000
9226	126317	6	60106			2	7000
9227	126317	7	60107			2	8000
9228	126317	8	60108			2	9000
9229	126317	9	60109			2	10000
9230	126317	10	60110			3	12000
9231	126317	11	60111			3	14000
9232	126317	12	60112			3	16000
9233	126317	13	60113			3	18000
9234	126317	14	60114			3	20000
9235	126317	15	60115			5	22000
9236	126317	16	60116			5	24000
9237	126317	17	60117			5	26000
9238	126317	18					
9239	126318	1	60501			1	2000
9240	126318	2	60502			1	3000
9241	126318	3	60503			1	4000
9242	126318	4	60504			1	5000
9243	126318	5	60505			2	6000
9244	126318	6	60506			2	7000
9245	126318	7	60507			2	8000
9246	126318	8	60508			2	9000
9247	126318	9	60509			2	10000
9248	126318	10	60510			3	12000
9249	126318	11	60511			3	14000
9250	126318	12	60512			3	16000
9251	126318	13	60513			3	18000
9252	126318	14	60514			3	20000
9253	126318	15	60515			5	22000
9254	126318	16	60516			5	24000
9255	126318	17	60517			5	26000
9256	126318	18					
9257	126321	1	60201			1	2000
9258	126321	2	60202			1	3000
9259	126321	3	60203			1	4000
9260	126321	4	60204			1	5000
9261	126321	5	60205			2	6000
9262	126321	6	60206			2	7000
9263	126321	7	60207			2	8000
9264	126321	8	60208			2	9000
9265	126321	9	60209			2	10000
9266	126321	10	60210			3	12000
9267	126321	11	60211			3	14000
9268	126321	12	60212			3	16000
9269	126321	13	60213			3	18000
9270	126321	14	60214			3	20000
9271	126321	15	60215			5	22000
9272	126321	16	60216			5	24000
9273	126321	17	60217			5	26000
9274	126321	18					
9275	126322	0	61002			3	25000
9276	126322	1	61002			3	25000
9277	126323	1	60301	61301		1	2000
9278	126323	2	60302	61302		1	3000
9279	126323	3	60303	61303		1	4000
9280	126323	4	60304	61304		1	5000
9281	126323	5	60305	61305		2	6000
9282	126323	6	60306	61306		2	7000
9283	126323	7	60307	61307		2	8000
9284	126323	8	60308	61308		2	9000
9285	126323	9	60309	61309		2	10000
9286	126323	10	60310	61310		3	12000
9287	126323	11	60311	61311		3	14000
9288	126323	12	60312	61312		3	16000
9289	126323	13	60313	61313		3	18000
9290	126323	14	60314	61314		3	20000
9291	126323	15	60315	61315		5	22000
9292	126323	16	60316	61316		5	24000
9293	126323	17	60317	61317		5	26000
9294	126323	18					
9295	126324	0	62004			2	20000
9296	126324	1	62005			3	30000
9297	126324	2	62005			5	50000
9298	126325	0	62006			3	35000
9299	126325	1	62007			4	40000
9300	126325	2	62007			7	75000
9301	126326	0	62008			3	30000
9302	126326	1	62009			3	30000
9303	126326	2	62010			4	40000
9304	126326	3	62010			10	100000
9305	126327	0	60452				
9306	126327	1	60452				
9307	127301	1	60001			1	2000
9308	127301	2	60002			1	3000
9309	127301	3	60003			1	4000
9310	127301	4	60004			1	5000
9311	127301	5	60005			2	6000
9312	127301	6	60006			2	7000
9313	127301	7	60007			2	8000
9314	127301	8	60008			2	9000
9315	127301	9	60009			2	10000
9316	127301	10	60010			3	12000
9317	127301	11	60011			3	14000
9318	127301	12	60012			3	16000
9319	127301	13	60013			3	18000
9320	127301	14	60014			3	20000
9321	127301	15	60015			5	22000
9322	127301	16	60016			5	24000
9323	127301	17	60017			5	26000
9324	127301	18					
9325	127306	1	60101			1	2000
9326	127306	2	60102			1	3000
9327	127306	3	60103			1	4000
9328	127306	4	60104			1	5000
9329	127306	5	60105			2	6000
9330	127306	6	60106			2	7000
9331	127306	7	60107			2	8000
9332	127306	8	60108			2	9000
9333	127306	9	60109			2	10000
9334	127306	10	60110			3	12000
9335	127306	11	60111			3	14000
9336	127306	12	60112			3	16000
9337	127306	13	60113			3	18000
9338	127306	14	60114			3	20000
9339	127306	15	60115			5	22000
9340	127306	16	60116			5	24000
9341	127306	17	60117			5	26000
9342	127306	18					
9343	127311	1	60201			1	2000
9344	127311	2	60202			1	3000
9345	127311	3	60203			1	4000
9346	127311	4	60204			1	5000
9347	127311	5	60205			2	6000
9348	127311	6	60206			2	7000
9349	127311	7	60207			2	8000
9350	127311	8	60208			2	9000
9351	127311	9	60209			2	10000
9352	127311	10	60210			3	12000
9353	127311	11	60211			3	14000
9354	127311	12	60212			3	16000
9355	127311	13	60213			3	18000
9356	127311	14	60214			3	20000
9357	127311	15	60215			5	22000
9358	127311	16	60216			5	24000
9359	127311	17	60217			5	26000
9360	127311	18					
9361	127316	1	60001			1	2000
9362	127316	2	60002			1	3000
9363	127316	3	60003			1	4000
9364	127316	4	60004			1	5000
9365	127316	5	60005			2	6000
9366	127316	6	60006			2	7000
9367	127316	7	60007			2	8000
9368	127316	8	60008			2	9000
9369	127316	9	60009			2	10000
9370	127316	10	60010			3	12000
9371	127316	11	60011			3	14000
9372	127316	12	60012			3	16000
9373	127316	13	60013			3	18000
9374	127316	14	60014			3	20000
9375	127316	15	60015			5	22000
9376	127316	16	60016			5	24000
9377	127316	17	60017			5	26000
9378	127316	18					
9379	127317	1	60101			1	2000
9380	127317	2	60102			1	3000
9381	127317	3	60103			1	4000
9382	127317	4	60104			1	5000
9383	127317	5	60105			2	6000
9384	127317	6	60106			2	7000
9385	127317	7	60107			2	8000
9386	127317	8	60108			2	9000
9387	127317	9	60109			2	10000
9388	127317	10	60110			3	12000
9389	127317	11	60111			3	14000
9390	127317	12	60112			3	16000
9391	127317	13	60113			3	18000
9392	127317	14	60114			3	20000
9393	127317	15	60115			5	22000
9394	127317	16	60116			5	24000
9395	127317	17	60117			5	26000
9396	127317	18					
9397	127318	1	60501			1	2000
9398	127318	2	60502			1	3000
9399	127318	3	60503			1	4000
9400	127318	4	60504			1	5000
9401	127318	5	60505			2	6000
9402	127318	6	60506			2	7000
9403	127318	7	60507			2	8000
9404	127318	8	60508			2	9000
9405	127318	9	60509			2	10000
9406	127318	10	60510			3	12000
9407	127318	11	60511			3	14000
9408	127318	12	60512			3	16000
9409	127318	13	60513			3	18000
9410	127318	14	60514			3	20000
9411	127318	15	60515			5	22000
9412	127318	16	60516			5	24000
9413	127318	17	60517			5	26000
9414	127318	18					
9415	127321	1	60201			1	2000
9416	127321	2	60202			1	3000
9417	127321	3	60203			1	4000
9418	127321	4	60204			1	5000
9419	127321	5	60205			2	6000
9420	127321	6	60206			2	7000
9421	127321	7	60207			2	8000
9422	127321	8	60208			2	9000
9423	127321	9	60209			2	10000
9424	127321	10	60210			3	12000
9425	127321	11	60211			3	14000
9426	127321	12	60212			3	16000
9427	127321	13	60213			3	18000
9428	127321	14	60214			3	20000
9429	127321	15	60215			5	22000
9430	127321	16	60216			5	24000
9431	127321	17	60217			5	26000
9432	127321	18					
9433	127322	0	61002			3	25000
9434	127322	1	61002			3	25000
9435	127323	1	60301	61301		1	2000
9436	127323	2	60302	61302		1	3000
9437	127323	3	60303	61303		1	4000
9438	127323	4	60304	61304		1	5000
9439	127323	5	60305	61305		2	6000
9440	127323	6	60306	61306		2	7000
9441	127323	7	60307	61307		2	8000
9442	127323	8	60308	61308		2	9000
9443	127323	9	60309	61309		2	10000
9444	127323	10	60310	61310		3	12000
9445	127323	11	60311	61311		3	14000
9446	127323	12	60312	61312		3	16000
9447	127323	13	60313	61313		3	18000
9448	127323	14	60314	61314		3	20000
9449	127323	15	60315	61315		5	22000
9450	127323	16	60316	61316		5	24000
9451	127323	17	60317	61317		5	26000
9452	127323	18					
9453	127324	0	62004			2	20000
9454	127324	1	62005			3	30000
9455	127324	2	62005			5	50000
9456	127325	0	62006			3	35000
9457	127325	1	62007			4	40000
9458	127325	2	62007			7	75000
9459	127326	0	62008			3	30000
9460	127326	1	62009			3	30000
9461	127326	2	62010			4	40000
9462	127326	3	62010			10	100000
9463	127327	0	60453				
9464	127327	1	60453				
9465	128201	1	60001			1	2000
9466	128201	2	60002			1	3000
9467	128201	3	60003			1	4000
9468	128201	4	60004			1	5000
9469	128201	5	60005			2	6000
9470	128201	6	60006			2	7000
9471	128201	7	60007			2	8000
9472	128201	8	60008			2	9000
9473	128201	9	60009			2	10000
9474	128201	10	60010			3	12000
9475	128201	11	60011			3	14000
9476	128201	12	60012			3	16000
9477	128201	13	60013			3	18000
9478	128201	14	60014			3	20000
9479	128201	15	60015			5	22000
9480	128201	16	60016			5	24000
9481	128201	17	60017			5	26000
9482	128201	18					
9483	128206	1	60101			1	2000
9484	128206	2	60102			1	3000
9485	128206	3	60103			1	4000
9486	128206	4	60104			1	5000
9487	128206	5	60105			2	6000
9488	128206	6	60106			2	7000
9489	128206	7	60107			2	8000
9490	128206	8	60108			2	9000
9491	128206	9	60109			2	10000
9492	128206	10	60110			3	12000
9493	128206	11	60111			3	14000
9494	128206	12	60112			3	16000
9495	128206	13	60113			3	18000
9496	128206	14	60114			3	20000
9497	128206	15	60115			5	22000
9498	128206	16	60116			5	24000
9499	128206	17	60117			5	26000
9500	128206	18					
9501	128211	1	60201			1	2000
9502	128211	2	60202			1	3000
9503	128211	3	60203			1	4000
9504	128211	4	60204			1	5000
9505	128211	5	60205			2	6000
9506	128211	6	60206			2	7000
9507	128211	7	60207			2	8000
9508	128211	8	60208			2	9000
9509	128211	9	60209			2	10000
9510	128211	10	60210			3	12000
9511	128211	11	60211			3	14000
9512	128211	12	60212			3	16000
9513	128211	13	60213			3	18000
9514	128211	14	60214			3	20000
9515	128211	15	60215			5	22000
9516	128211	16	60216			5	24000
9517	128211	17	60217			5	26000
9518	128211	18					
9519	128216	1	60001			1	2000
9520	128216	2	60002			1	3000
9521	128216	3	60003			1	4000
9522	128216	4	60004			1	5000
9523	128216	5	60005			2	6000
9524	128216	6	60006			2	7000
9525	128216	7	60007			2	8000
9526	128216	8	60008			2	9000
9527	128216	9	60009			2	10000
9528	128216	10	60010			3	12000
9529	128216	11	60011			3	14000
9530	128216	12	60012			3	16000
9531	128216	13	60013			3	18000
9532	128216	14	60014			3	20000
9533	128216	15	60015			5	22000
9534	128216	16	60016			5	24000
9535	128216	17	60017			5	26000
9536	128216	18					
9537	128217	1	60101			1	2000
9538	128217	2	60102			1	3000
9539	128217	3	60103			1	4000
9540	128217	4	60104			1	5000
9541	128217	5	60105			2	6000
9542	128217	6	60106			2	7000
9543	128217	7	60107			2	8000
9544	128217	8	60108			2	9000
9545	128217	9	60109			2	10000
9546	128217	10	60110			3	12000
9547	128217	11	60111			3	14000
9548	128217	12	60112			3	16000
9549	128217	13	60113			3	18000
9550	128217	14	60114			3	20000
9551	128217	15	60115			5	22000
9552	128217	16	60116			5	24000
9553	128217	17	60117			5	26000
9554	128217	18					
9555	128218	1	60501			1	2000
9556	128218	2	60502			1	3000
9557	128218	3	60503			1	4000
9558	128218	4	60504			1	5000
9559	128218	5	60505			2	6000
9560	128218	6	60506			2	7000
9561	128218	7	60507			2	8000
9562	128218	8	60508			2	9000
9563	128218	9	60509			2	10000
9564	128218	10	60510			3	12000
9565	128218	11	60511			3	14000
9566	128218	12	60512			3	16000
9567	128218	13	60513			3	18000
9568	128218	14	60514			3	20000
9569	128218	15	60515			5	22000
9570	128218	16	60516			5	24000
9571	128218	17	60517			5	26000
9572	128218	18					
9573	128221	1	60201			1	2000
9574	128221	2	60202			1	3000
9575	128221	3	60203			1	4000
9576	128221	4	60204			1	5000
9577	128221	5	60205			2	6000
9578	128221	6	60206			2	7000
9579	128221	7	60207			2	8000
9580	128221	8	60208			2	9000
9581	128221	9	60209			2	10000
9582	128221	10	60210			3	12000
9583	128221	11	60211			3	14000
9584	128221	12	60212			3	16000
9585	128221	13	60213			3	18000
9586	128221	14	60214			3	20000
9587	128221	15	60215			5	22000
9588	128221	16	60216			5	24000
9589	128221	17	60217			5	26000
9590	128221	18					
9591	128222	0	61002			3	25000
9592	128222	1	61002			3	25000
9593	128223	1	60301	61301		1	2000
9594	128223	2	60302	61302		1	3000
9595	128223	3	60303	61303		1	4000
9596	128223	4	60304	61304		1	5000
9597	128223	5	60305	61305		2	6000
9598	128223	6	60306	61306		2	7000
9599	128223	7	60307	61307		2	8000
9600	128223	8	60308	61308		2	9000
9601	128223	9	60309	61309		2	10000
9602	128223	10	60310	61310		3	12000
9603	128223	11	60311	61311		3	14000
9604	128223	12	60312	61312		3	16000
9605	128223	13	60313	61313		3	18000
9606	128223	14	60314	61314		3	20000
9607	128223	15	60315	61315		5	22000
9608	128223	16	60316	61316		5	24000
9609	128223	17	60317	61317		5	26000
9610	128223	18					
9611	128224	0	62004			2	20000
9612	128224	1	62005			3	30000
9613	128224	2	62005			5	50000
9614	128225	0	62006			3	35000
9615	128225	1	62007			4	40000
9616	128225	2	62007			7	75000
9617	128226	0	62008			3	30000
9618	128226	1	62009			3	30000
9619	128226	2	62010			4	40000
9620	128226	3	62010			10	100000
9621	128227	0	60454				
9622	128227	1	60454				
9623	129201	1	60001			1	2000
9624	129201	2	60002			1	3000
9625	129201	3	60003			1	4000
9626	129201	4	60004			1	5000
9627	129201	5	60005			2	6000
9628	129201	6	60006			2	7000
9629	129201	7	60007			2	8000
9630	129201	8	60008			2	9000
9631	129201	9	60009			2	10000
9632	129201	10	60010			3	12000
9633	129201	11	60011			3	14000
9634	129201	12	60012			3	16000
9635	129201	13	60013			3	18000
9636	129201	14	60014			3	20000
9637	129201	15	60015			5	22000
9638	129201	16	60016			5	24000
9639	129201	17	60017			5	26000
9640	129201	18					
9641	129206	1	60101			1	2000
9642	129206	2	60102			1	3000
9643	129206	3	60103			1	4000
9644	129206	4	60104			1	5000
9645	129206	5	60105			2	6000
9646	129206	6	60106			2	7000
9647	129206	7	60107			2	8000
9648	129206	8	60108			2	9000
9649	129206	9	60109			2	10000
9650	129206	10	60110			3	12000
9651	129206	11	60111			3	14000
9652	129206	12	60112			3	16000
9653	129206	13	60113			3	18000
9654	129206	14	60114			3	20000
9655	129206	15	60115			5	22000
9656	129206	16	60116			5	24000
9657	129206	17	60117			5	26000
9658	129206	18					
9659	129211	1	60201			1	2000
9660	129211	2	60202			1	3000
9661	129211	3	60203			1	4000
9662	129211	4	60204			1	5000
9663	129211	5	60205			2	6000
9664	129211	6	60206			2	7000
9665	129211	7	60207			2	8000
9666	129211	8	60208			2	9000
9667	129211	9	60209			2	10000
9668	129211	10	60210			3	12000
9669	129211	11	60211			3	14000
9670	129211	12	60212			3	16000
9671	129211	13	60213			3	18000
9672	129211	14	60214			3	20000
9673	129211	15	60215			5	22000
9674	129211	16	60216			5	24000
9675	129211	17	60217			5	26000
9676	129211	18					
9677	129216	1	60001			1	2000
9678	129216	2	60002			1	3000
9679	129216	3	60003			1	4000
9680	129216	4	60004			1	5000
9681	129216	5	60005			2	6000
9682	129216	6	60006			2	7000
9683	129216	7	60007			2	8000
9684	129216	8	60008			2	9000
9685	129216	9	60009			2	10000
9686	129216	10	60010			3	12000
9687	129216	11	60011			3	14000
9688	129216	12	60012			3	16000
9689	129216	13	60013			3	18000
9690	129216	14	60014			3	20000
9691	129216	15	60015			5	22000
9692	129216	16	60016			5	24000
9693	129216	17	60017			5	26000
9694	129216	18					
9695	129217	1	60101			1	2000
9696	129217	2	60102			1	3000
9697	129217	3	60103			1	4000
9698	129217	4	60104			1	5000
9699	129217	5	60105			2	6000
9700	129217	6	60106			2	7000
9701	129217	7	60107			2	8000
9702	129217	8	60108			2	9000
9703	129217	9	60109			2	10000
9704	129217	10	60110			3	12000
9705	129217	11	60111			3	14000
9706	129217	12	60112			3	16000
9707	129217	13	60113			3	18000
9708	129217	14	60114			3	20000
9709	129217	15	60115			5	22000
9710	129217	16	60116			5	24000
9711	129217	17	60117			5	26000
9712	129217	18					
9713	129218	1	60501			1	2000
9714	129218	2	60502			1	3000
9715	129218	3	60503			1	4000
9716	129218	4	60504			1	5000
9717	129218	5	60505			2	6000
9718	129218	6	60506			2	7000
9719	129218	7	60507			2	8000
9720	129218	8	60508			2	9000
9721	129218	9	60509			2	10000
9722	129218	10	60510			3	12000
9723	129218	11	60511			3	14000
9724	129218	12	60512			3	16000
9725	129218	13	60513			3	18000
9726	129218	14	60514			3	20000
9727	129218	15	60515			5	22000
9728	129218	16	60516			5	24000
9729	129218	17	60517			5	26000
9730	129218	18					
9731	129221	1	60201			1	2000
9732	129221	2	60202			1	3000
9733	129221	3	60203			1	4000
9734	129221	4	60204			1	5000
9735	129221	5	60205			2	6000
9736	129221	6	60206			2	7000
9737	129221	7	60207			2	8000
9738	129221	8	60208			2	9000
9739	129221	9	60209			2	10000
9740	129221	10	60210			3	12000
9741	129221	11	60211			3	14000
9742	129221	12	60212			3	16000
9743	129221	13	60213			3	18000
9744	129221	14	60214			3	20000
9745	129221	15	60215			5	22000
9746	129221	16	60216			5	24000
9747	129221	17	60217			5	26000
9748	129221	18					
9749	129222	0	61002			3	25000
9750	129222	1	61002			3	25000
9751	129223	1	60301	61301		1	2000
9752	129223	2	60302	61302		1	3000
9753	129223	3	60303	61303		1	4000
9754	129223	4	60304	61304		1	5000
9755	129223	5	60305	61305		2	6000
9756	129223	6	60306	61306		2	7000
9757	129223	7	60307	61307		2	8000
9758	129223	8	60308	61308		2	9000
9759	129223	9	60309	61309		2	10000
9760	129223	10	60310	61310		3	12000
9761	129223	11	60311	61311		3	14000
9762	129223	12	60312	61312		3	16000
9763	129223	13	60313	61313		3	18000
9764	129223	14	60314	61314		3	20000
9765	129223	15	60315	61315		5	22000
9766	129223	16	60316	61316		5	24000
9767	129223	17	60317	61317		5	26000
9768	129223	18					
9769	129224	0	62004			2	20000
9770	129224	1	62005			3	30000
9771	129224	2	62005			5	50000
9772	129225	0	62006			3	35000
9773	129225	1	62007			4	40000
9774	129225	2	62007			7	75000
9775	129226	0	62008			3	30000
9776	129226	1	62009			3	30000
9777	129226	2	62010			4	40000
9778	129226	3	62010			10	100000
9779	129227	0	60457				
9780	129227	1	60457				
9781	129301	1	60001			1	2000
9782	129301	2	60002			1	3000
9783	129301	3	60003			1	4000
9784	129301	4	60004			1	5000
9785	129301	5	60005			2	6000
9786	129301	6	60006			2	7000
9787	129301	7	60007			2	8000
9788	129301	8	60008			2	9000
9789	129301	9	60009			2	10000
9790	129301	10	60010			3	12000
9791	129301	11	60011			3	14000
9792	129301	12	60012			3	16000
9793	129301	13	60013			3	18000
9794	129301	14	60014			3	20000
9795	129301	15	60015			5	22000
9796	129301	16	60016			5	24000
9797	129301	17	60017			5	26000
9798	129301	18					
9799	129306	1	60101			1	2000
9800	129306	2	60102			1	3000
9801	129306	3	60103			1	4000
9802	129306	4	60104			1	5000
9803	129306	5	60105			2	6000
9804	129306	6	60106			2	7000
9805	129306	7	60107			2	8000
9806	129306	8	60108			2	9000
9807	129306	9	60109			2	10000
9808	129306	10	60110			3	12000
9809	129306	11	60111			3	14000
9810	129306	12	60112			3	16000
9811	129306	13	60113			3	18000
9812	129306	14	60114			3	20000
9813	129306	15	60115			5	22000
9814	129306	16	60116			5	24000
9815	129306	17	60117			5	26000
9816	129306	18					
9817	129311	1	60201			1	2000
9818	129311	2	60202			1	3000
9819	129311	3	60203			1	4000
9820	129311	4	60204			1	5000
9821	129311	5	60205			2	6000
9822	129311	6	60206			2	7000
9823	129311	7	60207			2	8000
9824	129311	8	60208			2	9000
9825	129311	9	60209			2	10000
9826	129311	10	60210			3	12000
9827	129311	11	60211			3	14000
9828	129311	12	60212			3	16000
9829	129311	13	60213			3	18000
9830	129311	14	60214			3	20000
9831	129311	15	60215			5	22000
9832	129311	16	60216			5	24000
9833	129311	17	60217			5	26000
9834	129311	18					
9835	129316	1	60001			1	2000
9836	129316	2	60002			1	3000
9837	129316	3	60003			1	4000
9838	129316	4	60004			1	5000
9839	129316	5	60005			2	6000
9840	129316	6	60006			2	7000
9841	129316	7	60007			2	8000
9842	129316	8	60008			2	9000
9843	129316	9	60009			2	10000
9844	129316	10	60010			3	12000
9845	129316	11	60011			3	14000
9846	129316	12	60012			3	16000
9847	129316	13	60013			3	18000
9848	129316	14	60014			3	20000
9849	129316	15	60015			5	22000
9850	129316	16	60016			5	24000
9851	129316	17	60017			5	26000
9852	129316	18					
9853	129317	1	60101			1	2000
9854	129317	2	60102			1	3000
9855	129317	3	60103			1	4000
9856	129317	4	60104			1	5000
9857	129317	5	60105			2	6000
9858	129317	6	60106			2	7000
9859	129317	7	60107			2	8000
9860	129317	8	60108			2	9000
9861	129317	9	60109			2	10000
9862	129317	10	60110			3	12000
9863	129317	11	60111			3	14000
9864	129317	12	60112			3	16000
9865	129317	13	60113			3	18000
9866	129317	14	60114			3	20000
9867	129317	15	60115			5	22000
9868	129317	16	60116			5	24000
9869	129317	17	60117			5	26000
9870	129317	18					
9871	129318	1	60501			1	2000
9872	129318	2	60502			1	3000
9873	129318	3	60503			1	4000
9874	129318	4	60504			1	5000
9875	129318	5	60505			2	6000
9876	129318	6	60506			2	7000
9877	129318	7	60507			2	8000
9878	129318	8	60508			2	9000
9879	129318	9	60509			2	10000
9880	129318	10	60510			3	12000
9881	129318	11	60511			3	14000
9882	129318	12	60512			3	16000
9883	129318	13	60513			3	18000
9884	129318	14	60514			3	20000
9885	129318	15	60515			5	22000
9886	129318	16	60516			5	24000
9887	129318	17	60517			5	26000
9888	129318	18					
9889	129321	1	60201			1	2000
9890	129321	2	60202			1	3000
9891	129321	3	60203			1	4000
9892	129321	4	60204			1	5000
9893	129321	5	60205			2	6000
9894	129321	6	60206			2	7000
9895	129321	7	60207			2	8000
9896	129321	8	60208			2	9000
9897	129321	9	60209			2	10000
9898	129321	10	60210			3	12000
9899	129321	11	60211			3	14000
9900	129321	12	60212			3	16000
9901	129321	13	60213			3	18000
9902	129321	14	60214			3	20000
9903	129321	15	60215			5	22000
9904	129321	16	60216			5	24000
9905	129321	17	60217			5	26000
9906	129321	18					
9907	129322	0	61002			3	25000
9908	129322	1	61002			3	25000
9909	129323	1	60301	61301		1	2000
9910	129323	2	60302	61302		1	3000
9911	129323	3	60303	61303		1	4000
9912	129323	4	60304	61304		1	5000
9913	129323	5	60305	61305		2	6000
9914	129323	6	60306	61306		2	7000
9915	129323	7	60307	61307		2	8000
9916	129323	8	60308	61308		2	9000
9917	129323	9	60309	61309		2	10000
9918	129323	10	60310	61310		3	12000
9919	129323	11	60311	61311		3	14000
9920	129323	12	60312	61312		3	16000
9921	129323	13	60313	61313		3	18000
9922	129323	14	60314	61314		3	20000
9923	129323	15	60315	61315		5	22000
9924	129323	16	60316	61316		5	24000
9925	129323	17	60317	61317		5	26000
9926	129323	18					
9927	129324	0	62004			2	20000
9928	129324	1	62005			3	30000
9929	129324	2	62005			5	50000
9930	129325	0	62006			3	35000
9931	129325	1	62007			4	40000
9932	129325	2	62007			7	75000
9933	129326	0	62008			3	30000
9934	129326	1	62009			3	30000
9935	129326	2	62010			4	40000
9936	129326	3	62010			10	100000
9937	129327	0	60476				
9938	129327	1	60476				
9939	130201	1	60001			1	2000
9940	130201	2	60002			1	3000
9941	130201	3	60003			1	4000
9942	130201	4	60004			1	5000
9943	130201	5	60005			2	6000
9944	130201	6	60006			2	7000
9945	130201	7	60007			2	8000
9946	130201	8	60008			2	9000
9947	130201	9	60009			2	10000
9948	130201	10	60010			3	12000
9949	130201	11	60011			3	14000
9950	130201	12	60012			3	16000
9951	130201	13	60013			3	18000
9952	130201	14	60014			3	20000
9953	130201	15	60015			5	22000
9954	130201	16	60016			5	24000
9955	130201	17	60017			5	26000
9956	130201	18					
9957	130206	1	60101			1	2000
9958	130206	2	60102			1	3000
9959	130206	3	60103			1	4000
9960	130206	4	60104			1	5000
9961	130206	5	60105			2	6000
9962	130206	6	60106			2	7000
9963	130206	7	60107			2	8000
9964	130206	8	60108			2	9000
9965	130206	9	60109			2	10000
9966	130206	10	60110			3	12000
9967	130206	11	60111			3	14000
9968	130206	12	60112			3	16000
9969	130206	13	60113			3	18000
9970	130206	14	60114			3	20000
9971	130206	15	60115			5	22000
9972	130206	16	60116			5	24000
9973	130206	17	60117			5	26000
9974	130206	18					
9975	130211	1	60201			1	2000
9976	130211	2	60202			1	3000
9977	130211	3	60203			1	4000
9978	130211	4	60204			1	5000
9979	130211	5	60205			2	6000
9980	130211	6	60206			2	7000
9981	130211	7	60207			2	8000
9982	130211	8	60208			2	9000
9983	130211	9	60209			2	10000
9984	130211	10	60210			3	12000
9985	130211	11	60211			3	14000
9986	130211	12	60212			3	16000
9987	130211	13	60213			3	18000
9988	130211	14	60214			3	20000
9989	130211	15	60215			5	22000
9990	130211	16	60216			5	24000
9991	130211	17	60217			5	26000
9992	130211	18					
9993	130216	1	60001			1	2000
9994	130216	2	60002			1	3000
9995	130216	3	60003			1	4000
9996	130216	4	60004			1	5000
9997	130216	5	60005			2	6000
9998	130216	6	60006			2	7000
9999	130216	7	60007			2	8000
10000	130216	8	60008			2	9000
10001	130216	9	60009			2	10000
10002	130216	10	60010			3	12000
10003	130216	11	60011			3	14000
10004	130216	12	60012			3	16000
10005	130216	13	60013			3	18000
10006	130216	14	60014			3	20000
10007	130216	15	60015			5	22000
10008	130216	16	60016			5	24000
10009	130216	17	60017			5	26000
10010	130216	18					
10011	130217	1	60101			1	2000
10012	130217	2	60102			1	3000
10013	130217	3	60103			1	4000
10014	130217	4	60104			1	5000
10015	130217	5	60105			2	6000
10016	130217	6	60106			2	7000
10017	130217	7	60107			2	8000
10018	130217	8	60108			2	9000
10019	130217	9	60109			2	10000
10020	130217	10	60110			3	12000
10021	130217	11	60111			3	14000
10022	130217	12	60112			3	16000
10023	130217	13	60113			3	18000
10024	130217	14	60114			3	20000
10025	130217	15	60115			5	22000
10026	130217	16	60116			5	24000
10027	130217	17	60117			5	26000
10028	130217	18					
10029	130218	1	60501			1	2000
10030	130218	2	60502			1	3000
10031	130218	3	60503			1	4000
10032	130218	4	60504			1	5000
10033	130218	5	60505			2	6000
10034	130218	6	60506			2	7000
10035	130218	7	60507			2	8000
10036	130218	8	60508			2	9000
10037	130218	9	60509			2	10000
10038	130218	10	60510			3	12000
10039	130218	11	60511			3	14000
10040	130218	12	60512			3	16000
10041	130218	13	60513			3	18000
10042	130218	14	60514			3	20000
10043	130218	15	60515			5	22000
10044	130218	16	60516			5	24000
10045	130218	17	60517			5	26000
10046	130218	18					
10047	130221	1	60201			1	2000
10048	130221	2	60202			1	3000
10049	130221	3	60203			1	4000
10050	130221	4	60204			1	5000
10051	130221	5	60205			2	6000
10052	130221	6	60206			2	7000
10053	130221	7	60207			2	8000
10054	130221	8	60208			2	9000
10055	130221	9	60209			2	10000
10056	130221	10	60210			3	12000
10057	130221	11	60211			3	14000
10058	130221	12	60212			3	16000
10059	130221	13	60213			3	18000
10060	130221	14	60214			3	20000
10061	130221	15	60215			5	22000
10062	130221	16	60216			5	24000
10063	130221	17	60217			5	26000
10064	130221	18					
10065	130222	0	61002			3	25000
10066	130222	1	61002			3	25000
10067	130223	1	60301	61301		1	2000
10068	130223	2	60302	61302		1	3000
10069	130223	3	60303	61303		1	4000
10070	130223	4	60304	61304		1	5000
10071	130223	5	60305	61305		2	6000
10072	130223	6	60306	61306		2	7000
10073	130223	7	60307	61307		2	8000
10074	130223	8	60308	61308		2	9000
10075	130223	9	60309	61309		2	10000
10076	130223	10	60310	61310		3	12000
10077	130223	11	60311	61311		3	14000
10078	130223	12	60312	61312		3	16000
10079	130223	13	60313	61313		3	18000
10080	130223	14	60314	61314		3	20000
10081	130223	15	60315	61315		5	22000
10082	130223	16	60316	61316		5	24000
10083	130223	17	60317	61317		5	26000
10084	130223	18					
10085	130224	0	62004			2	20000
10086	130224	1	62005			3	30000
10087	130224	2	62005			5	50000
10088	130225	0	62006			3	35000
10089	130225	1	62007			4	40000
10090	130225	2	62007			7	75000
10091	130226	0	62008			3	30000
10092	130226	1	62009			3	30000
10093	130226	2	62010			4	40000
10094	130226	3	62010			10	100000
10095	130227	0	60459				
10096	130227	1	60459				
10097	131201	1	60001			1	2000
10098	131201	2	60002			1	3000
10099	131201	3	60003			1	4000
10100	131201	4	60004			1	5000
10101	131201	5	60005			2	6000
10102	131201	6	60006			2	7000
10103	131201	7	60007			2	8000
10104	131201	8	60008			2	9000
10105	131201	9	60009			2	10000
10106	131201	10	60010			3	12000
10107	131201	11	60011			3	14000
10108	131201	12	60012			3	16000
10109	131201	13	60013			3	18000
10110	131201	14	60014			3	20000
10111	131201	15	60015			5	22000
10112	131201	16	60016			5	24000
10113	131201	17	60017			5	26000
10114	131201	18					
10115	131206	1	60101			1	2000
10116	131206	2	60102			1	3000
10117	131206	3	60103			1	4000
10118	131206	4	60104			1	5000
10119	131206	5	60105			2	6000
10120	131206	6	60106			2	7000
10121	131206	7	60107			2	8000
10122	131206	8	60108			2	9000
10123	131206	9	60109			2	10000
10124	131206	10	60110			3	12000
10125	131206	11	60111			3	14000
10126	131206	12	60112			3	16000
10127	131206	13	60113			3	18000
10128	131206	14	60114			3	20000
10129	131206	15	60115			5	22000
10130	131206	16	60116			5	24000
10131	131206	17	60117			5	26000
10132	131206	18					
10133	131211	1	60201			1	2000
10134	131211	2	60202			1	3000
10135	131211	3	60203			1	4000
10136	131211	4	60204			1	5000
10137	131211	5	60205			2	6000
10138	131211	6	60206			2	7000
10139	131211	7	60207			2	8000
10140	131211	8	60208			2	9000
10141	131211	9	60209			2	10000
10142	131211	10	60210			3	12000
10143	131211	11	60211			3	14000
10144	131211	12	60212			3	16000
10145	131211	13	60213			3	18000
10146	131211	14	60214			3	20000
10147	131211	15	60215			5	22000
10148	131211	16	60216			5	24000
10149	131211	17	60217			5	26000
10150	131211	18					
10151	131216	1	60001			1	2000
10152	131216	2	60002			1	3000
10153	131216	3	60003			1	4000
10154	131216	4	60004			1	5000
10155	131216	5	60005			2	6000
10156	131216	6	60006			2	7000
10157	131216	7	60007			2	8000
10158	131216	8	60008			2	9000
10159	131216	9	60009			2	10000
10160	131216	10	60010			3	12000
10161	131216	11	60011			3	14000
10162	131216	12	60012			3	16000
10163	131216	13	60013			3	18000
10164	131216	14	60014			3	20000
10165	131216	15	60015			5	22000
10166	131216	16	60016			5	24000
10167	131216	17	60017			5	26000
10168	131216	18					
10169	131217	1	60101			1	2000
10170	131217	2	60102			1	3000
10171	131217	3	60103			1	4000
10172	131217	4	60104			1	5000
10173	131217	5	60105			2	6000
10174	131217	6	60106			2	7000
10175	131217	7	60107			2	8000
10176	131217	8	60108			2	9000
10177	131217	9	60109			2	10000
10178	131217	10	60110			3	12000
10179	131217	11	60111			3	14000
10180	131217	12	60112			3	16000
10181	131217	13	60113			3	18000
10182	131217	14	60114			3	20000
10183	131217	15	60115			5	22000
10184	131217	16	60116			5	24000
10185	131217	17	60117			5	26000
10186	131217	18					
10187	131218	1	60501			1	2000
10188	131218	2	60502			1	3000
10189	131218	3	60503			1	4000
10190	131218	4	60504			1	5000
10191	131218	5	60505			2	6000
10192	131218	6	60506			2	7000
10193	131218	7	60507			2	8000
10194	131218	8	60508			2	9000
10195	131218	9	60509			2	10000
10196	131218	10	60510			3	12000
10197	131218	11	60511			3	14000
10198	131218	12	60512			3	16000
10199	131218	13	60513			3	18000
10200	131218	14	60514			3	20000
10201	131218	15	60515			5	22000
10202	131218	16	60516			5	24000
10203	131218	17	60517			5	26000
10204	131218	18					
10205	131221	1	60201			1	2000
10206	131221	2	60202			1	3000
10207	131221	3	60203			1	4000
10208	131221	4	60204			1	5000
10209	131221	5	60205			2	6000
10210	131221	6	60206			2	7000
10211	131221	7	60207			2	8000
10212	131221	8	60208			2	9000
10213	131221	9	60209			2	10000
10214	131221	10	60210			3	12000
10215	131221	11	60211			3	14000
10216	131221	12	60212			3	16000
10217	131221	13	60213			3	18000
10218	131221	14	60214			3	20000
10219	131221	15	60215			5	22000
10220	131221	16	60216			5	24000
10221	131221	17	60217			5	26000
10222	131221	18					
10223	131222	0	61002			3	25000
10224	131222	1	61002			3	25000
10225	131223	1	60301	61301		1	2000
10226	131223	2	60302	61302		1	3000
10227	131223	3	60303	61303		1	4000
10228	131223	4	60304	61304		1	5000
10229	131223	5	60305	61305		2	6000
10230	131223	6	60306	61306		2	7000
10231	131223	7	60307	61307		2	8000
10232	131223	8	60308	61308		2	9000
10233	131223	9	60309	61309		2	10000
10234	131223	10	60310	61310		3	12000
10235	131223	11	60311	61311		3	14000
10236	131223	12	60312	61312		3	16000
10237	131223	13	60313	61313		3	18000
10238	131223	14	60314	61314		3	20000
10239	131223	15	60315	61315		5	22000
10240	131223	16	60316	61316		5	24000
10241	131223	17	60317	61317		5	26000
10242	131223	18					
10243	131224	0	62004			2	20000
10244	131224	1	62005			3	30000
10245	131224	2	62005			5	50000
10246	131225	0	62006			3	35000
10247	131225	1	62007			4	40000
10248	131225	2	62007			7	75000
10249	131226	0	62008			3	30000
10250	131226	1	62009			3	30000
10251	131226	2	62010			4	40000
10252	131226	3	62010			10	100000
10253	131227	0	60463				
10254	131227	1	60463				
10255	132201	1	60001			1	2000
10256	132201	2	60002			1	3000
10257	132201	3	60003			1	4000
10258	132201	4	60004			1	5000
10259	132201	5	60005			2	6000
10260	132201	6	60006			2	7000
10261	132201	7	60007			2	8000
10262	132201	8	60008			2	9000
10263	132201	9	60009			2	10000
10264	132201	10	60010			3	12000
10265	132201	11	60011			3	14000
10266	132201	12	60012			3	16000
10267	132201	13	60013			3	18000
10268	132201	14	60014			3	20000
10269	132201	15	60015			5	22000
10270	132201	16	60016			5	24000
10271	132201	17	60017			5	26000
10272	132201	18					
10273	132206	1	60101			1	2000
10274	132206	2	60102			1	3000
10275	132206	3	60103			1	4000
10276	132206	4	60104			1	5000
10277	132206	5	60105			2	6000
10278	132206	6	60106			2	7000
10279	132206	7	60107			2	8000
10280	132206	8	60108			2	9000
10281	132206	9	60109			2	10000
10282	132206	10	60110			3	12000
10283	132206	11	60111			3	14000
10284	132206	12	60112			3	16000
10285	132206	13	60113			3	18000
10286	132206	14	60114			3	20000
10287	132206	15	60115			5	22000
10288	132206	16	60116			5	24000
10289	132206	17	60117			5	26000
10290	132206	18					
10291	132211	1	60201			1	2000
10292	132211	2	60202			1	3000
10293	132211	3	60203			1	4000
10294	132211	4	60204			1	5000
10295	132211	5	60205			2	6000
10296	132211	6	60206			2	7000
10297	132211	7	60207			2	8000
10298	132211	8	60208			2	9000
10299	132211	9	60209			2	10000
10300	132211	10	60210			3	12000
10301	132211	11	60211			3	14000
10302	132211	12	60212			3	16000
10303	132211	13	60213			3	18000
10304	132211	14	60214			3	20000
10305	132211	15	60215			5	22000
10306	132211	16	60216			5	24000
10307	132211	17	60217			5	26000
10308	132211	18					
10309	132216	1	60001			1	2000
10310	132216	2	60002			1	3000
10311	132216	3	60003			1	4000
10312	132216	4	60004			1	5000
10313	132216	5	60005			2	6000
10314	132216	6	60006			2	7000
10315	132216	7	60007			2	8000
10316	132216	8	60008			2	9000
10317	132216	9	60009			2	10000
10318	132216	10	60010			3	12000
10319	132216	11	60011			3	14000
10320	132216	12	60012			3	16000
10321	132216	13	60013			3	18000
10322	132216	14	60014			3	20000
10323	132216	15	60015			5	22000
10324	132216	16	60016			5	24000
10325	132216	17	60017			5	26000
10326	132216	18					
10327	132217	1	60101			1	2000
10328	132217	2	60102			1	3000
10329	132217	3	60103			1	4000
10330	132217	4	60104			1	5000
10331	132217	5	60105			2	6000
10332	132217	6	60106			2	7000
10333	132217	7	60107			2	8000
10334	132217	8	60108			2	9000
10335	132217	9	60109			2	10000
10336	132217	10	60110			3	12000
10337	132217	11	60111			3	14000
10338	132217	12	60112			3	16000
10339	132217	13	60113			3	18000
10340	132217	14	60114			3	20000
10341	132217	15	60115			5	22000
10342	132217	16	60116			5	24000
10343	132217	17	60117			5	26000
10344	132217	18					
10345	132218	1	60501			1	2000
10346	132218	2	60502			1	3000
10347	132218	3	60503			1	4000
10348	132218	4	60504			1	5000
10349	132218	5	60505			2	6000
10350	132218	6	60506			2	7000
10351	132218	7	60507			2	8000
10352	132218	8	60508			2	9000
10353	132218	9	60509			2	10000
10354	132218	10	60510			3	12000
10355	132218	11	60511			3	14000
10356	132218	12	60512			3	16000
10357	132218	13	60513			3	18000
10358	132218	14	60514			3	20000
10359	132218	15	60515			5	22000
10360	132218	16	60516			5	24000
10361	132218	17	60517			5	26000
10362	132218	18					
10363	132221	1	60201			1	2000
10364	132221	2	60202			1	3000
10365	132221	3	60203			1	4000
10366	132221	4	60204			1	5000
10367	132221	5	60205			2	6000
10368	132221	6	60206			2	7000
10369	132221	7	60207			2	8000
10370	132221	8	60208			2	9000
10371	132221	9	60209			2	10000
10372	132221	10	60210			3	12000
10373	132221	11	60211			3	14000
10374	132221	12	60212			3	16000
10375	132221	13	60213			3	18000
10376	132221	14	60214			3	20000
10377	132221	15	60215			5	22000
10378	132221	16	60216			5	24000
10379	132221	17	60217			5	26000
10380	132221	18					
10381	132222	0	61002			3	25000
10382	132222	1	61002			3	25000
10383	132223	1	60301	61301		1	2000
10384	132223	2	60302	61302		1	3000
10385	132223	3	60303	61303		1	4000
10386	132223	4	60304	61304		1	5000
10387	132223	5	60305	61305		2	6000
10388	132223	6	60306	61306		2	7000
10389	132223	7	60307	61307		2	8000
10390	132223	8	60308	61308		2	9000
10391	132223	9	60309	61309		2	10000
10392	132223	10	60310	61310		3	12000
10393	132223	11	60311	61311		3	14000
10394	132223	12	60312	61312		3	16000
10395	132223	13	60313	61313		3	18000
10396	132223	14	60314	61314		3	20000
10397	132223	15	60315	61315		5	22000
10398	132223	16	60316	61316		5	24000
10399	132223	17	60317	61317		5	26000
10400	132223	18					
10401	132224	0	62004			2	20000
10402	132224	1	62005			3	30000
10403	132224	2	62005			5	50000
10404	132225	0	62006			3	35000
10405	132225	1	62007			4	40000
10406	132225	2	62007			7	75000
10407	132226	0	62008			3	30000
10408	132226	1	62009			3	30000
10409	132226	2	62010			4	40000
10410	132226	3	62010			10	100000
10411	132227	0	60468				
10412	132227	1	60468				
10413	132301	1	60001			1	2000
10414	132301	2	60002			1	3000
10415	132301	3	60003			1	4000
10416	132301	4	60004			1	5000
10417	132301	5	60005			2	6000
10418	132301	6	60006			2	7000
10419	132301	7	60007			2	8000
10420	132301	8	60008			2	9000
10421	132301	9	60009			2	10000
10422	132301	10	60010			3	12000
10423	132301	11	60011			3	14000
10424	132301	12	60012			3	16000
10425	132301	13	60013			3	18000
10426	132301	14	60014			3	20000
10427	132301	15	60015			5	22000
10428	132301	16	60016			5	24000
10429	132301	17	60017			5	26000
10430	132301	18					
10431	132306	1	60101			1	2000
10432	132306	2	60102			1	3000
10433	132306	3	60103			1	4000
10434	132306	4	60104			1	5000
10435	132306	5	60105			2	6000
10436	132306	6	60106			2	7000
10437	132306	7	60107			2	8000
10438	132306	8	60108			2	9000
10439	132306	9	60109			2	10000
10440	132306	10	60110			3	12000
10441	132306	11	60111			3	14000
10442	132306	12	60112			3	16000
10443	132306	13	60113			3	18000
10444	132306	14	60114			3	20000
10445	132306	15	60115			5	22000
10446	132306	16	60116			5	24000
10447	132306	17	60117			5	26000
10448	132306	18					
10449	132311	1	60201			1	2000
10450	132311	2	60202			1	3000
10451	132311	3	60203			1	4000
10452	132311	4	60204			1	5000
10453	132311	5	60205			2	6000
10454	132311	6	60206			2	7000
10455	132311	7	60207			2	8000
10456	132311	8	60208			2	9000
10457	132311	9	60209			2	10000
10458	132311	10	60210			3	12000
10459	132311	11	60211			3	14000
10460	132311	12	60212			3	16000
10461	132311	13	60213			3	18000
10462	132311	14	60214			3	20000
10463	132311	15	60215			5	22000
10464	132311	16	60216			5	24000
10465	132311	17	60217			5	26000
10466	132311	18					
10467	132316	1	60001			1	2000
10468	132316	2	60002			1	3000
10469	132316	3	60003			1	4000
10470	132316	4	60004			1	5000
10471	132316	5	60005			2	6000
10472	132316	6	60006			2	7000
10473	132316	7	60007			2	8000
10474	132316	8	60008			2	9000
10475	132316	9	60009			2	10000
10476	132316	10	60010			3	12000
10477	132316	11	60011			3	14000
10478	132316	12	60012			3	16000
10479	132316	13	60013			3	18000
10480	132316	14	60014			3	20000
10481	132316	15	60015			5	22000
10482	132316	16	60016			5	24000
10483	132316	17	60017			5	26000
10484	132316	18					
10485	132317	1	60101			1	2000
10486	132317	2	60102			1	3000
10487	132317	3	60103			1	4000
10488	132317	4	60104			1	5000
10489	132317	5	60105			2	6000
10490	132317	6	60106			2	7000
10491	132317	7	60107			2	8000
10492	132317	8	60108			2	9000
10493	132317	9	60109			2	10000
10494	132317	10	60110			3	12000
10495	132317	11	60111			3	14000
10496	132317	12	60112			3	16000
10497	132317	13	60113			3	18000
10498	132317	14	60114			3	20000
10499	132317	15	60115			5	22000
10500	132317	16	60116			5	24000
10501	132317	17	60117			5	26000
10502	132317	18					
10503	132318	1	60501			1	2000
10504	132318	2	60502			1	3000
10505	132318	3	60503			1	4000
10506	132318	4	60504			1	5000
10507	132318	5	60505			2	6000
10508	132318	6	60506			2	7000
10509	132318	7	60507			2	8000
10510	132318	8	60508			2	9000
10511	132318	9	60509			2	10000
10512	132318	10	60510			3	12000
10513	132318	11	60511			3	14000
10514	132318	12	60512			3	16000
10515	132318	13	60513			3	18000
10516	132318	14	60514			3	20000
10517	132318	15	60515			5	22000
10518	132318	16	60516			5	24000
10519	132318	17	60517			5	26000
10520	132318	18					
10521	132321	1	60201			1	2000
10522	132321	2	60202			1	3000
10523	132321	3	60203			1	4000
10524	132321	4	60204			1	5000
10525	132321	5	60205			2	6000
10526	132321	6	60206			2	7000
10527	132321	7	60207			2	8000
10528	132321	8	60208			2	9000
10529	132321	9	60209			2	10000
10530	132321	10	60210			3	12000
10531	132321	11	60211			3	14000
10532	132321	12	60212			3	16000
10533	132321	13	60213			3	18000
10534	132321	14	60214			3	20000
10535	132321	15	60215			5	22000
10536	132321	16	60216			5	24000
10537	132321	17	60217			5	26000
10538	132321	18					
10539	132322	0	61002			3	25000
10540	132322	1	61002			3	25000
10541	132323	1	60301	61301		1	2000
10542	132323	2	60302	61302		1	3000
10543	132323	3	60303	61303		1	4000
10544	132323	4	60304	61304		1	5000
10545	132323	5	60305	61305		2	6000
10546	132323	6	60306	61306		2	7000
10547	132323	7	60307	61307		2	8000
10548	132323	8	60308	61308		2	9000
10549	132323	9	60309	61309		2	10000
10550	132323	10	60310	61310		3	12000
10551	132323	11	60311	61311		3	14000
10552	132323	12	60312	61312		3	16000
10553	132323	13	60313	61313		3	18000
10554	132323	14	60314	61314		3	20000
10555	132323	15	60315	61315		5	22000
10556	132323	16	60316	61316		5	24000
10557	132323	17	60317	61317		5	26000
10558	132323	18					
10559	132324	0	62004			2	20000
10560	132324	1	62005			3	30000
10561	132324	2	62005			5	50000
10562	132325	0	62006			3	35000
10563	132325	1	62007			4	40000
10564	132325	2	62007			7	75000
10565	132326	0	62008			3	30000
10566	132326	1	62009			3	30000
10567	132326	2	62010			4	40000
10568	132326	3	62010			10	100000
10569	132327	0	60465				
10570	132327	1	60465				
10571	133301	1	60001			1	2000
10572	133301	2	60002			1	3000
10573	133301	3	60003			1	4000
10574	133301	4	60004			1	5000
10575	133301	5	60005			2	6000
10576	133301	6	60006			2	7000
10577	133301	7	60007			2	8000
10578	133301	8	60008			2	9000
10579	133301	9	60009			2	10000
10580	133301	10	60010			3	12000
10581	133301	11	60011			3	14000
10582	133301	12	60012			3	16000
10583	133301	13	60013			3	18000
10584	133301	14	60014			3	20000
10585	133301	15	60015			5	22000
10586	133301	16	60016			5	24000
10587	133301	17	60017			5	26000
10588	133301	18					
10589	133306	1	60101			1	2000
10590	133306	2	60102			1	3000
10591	133306	3	60103			1	4000
10592	133306	4	60104			1	5000
10593	133306	5	60105			2	6000
10594	133306	6	60106			2	7000
10595	133306	7	60107			2	8000
10596	133306	8	60108			2	9000
10597	133306	9	60109			2	10000
10598	133306	10	60110			3	12000
10599	133306	11	60111			3	14000
10600	133306	12	60112			3	16000
10601	133306	13	60113			3	18000
10602	133306	14	60114			3	20000
10603	133306	15	60115			5	22000
10604	133306	16	60116			5	24000
10605	133306	17	60117			5	26000
10606	133306	18					
10607	133311	1	60201			1	2000
10608	133311	2	60202			1	3000
10609	133311	3	60203			1	4000
10610	133311	4	60204			1	5000
10611	133311	5	60205			2	6000
10612	133311	6	60206			2	7000
10613	133311	7	60207			2	8000
10614	133311	8	60208			2	9000
10615	133311	9	60209			2	10000
10616	133311	10	60210			3	12000
10617	133311	11	60211			3	14000
10618	133311	12	60212			3	16000
10619	133311	13	60213			3	18000
10620	133311	14	60214			3	20000
10621	133311	15	60215			5	22000
10622	133311	16	60216			5	24000
10623	133311	17	60217			5	26000
10624	133311	18					
10625	133316	1	60001			1	2000
10626	133316	2	60002			1	3000
10627	133316	3	60003			1	4000
10628	133316	4	60004			1	5000
10629	133316	5	60005			2	6000
10630	133316	6	60006			2	7000
10631	133316	7	60007			2	8000
10632	133316	8	60008			2	9000
10633	133316	9	60009			2	10000
10634	133316	10	60010			3	12000
10635	133316	11	60011			3	14000
10636	133316	12	60012			3	16000
10637	133316	13	60013			3	18000
10638	133316	14	60014			3	20000
10639	133316	15	60015			5	22000
10640	133316	16	60016			5	24000
10641	133316	17	60017			5	26000
10642	133316	18					
10643	133317	1	60101			1	2000
10644	133317	2	60102			1	3000
10645	133317	3	60103			1	4000
10646	133317	4	60104			1	5000
10647	133317	5	60105			2	6000
10648	133317	6	60106			2	7000
10649	133317	7	60107			2	8000
10650	133317	8	60108			2	9000
10651	133317	9	60109			2	10000
10652	133317	10	60110			3	12000
10653	133317	11	60111			3	14000
10654	133317	12	60112			3	16000
10655	133317	13	60113			3	18000
10656	133317	14	60114			3	20000
10657	133317	15	60115			5	22000
10658	133317	16	60116			5	24000
10659	133317	17	60117			5	26000
10660	133317	18					
10661	133318	1	60501			1	2000
10662	133318	2	60502			1	3000
10663	133318	3	60503			1	4000
10664	133318	4	60504			1	5000
10665	133318	5	60505			2	6000
10666	133318	6	60506			2	7000
10667	133318	7	60507			2	8000
10668	133318	8	60508			2	9000
10669	133318	9	60509			2	10000
10670	133318	10	60510			3	12000
10671	133318	11	60511			3	14000
10672	133318	12	60512			3	16000
10673	133318	13	60513			3	18000
10674	133318	14	60514			3	20000
10675	133318	15	60515			5	22000
10676	133318	16	60516			5	24000
10677	133318	17	60517			5	26000
10678	133318	18					
10679	133321	1	60201			1	2000
10680	133321	2	60202			1	3000
10681	133321	3	60203			1	4000
10682	133321	4	60204			1	5000
10683	133321	5	60205			2	6000
10684	133321	6	60206			2	7000
10685	133321	7	60207			2	8000
10686	133321	8	60208			2	9000
10687	133321	9	60209			2	10000
10688	133321	10	60210			3	12000
10689	133321	11	60211			3	14000
10690	133321	12	60212			3	16000
10691	133321	13	60213			3	18000
10692	133321	14	60214			3	20000
10693	133321	15	60215			5	22000
10694	133321	16	60216			5	24000
10695	133321	17	60217			5	26000
10696	133321	18					
10697	133322	0	61002			3	25000
10698	133322	1	61002			3	25000
10699	133323	1	60301	61301		1	2000
10700	133323	2	60302	61302		1	3000
10701	133323	3	60303	61303		1	4000
10702	133323	4	60304	61304		1	5000
10703	133323	5	60305	61305		2	6000
10704	133323	6	60306	61306		2	7000
10705	133323	7	60307	61307		2	8000
10706	133323	8	60308	61308		2	9000
10707	133323	9	60309	61309		2	10000
10708	133323	10	60310	61310		3	12000
10709	133323	11	60311	61311		3	14000
10710	133323	12	60312	61312		3	16000
10711	133323	13	60313	61313		3	18000
10712	133323	14	60314	61314		3	20000
10713	133323	15	60315	61315		5	22000
10714	133323	16	60316	61316		5	24000
10715	133323	17	60317	61317		5	26000
10716	133323	18					
10717	133324	0	62004			2	20000
10718	133324	1	62005			3	30000
10719	133324	2	62005			5	50000
10720	133325	0	62006			3	35000
10721	133325	1	62007			4	40000
10722	133325	2	62007			7	75000
10723	133326	0	62008			3	30000
10724	133326	1	62009			3	30000
10725	133326	2	62010			4	40000
10726	133326	3	62010			10	100000
10727	133327	0	60466				
10728	133327	1	60466				
10729	135301	1	60001			1	2000
10730	135301	2	60002			1	3000
10731	135301	3	60003			1	4000
10732	135301	4	60004			1	5000
10733	135301	5	60005			2	6000
10734	135301	6	60006			2	7000
10735	135301	7	60007			2	8000
10736	135301	8	60008			2	9000
10737	135301	9	60009			2	10000
10738	135301	10	60010			3	12000
10739	135301	11	60011			3	14000
10740	135301	12	60012			3	16000
10741	135301	13	60013			3	18000
10742	135301	14	60014			3	20000
10743	135301	15	60015			5	22000
10744	135301	16	60016			5	24000
10745	135301	17	60017			5	26000
10746	135301	18					
10747	135306	1	60101			1	2000
10748	135306	2	60102			1	3000
10749	135306	3	60103			1	4000
10750	135306	4	60104			1	5000
10751	135306	5	60105			2	6000
10752	135306	6	60106			2	7000
10753	135306	7	60107			2	8000
10754	135306	8	60108			2	9000
10755	135306	9	60109			2	10000
10756	135306	10	60110			3	12000
10757	135306	11	60111			3	14000
10758	135306	12	60112			3	16000
10759	135306	13	60113			3	18000
10760	135306	14	60114			3	20000
10761	135306	15	60115			5	22000
10762	135306	16	60116			5	24000
10763	135306	17	60117			5	26000
10764	135306	18					
10765	135311	1	60201			1	2000
10766	135311	2	60202			1	3000
10767	135311	3	60203			1	4000
10768	135311	4	60204			1	5000
10769	135311	5	60205			2	6000
10770	135311	6	60206			2	7000
10771	135311	7	60207			2	8000
10772	135311	8	60208			2	9000
10773	135311	9	60209			2	10000
10774	135311	10	60210			3	12000
10775	135311	11	60211			3	14000
10776	135311	12	60212			3	16000
10777	135311	13	60213			3	18000
10778	135311	14	60214			3	20000
10779	135311	15	60215			5	22000
10780	135311	16	60216			5	24000
10781	135311	17	60217			5	26000
10782	135311	18					
10783	135316	1	60001			1	2000
10784	135316	2	60002			1	3000
10785	135316	3	60003			1	4000
10786	135316	4	60004			1	5000
10787	135316	5	60005			2	6000
10788	135316	6	60006			2	7000
10789	135316	7	60007			2	8000
10790	135316	8	60008			2	9000
10791	135316	9	60009			2	10000
10792	135316	10	60010			3	12000
10793	135316	11	60011			3	14000
10794	135316	12	60012			3	16000
10795	135316	13	60013			3	18000
10796	135316	14	60014			3	20000
10797	135316	15	60015			5	22000
10798	135316	16	60016			5	24000
10799	135316	17	60017			5	26000
10800	135316	18					
10801	135317	1	60101			1	2000
10802	135317	2	60102			1	3000
10803	135317	3	60103			1	4000
10804	135317	4	60104			1	5000
10805	135317	5	60105			2	6000
10806	135317	6	60106			2	7000
10807	135317	7	60107			2	8000
10808	135317	8	60108			2	9000
10809	135317	9	60109			2	10000
10810	135317	10	60110			3	12000
10811	135317	11	60111			3	14000
10812	135317	12	60112			3	16000
10813	135317	13	60113			3	18000
10814	135317	14	60114			3	20000
10815	135317	15	60115			5	22000
10816	135317	16	60116			5	24000
10817	135317	17	60117			5	26000
10818	135317	18					
10819	135318	1	60501			1	2000
10820	135318	2	60502			1	3000
10821	135318	3	60503			1	4000
10822	135318	4	60504			1	5000
10823	135318	5	60505			2	6000
10824	135318	6	60506			2	7000
10825	135318	7	60507			2	8000
10826	135318	8	60508			2	9000
10827	135318	9	60509			2	10000
10828	135318	10	60510			3	12000
10829	135318	11	60511			3	14000
10830	135318	12	60512			3	16000
10831	135318	13	60513			3	18000
10832	135318	14	60514			3	20000
10833	135318	15	60515			5	22000
10834	135318	16	60516			5	24000
10835	135318	17	60517			5	26000
10836	135318	18					
10837	135321	1	60201			1	2000
10838	135321	2	60202			1	3000
10839	135321	3	60203			1	4000
10840	135321	4	60204			1	5000
10841	135321	5	60205			2	6000
10842	135321	6	60206			2	7000
10843	135321	7	60207			2	8000
10844	135321	8	60208			2	9000
10845	135321	9	60209			2	10000
10846	135321	10	60210			3	12000
10847	135321	11	60211			3	14000
10848	135321	12	60212			3	16000
10849	135321	13	60213			3	18000
10850	135321	14	60214			3	20000
10851	135321	15	60215			5	22000
10852	135321	16	60216			5	24000
10853	135321	17	60217			5	26000
10854	135321	18					
10855	135322	0	61002			3	25000
10856	135322	1	61002			3	25000
10857	135323	1	60301	61301		1	2000
10858	135323	2	60302	61302		1	3000
10859	135323	3	60303	61303		1	4000
10860	135323	4	60304	61304		1	5000
10861	135323	5	60305	61305		2	6000
10862	135323	6	60306	61306		2	7000
10863	135323	7	60307	61307		2	8000
10864	135323	8	60308	61308		2	9000
10865	135323	9	60309	61309		2	10000
10866	135323	10	60310	61310		3	12000
10867	135323	11	60311	61311		3	14000
10868	135323	12	60312	61312		3	16000
10869	135323	13	60313	61313		3	18000
10870	135323	14	60314	61314		3	20000
10871	135323	15	60315	61315		5	22000
10872	135323	16	60316	61316		5	24000
10873	135323	17	60317	61317		5	26000
10874	135323	18					
10875	135324	0	62004			2	20000
10876	135324	1	62005			3	30000
10877	135324	2	62005			5	50000
10878	135325	0	62006			3	35000
10879	135325	1	62007			4	40000
10880	135325	2	62007			7	75000
10881	135326	0	62008			3	30000
10882	135326	1	62009			3	30000
10883	135326	2	62010			4	40000
10884	135326	3	62010			10	100000
10885	135327	0	60470				
10886	135327	1	60470				
10887	135328	1	60101			1	2000
10888	135328	2	60102			1	3000
10889	135328	3	60103			1	4000
10890	135328	4	60104			1	5000
10891	135328	5	60105			2	6000
10892	135328	6	60106			2	7000
10893	135328	7	60107			2	8000
10894	135328	8	60108			2	9000
10895	135328	9	60109			2	10000
10896	135328	10	60110			3	12000
10897	135328	11	60111			3	14000
10898	135328	12	60112			3	16000
10899	135328	13	60113			3	18000
10900	135328	14	60114			3	20000
10901	135328	15	60115			5	22000
10902	135328	16	60116			5	24000
10903	135328	17	60117			5	26000
10904	135328	18					
10905	136301	1	60001			1	2000
10906	136301	2	60002			1	3000
10907	136301	3	60003			1	4000
10908	136301	4	60004			1	5000
10909	136301	5	60005			2	6000
10910	136301	6	60006			2	7000
10911	136301	7	60007			2	8000
10912	136301	8	60008			2	9000
10913	136301	9	60009			2	10000
10914	136301	10	60010			3	12000
10915	136301	11	60011			3	14000
10916	136301	12	60012			3	16000
10917	136301	13	60013			3	18000
10918	136301	14	60014			3	20000
10919	136301	15	60015			5	22000
10920	136301	16	60016			5	24000
10921	136301	17	60017			5	26000
10922	136301	18					
10923	136306	1	60101			1	2000
10924	136306	2	60102			1	3000
10925	136306	3	60103			1	4000
10926	136306	4	60104			1	5000
10927	136306	5	60105			2	6000
10928	136306	6	60106			2	7000
10929	136306	7	60107			2	8000
10930	136306	8	60108			2	9000
10931	136306	9	60109			2	10000
10932	136306	10	60110			3	12000
10933	136306	11	60111			3	14000
10934	136306	12	60112			3	16000
10935	136306	13	60113			3	18000
10936	136306	14	60114			3	20000
10937	136306	15	60115			5	22000
10938	136306	16	60116			5	24000
10939	136306	17	60117			5	26000
10940	136306	18					
10941	136311	1	60201			1	2000
10942	136311	2	60202			1	3000
10943	136311	3	60203			1	4000
10944	136311	4	60204			1	5000
10945	136311	5	60205			2	6000
10946	136311	6	60206			2	7000
10947	136311	7	60207			2	8000
10948	136311	8	60208			2	9000
10949	136311	9	60209			2	10000
10950	136311	10	60210			3	12000
10951	136311	11	60211			3	14000
10952	136311	12	60212			3	16000
10953	136311	13	60213			3	18000
10954	136311	14	60214			3	20000
10955	136311	15	60215			5	22000
10956	136311	16	60216			5	24000
10957	136311	17	60217			5	26000
10958	136311	18					
10959	136316	1	60001			1	2000
10960	136316	2	60002			1	3000
10961	136316	3	60003			1	4000
10962	136316	4	60004			1	5000
10963	136316	5	60005			2	6000
10964	136316	6	60006			2	7000
10965	136316	7	60007			2	8000
10966	136316	8	60008			2	9000
10967	136316	9	60009			2	10000
10968	136316	10	60010			3	12000
10969	136316	11	60011			3	14000
10970	136316	12	60012			3	16000
10971	136316	13	60013			3	18000
10972	136316	14	60014			3	20000
10973	136316	15	60015			5	22000
10974	136316	16	60016			5	24000
10975	136316	17	60017			5	26000
10976	136316	18					
10977	136317	1	60101			1	2000
10978	136317	2	60102			1	3000
10979	136317	3	60103			1	4000
10980	136317	4	60104			1	5000
10981	136317	5	60105			2	6000
10982	136317	6	60106			2	7000
10983	136317	7	60107			2	8000
10984	136317	8	60108			2	9000
10985	136317	9	60109			2	10000
10986	136317	10	60110			3	12000
10987	136317	11	60111			3	14000
10988	136317	12	60112			3	16000
10989	136317	13	60113			3	18000
10990	136317	14	60114			3	20000
10991	136317	15	60115			5	22000
10992	136317	16	60116			5	24000
10993	136317	17	60117			5	26000
10994	136317	18					
10995	136318	1	60501			1	2000
10996	136318	2	60502			1	3000
10997	136318	3	60503			1	4000
10998	136318	4	60504			1	5000
10999	136318	5	60505			2	6000
11000	136318	6	60506			2	7000
11001	136318	7	60507			2	8000
11002	136318	8	60508			2	9000
11003	136318	9	60509			2	10000
11004	136318	10	60510			3	12000
11005	136318	11	60511			3	14000
11006	136318	12	60512			3	16000
11007	136318	13	60513			3	18000
11008	136318	14	60514			3	20000
11009	136318	15	60515			5	22000
11010	136318	16	60516			5	24000
11011	136318	17	60517			5	26000
11012	136318	18					
11013	136321	1	60201			1	2000
11014	136321	2	60202			1	3000
11015	136321	3	60203			1	4000
11016	136321	4	60204			1	5000
11017	136321	5	60205			2	6000
11018	136321	6	60206			2	7000
11019	136321	7	60207			2	8000
11020	136321	8	60208			2	9000
11021	136321	9	60209			2	10000
11022	136321	10	60210			3	12000
11023	136321	11	60211			3	14000
11024	136321	12	60212			3	16000
11025	136321	13	60213			3	18000
11026	136321	14	60214			3	20000
11027	136321	15	60215			5	22000
11028	136321	16	60216			5	24000
11029	136321	17	60217			5	26000
11030	136321	18					
11031	136322	0	61002			3	25000
11032	136322	1	61002			3	25000
11033	136323	1	60301	61301		1	2000
11034	136323	2	60302	61302		1	3000
11035	136323	3	60303	61303		1	4000
11036	136323	4	60304	61304		1	5000
11037	136323	5	60305	61305		2	6000
11038	136323	6	60306	61306		2	7000
11039	136323	7	60307	61307		2	8000
11040	136323	8	60308	61308		2	9000
11041	136323	9	60309	61309		2	10000
11042	136323	10	60310	61310		3	12000
11043	136323	11	60311	61311		3	14000
11044	136323	12	60312	61312		3	16000
11045	136323	13	60313	61313		3	18000
11046	136323	14	60314	61314		3	20000
11047	136323	15	60315	61315		5	22000
11048	136323	16	60316	61316		5	24000
11049	136323	17	60317	61317		5	26000
11050	136323	18					
11051	136324	0	62004			2	20000
11052	136324	1	62005			3	30000
11053	136324	2	62005			5	50000
11054	136325	0	62006			3	35000
11055	136325	1	62007			4	40000
11056	136325	2	62007			7	75000
11057	136326	0	62008			3	30000
11058	136326	1	62009			3	30000
11059	136326	2	62010			4	40000
11060	136326	3	62010			10	100000
11061	136327	0	60471				
11062	136327	1	60471				
11063	137201	1	60001			1	2000
11064	137201	2	60002			1	3000
11065	137201	3	60003			1	4000
11066	137201	4	60004			1	5000
11067	137201	5	60005			2	6000
11068	137201	6	60006			2	7000
11069	137201	7	60007			2	8000
11070	137201	8	60008			2	9000
11071	137201	9	60009			2	10000
11072	137201	10	60010			3	12000
11073	137201	11	60011			3	14000
11074	137201	12	60012			3	16000
11075	137201	13	60013			3	18000
11076	137201	14	60014			3	20000
11077	137201	15	60015			5	22000
11078	137201	16	60016			5	24000
11079	137201	17	60017			5	26000
11080	137201	18					
11081	137206	1	60101			1	2000
11082	137206	2	60102			1	3000
11083	137206	3	60103			1	4000
11084	137206	4	60104			1	5000
11085	137206	5	60105			2	6000
11086	137206	6	60106			2	7000
11087	137206	7	60107			2	8000
11088	137206	8	60108			2	9000
11089	137206	9	60109			2	10000
11090	137206	10	60110			3	12000
11091	137206	11	60111			3	14000
11092	137206	12	60112			3	16000
11093	137206	13	60113			3	18000
11094	137206	14	60114			3	20000
11095	137206	15	60115			5	22000
11096	137206	16	60116			5	24000
11097	137206	17	60117			5	26000
11098	137206	18					
11099	137211	1	60201			1	2000
11100	137211	2	60202			1	3000
11101	137211	3	60203			1	4000
11102	137211	4	60204			1	5000
11103	137211	5	60205			2	6000
11104	137211	6	60206			2	7000
11105	137211	7	60207			2	8000
11106	137211	8	60208			2	9000
11107	137211	9	60209			2	10000
11108	137211	10	60210			3	12000
11109	137211	11	60211			3	14000
11110	137211	12	60212			3	16000
11111	137211	13	60213			3	18000
11112	137211	14	60214			3	20000
11113	137211	15	60215			5	22000
11114	137211	16	60216			5	24000
11115	137211	17	60217			5	26000
11116	137211	18					
11117	137216	1	60001			1	2000
11118	137216	2	60002			1	3000
11119	137216	3	60003			1	4000
11120	137216	4	60004			1	5000
11121	137216	5	60005			2	6000
11122	137216	6	60006			2	7000
11123	137216	7	60007			2	8000
11124	137216	8	60008			2	9000
11125	137216	9	60009			2	10000
11126	137216	10	60010			3	12000
11127	137216	11	60011			3	14000
11128	137216	12	60012			3	16000
11129	137216	13	60013			3	18000
11130	137216	14	60014			3	20000
11131	137216	15	60015			5	22000
11132	137216	16	60016			5	24000
11133	137216	17	60017			5	26000
11134	137216	18					
11135	137217	1	60101			1	2000
11136	137217	2	60102			1	3000
11137	137217	3	60103			1	4000
11138	137217	4	60104			1	5000
11139	137217	5	60105			2	6000
11140	137217	6	60106			2	7000
11141	137217	7	60107			2	8000
11142	137217	8	60108			2	9000
11143	137217	9	60109			2	10000
11144	137217	10	60110			3	12000
11145	137217	11	60111			3	14000
11146	137217	12	60112			3	16000
11147	137217	13	60113			3	18000
11148	137217	14	60114			3	20000
11149	137217	15	60115			5	22000
11150	137217	16	60116			5	24000
11151	137217	17	60117			5	26000
11152	137217	18					
11153	137218	1	60501			1	2000
11154	137218	2	60502			1	3000
11155	137218	3	60503			1	4000
11156	137218	4	60504			1	5000
11157	137218	5	60505			2	6000
11158	137218	6	60506			2	7000
11159	137218	7	60507			2	8000
11160	137218	8	60508			2	9000
11161	137218	9	60509			2	10000
11162	137218	10	60510			3	12000
11163	137218	11	60511			3	14000
11164	137218	12	60512			3	16000
11165	137218	13	60513			3	18000
11166	137218	14	60514			3	20000
11167	137218	15	60515			5	22000
11168	137218	16	60516			5	24000
11169	137218	17	60517			5	26000
11170	137218	18					
11171	137221	1	60201			1	2000
11172	137221	2	60202			1	3000
11173	137221	3	60203			1	4000
11174	137221	4	60204			1	5000
11175	137221	5	60205			2	6000
11176	137221	6	60206			2	7000
11177	137221	7	60207			2	8000
11178	137221	8	60208			2	9000
11179	137221	9	60209			2	10000
11180	137221	10	60210			3	12000
11181	137221	11	60211			3	14000
11182	137221	12	60212			3	16000
11183	137221	13	60213			3	18000
11184	137221	14	60214			3	20000
11185	137221	15	60215			5	22000
11186	137221	16	60216			5	24000
11187	137221	17	60217			5	26000
11188	137221	18					
11189	137222	0	61002			3	25000
11190	137222	1	61002			3	25000
11191	137223	1	60301	61301		1	2000
11192	137223	2	60302	61302		1	3000
11193	137223	3	60303	61303		1	4000
11194	137223	4	60304	61304		1	5000
11195	137223	5	60305	61305		2	6000
11196	137223	6	60306	61306		2	7000
11197	137223	7	60307	61307		2	8000
11198	137223	8	60308	61308		2	9000
11199	137223	9	60309	61309		2	10000
11200	137223	10	60310	61310		3	12000
11201	137223	11	60311	61311		3	14000
11202	137223	12	60312	61312		3	16000
11203	137223	13	60313	61313		3	18000
11204	137223	14	60314	61314		3	20000
11205	137223	15	60315	61315		5	22000
11206	137223	16	60316	61316		5	24000
11207	137223	17	60317	61317		5	26000
11208	137223	18					
11209	137224	0	62004			2	20000
11210	137224	1	62005			3	30000
11211	137224	2	62005			5	50000
11212	137225	0	62006			3	35000
11213	137225	1	62007			4	40000
11214	137225	2	62007			7	75000
11215	137226	0	62008			3	30000
11216	137226	1	62009			3	30000
11217	137226	2	62010			4	40000
11218	137226	3	62010			10	100000
11219	137227	0	60473				
11220	137227	1	60473				
11221	138301	1	60001			1	2000
11222	138301	2	60002			1	3000
11223	138301	3	60003			1	4000
11224	138301	4	60004			1	5000
11225	138301	5	60005			2	6000
11226	138301	6	60006			2	7000
11227	138301	7	60007			2	8000
11228	138301	8	60008			2	9000
11229	138301	9	60009			2	10000
11230	138301	10	60010			3	12000
11231	138301	11	60011			3	14000
11232	138301	12	60012			3	16000
11233	138301	13	60013			3	18000
11234	138301	14	60014			3	20000
11235	138301	15	60015			5	22000
11236	138301	16	60016			5	24000
11237	138301	17	60017			5	26000
11238	138301	18					
11239	138306	1	60101			1	2000
11240	138306	2	60102			1	3000
11241	138306	3	60103			1	4000
11242	138306	4	60104			1	5000
11243	138306	5	60105			2	6000
11244	138306	6	60106			2	7000
11245	138306	7	60107			2	8000
11246	138306	8	60108			2	9000
11247	138306	9	60109			2	10000
11248	138306	10	60110			3	12000
11249	138306	11	60111			3	14000
11250	138306	12	60112			3	16000
11251	138306	13	60113			3	18000
11252	138306	14	60114			3	20000
11253	138306	15	60115			5	22000
11254	138306	16	60116			5	24000
11255	138306	17	60117			5	26000
11256	138306	18					
11257	138311	1	60201			1	2000
11258	138311	2	60202			1	3000
11259	138311	3	60203			1	4000
11260	138311	4	60204			1	5000
11261	138311	5	60205			2	6000
11262	138311	6	60206			2	7000
11263	138311	7	60207			2	8000
11264	138311	8	60208			2	9000
11265	138311	9	60209			2	10000
11266	138311	10	60210			3	12000
11267	138311	11	60211			3	14000
11268	138311	12	60212			3	16000
11269	138311	13	60213			3	18000
11270	138311	14	60214			3	20000
11271	138311	15	60215			5	22000
11272	138311	16	60216			5	24000
11273	138311	17	60217			5	26000
11274	138311	18					
11275	138316	1	60001			1	2000
11276	138316	2	60002			1	3000
11277	138316	3	60003			1	4000
11278	138316	4	60004			1	5000
11279	138316	5	60005			2	6000
11280	138316	6	60006			2	7000
11281	138316	7	60007			2	8000
11282	138316	8	60008			2	9000
11283	138316	9	60009			2	10000
11284	138316	10	60010			3	12000
11285	138316	11	60011			3	14000
11286	138316	12	60012			3	16000
11287	138316	13	60013			3	18000
11288	138316	14	60014			3	20000
11289	138316	15	60015			5	22000
11290	138316	16	60016			5	24000
11291	138316	17	60017			5	26000
11292	138316	18					
11293	138317	1	60101			1	2000
11294	138317	2	60102			1	3000
11295	138317	3	60103			1	4000
11296	138317	4	60104			1	5000
11297	138317	5	60105			2	6000
11298	138317	6	60106			2	7000
11299	138317	7	60107			2	8000
11300	138317	8	60108			2	9000
11301	138317	9	60109			2	10000
11302	138317	10	60110			3	12000
11303	138317	11	60111			3	14000
11304	138317	12	60112			3	16000
11305	138317	13	60113			3	18000
11306	138317	14	60114			3	20000
11307	138317	15	60115			5	22000
11308	138317	16	60116			5	24000
11309	138317	17	60117			5	26000
11310	138317	18					
11311	138318	1	60501			1	2000
11312	138318	2	60502			1	3000
11313	138318	3	60503			1	4000
11314	138318	4	60504			1	5000
11315	138318	5	60505			2	6000
11316	138318	6	60506			2	7000
11317	138318	7	60507			2	8000
11318	138318	8	60508			2	9000
11319	138318	9	60509			2	10000
11320	138318	10	60510			3	12000
11321	138318	11	60511			3	14000
11322	138318	12	60512			3	16000
11323	138318	13	60513			3	18000
11324	138318	14	60514			3	20000
11325	138318	15	60515			5	22000
11326	138318	16	60516			5	24000
11327	138318	17	60517			5	26000
11328	138318	18					
11329	138321	1	60201			1	2000
11330	138321	2	60202			1	3000
11331	138321	3	60203			1	4000
11332	138321	4	60204			1	5000
11333	138321	5	60205			2	6000
11334	138321	6	60206			2	7000
11335	138321	7	60207			2	8000
11336	138321	8	60208			2	9000
11337	138321	9	60209			2	10000
11338	138321	10	60210			3	12000
11339	138321	11	60211			3	14000
11340	138321	12	60212			3	16000
11341	138321	13	60213			3	18000
11342	138321	14	60214			3	20000
11343	138321	15	60215			5	22000
11344	138321	16	60216			5	24000
11345	138321	17	60217			5	26000
11346	138321	18					
11347	138322	0	61002			3	25000
11348	138322	1	61002			3	25000
11349	138323	1	60301	61301		1	2000
11350	138323	2	60302	61302		1	3000
11351	138323	3	60303	61303		1	4000
11352	138323	4	60304	61304		1	5000
11353	138323	5	60305	61305		2	6000
11354	138323	6	60306	61306		2	7000
11355	138323	7	60307	61307		2	8000
11356	138323	8	60308	61308		2	9000
11357	138323	9	60309	61309		2	10000
11358	138323	10	60310	61310		3	12000
11359	138323	11	60311	61311		3	14000
11360	138323	12	60312	61312		3	16000
11361	138323	13	60313	61313		3	18000
11362	138323	14	60314	61314		3	20000
11363	138323	15	60315	61315		5	22000
11364	138323	16	60316	61316		5	24000
11365	138323	17	60317	61317		5	26000
11366	138323	18					
11367	138324	0	62004			2	20000
11368	138324	1	62005			3	30000
11369	138324	2	62005			5	50000
11370	138325	0	62006			3	35000
11371	138325	1	62007			4	40000
11372	138325	2	62007			7	75000
11373	138326	0	62008			3	30000
11374	138326	1	62009			3	30000
11375	138326	2	62010			4	40000
11376	138326	3	62010			10	100000
11377	138327	0	60474				
11378	138327	1	60474				
11379	139301	1	60001			1	2000
11380	139301	2	60002			1	3000
11381	139301	3	60003			1	4000
11382	139301	4	60004			1	5000
11383	139301	5	60005			2	6000
11384	139301	6	60006			2	7000
11385	139301	7	60007			2	8000
11386	139301	8	60008			2	9000
11387	139301	9	60009			2	10000
11388	139301	10	60010			3	12000
11389	139301	11	60011			3	14000
11390	139301	12	60012			3	16000
11391	139301	13	60013			3	18000
11392	139301	14	60014			3	20000
11393	139301	15	60015			5	22000
11394	139301	16	60016			5	24000
11395	139301	17	60017			5	26000
11396	139301	18					
11397	139306	1	60101			1	2000
11398	139306	2	60102			1	3000
11399	139306	3	60103			1	4000
11400	139306	4	60104			1	5000
11401	139306	5	60105			2	6000
11402	139306	6	60106			2	7000
11403	139306	7	60107			2	8000
11404	139306	8	60108			2	9000
11405	139306	9	60109			2	10000
11406	139306	10	60110			3	12000
11407	139306	11	60111			3	14000
11408	139306	12	60112			3	16000
11409	139306	13	60113			3	18000
11410	139306	14	60114			3	20000
11411	139306	15	60115			5	22000
11412	139306	16	60116			5	24000
11413	139306	17	60117			5	26000
11414	139306	18					
11415	139311	1	60201			1	2000
11416	139311	2	60202			1	3000
11417	139311	3	60203			1	4000
11418	139311	4	60204			1	5000
11419	139311	5	60205			2	6000
11420	139311	6	60206			2	7000
11421	139311	7	60207			2	8000
11422	139311	8	60208			2	9000
11423	139311	9	60209			2	10000
11424	139311	10	60210			3	12000
11425	139311	11	60211			3	14000
11426	139311	12	60212			3	16000
11427	139311	13	60213			3	18000
11428	139311	14	60214			3	20000
11429	139311	15	60215			5	22000
11430	139311	16	60216			5	24000
11431	139311	17	60217			5	26000
11432	139311	18					
11433	139316	1	60001			1	2000
11434	139316	2	60002			1	3000
11435	139316	3	60003			1	4000
11436	139316	4	60004			1	5000
11437	139316	5	60005			2	6000
11438	139316	6	60006			2	7000
11439	139316	7	60007			2	8000
11440	139316	8	60008			2	9000
11441	139316	9	60009			2	10000
11442	139316	10	60010			3	12000
11443	139316	11	60011			3	14000
11444	139316	12	60012			3	16000
11445	139316	13	60013			3	18000
11446	139316	14	60014			3	20000
11447	139316	15	60015			5	22000
11448	139316	16	60016			5	24000
11449	139316	17	60017			5	26000
11450	139316	18					
11451	139317	1	60101			1	2000
11452	139317	2	60102			1	3000
11453	139317	3	60103			1	4000
11454	139317	4	60104			1	5000
11455	139317	5	60105			2	6000
11456	139317	6	60106			2	7000
11457	139317	7	60107			2	8000
11458	139317	8	60108			2	9000
11459	139317	9	60109			2	10000
11460	139317	10	60110			3	12000
11461	139317	11	60111			3	14000
11462	139317	12	60112			3	16000
11463	139317	13	60113			3	18000
11464	139317	14	60114			3	20000
11465	139317	15	60115			5	22000
11466	139317	16	60116			5	24000
11467	139317	17	60117			5	26000
11468	139317	18					
11469	139318	1	60501			1	2000
11470	139318	2	60502			1	3000
11471	139318	3	60503			1	4000
11472	139318	4	60504			1	5000
11473	139318	5	60505			2	6000
11474	139318	6	60506			2	7000
11475	139318	7	60507			2	8000
11476	139318	8	60508			2	9000
11477	139318	9	60509			2	10000
11478	139318	10	60510			3	12000
11479	139318	11	60511			3	14000
11480	139318	12	60512			3	16000
11481	139318	13	60513			3	18000
11482	139318	14	60514			3	20000
11483	139318	15	60515			5	22000
11484	139318	16	60516			5	24000
11485	139318	17	60517			5	26000
11486	139318	18					
11487	139321	1	60201			1	2000
11488	139321	2	60202			1	3000
11489	139321	3	60203			1	4000
11490	139321	4	60204			1	5000
11491	139321	5	60205			2	6000
11492	139321	6	60206			2	7000
11493	139321	7	60207			2	8000
11494	139321	8	60208			2	9000
11495	139321	9	60209			2	10000
11496	139321	10	60210			3	12000
11497	139321	11	60211			3	14000
11498	139321	12	60212			3	16000
11499	139321	13	60213			3	18000
11500	139321	14	60214			3	20000
11501	139321	15	60215			5	22000
11502	139321	16	60216			5	24000
11503	139321	17	60217			5	26000
11504	139321	18					
11505	139322	0	61002			3	25000
11506	139322	1	61002			3	25000
11507	139323	1	60301	61301		1	2000
11508	139323	2	60302	61302		1	3000
11509	139323	3	60303	61303		1	4000
11510	139323	4	60304	61304		1	5000
11511	139323	5	60305	61305		2	6000
11512	139323	6	60306	61306		2	7000
11513	139323	7	60307	61307		2	8000
11514	139323	8	60308	61308		2	9000
11515	139323	9	60309	61309		2	10000
11516	139323	10	60310	61310		3	12000
11517	139323	11	60311	61311		3	14000
11518	139323	12	60312	61312		3	16000
11519	139323	13	60313	61313		3	18000
11520	139323	14	60314	61314		3	20000
11521	139323	15	60315	61315		5	22000
11522	139323	16	60316	61316		5	24000
11523	139323	17	60317	61317		5	26000
11524	139323	18					
11525	139324	0	62004			2	20000
11526	139324	1	62005			3	30000
11527	139324	2	62005			5	50000
11528	139325	0	62006			3	35000
11529	139325	1	62007			4	40000
11530	139325	2	62007			7	75000
11531	139326	0	62008			3	30000
11532	139326	1	62009			3	30000
11533	139326	2	62010			4	40000
11534	139326	3	62010			10	100000
11535	139327	0	60478				
11536	139327	1	60478				
11537	139328	1	60201			1	2000
11538	139328	2	60202			1	3000
11539	139328	3	60203			1	4000
11540	139328	4	60204			1	5000
11541	139328	5	60205			2	6000
11542	139328	6	60206			2	7000
11543	139328	7	60207			2	8000
11544	139328	8	60208			2	9000
11545	139328	9	60209			2	10000
11546	139328	10	60210			3	12000
11547	139328	11	60211			3	14000
11548	139328	12	60212			3	16000
11549	139328	13	60213			3	18000
11550	139328	14	60214			3	20000
11551	139328	15	60215			5	22000
11552	139328	16	60216			5	24000
11553	139328	17	60217			5	26000
11554	139328	18					
11555	140301	1	60001			1	2000
11556	140301	2	60002			1	3000
11557	140301	3	60003			1	4000
11558	140301	4	60004			1	5000
11559	140301	5	60005			2	6000
11560	140301	6	60006			2	7000
11561	140301	7	60007			2	8000
11562	140301	8	60008			2	9000
11563	140301	9	60009			2	10000
11564	140301	10	60010			3	12000
11565	140301	11	60011			3	14000
11566	140301	12	60012			3	16000
11567	140301	13	60013			3	18000
11568	140301	14	60014			3	20000
11569	140301	15	60015			5	22000
11570	140301	16	60016			5	24000
11571	140301	17	60017			5	26000
11572	140301	18					
11573	140306	1	60101			1	2000
11574	140306	2	60102			1	3000
11575	140306	3	60103			1	4000
11576	140306	4	60104			1	5000
11577	140306	5	60105			2	6000
11578	140306	6	60106			2	7000
11579	140306	7	60107			2	8000
11580	140306	8	60108			2	9000
11581	140306	9	60109			2	10000
11582	140306	10	60110			3	12000
11583	140306	11	60111			3	14000
11584	140306	12	60112			3	16000
11585	140306	13	60113			3	18000
11586	140306	14	60114			3	20000
11587	140306	15	60115			5	22000
11588	140306	16	60116			5	24000
11589	140306	17	60117			5	26000
11590	140306	18					
11591	140311	1	60201			1	2000
11592	140311	2	60202			1	3000
11593	140311	3	60203			1	4000
11594	140311	4	60204			1	5000
11595	140311	5	60205			2	6000
11596	140311	6	60206			2	7000
11597	140311	7	60207			2	8000
11598	140311	8	60208			2	9000
11599	140311	9	60209			2	10000
11600	140311	10	60210			3	12000
11601	140311	11	60211			3	14000
11602	140311	12	60212			3	16000
11603	140311	13	60213			3	18000
11604	140311	14	60214			3	20000
11605	140311	15	60215			5	22000
11606	140311	16	60216			5	24000
11607	140311	17	60217			5	26000
11608	140311	18					
11609	140316	1	60001			1	2000
11610	140316	2	60002			1	3000
11611	140316	3	60003			1	4000
11612	140316	4	60004			1	5000
11613	140316	5	60005			2	6000
11614	140316	6	60006			2	7000
11615	140316	7	60007			2	8000
11616	140316	8	60008			2	9000
11617	140316	9	60009			2	10000
11618	140316	10	60010			3	12000
11619	140316	11	60011			3	14000
11620	140316	12	60012			3	16000
11621	140316	13	60013			3	18000
11622	140316	14	60014			3	20000
11623	140316	15	60015			5	22000
11624	140316	16	60016			5	24000
11625	140316	17	60017			5	26000
11626	140316	18					
11627	140317	1	60101			1	2000
11628	140317	2	60102			1	3000
11629	140317	3	60103			1	4000
11630	140317	4	60104			1	5000
11631	140317	5	60105			2	6000
11632	140317	6	60106			2	7000
11633	140317	7	60107			2	8000
11634	140317	8	60108			2	9000
11635	140317	9	60109			2	10000
11636	140317	10	60110			3	12000
11637	140317	11	60111			3	14000
11638	140317	12	60112			3	16000
11639	140317	13	60113			3	18000
11640	140317	14	60114			3	20000
11641	140317	15	60115			5	22000
11642	140317	16	60116			5	24000
11643	140317	17	60117			5	26000
11644	140317	18					
11645	140318	1	60501			1	2000
11646	140318	2	60502			1	3000
11647	140318	3	60503			1	4000
11648	140318	4	60504			1	5000
11649	140318	5	60505			2	6000
11650	140318	6	60506			2	7000
11651	140318	7	60507			2	8000
11652	140318	8	60508			2	9000
11653	140318	9	60509			2	10000
11654	140318	10	60510			3	12000
11655	140318	11	60511			3	14000
11656	140318	12	60512			3	16000
11657	140318	13	60513			3	18000
11658	140318	14	60514			3	20000
11659	140318	15	60515			5	22000
11660	140318	16	60516			5	24000
11661	140318	17	60517			5	26000
11662	140318	18					
11663	140321	1	60201			1	2000
11664	140321	2	60202			1	3000
11665	140321	3	60203			1	4000
11666	140321	4	60204			1	5000
11667	140321	5	60205			2	6000
11668	140321	6	60206			2	7000
11669	140321	7	60207			2	8000
11670	140321	8	60208			2	9000
11671	140321	9	60209			2	10000
11672	140321	10	60210			3	12000
11673	140321	11	60211			3	14000
11674	140321	12	60212			3	16000
11675	140321	13	60213			3	18000
11676	140321	14	60214			3	20000
11677	140321	15	60215			5	22000
11678	140321	16	60216			5	24000
11679	140321	17	60217			5	26000
11680	140321	18					
11681	140322	0	61002			3	25000
11682	140322	1	61002			3	25000
11683	140323	1	60301	61301		1	2000
11684	140323	2	60302	61302		1	3000
11685	140323	3	60303	61303		1	4000
11686	140323	4	60304	61304		1	5000
11687	140323	5	60305	61305		2	6000
11688	140323	6	60306	61306		2	7000
11689	140323	7	60307	61307		2	8000
11690	140323	8	60308	61308		2	9000
11691	140323	9	60309	61309		2	10000
11692	140323	10	60310	61310		3	12000
11693	140323	11	60311	61311		3	14000
11694	140323	12	60312	61312		3	16000
11695	140323	13	60313	61313		3	18000
11696	140323	14	60314	61314		3	20000
11697	140323	15	60315	61315		5	22000
11698	140323	16	60316	61316		5	24000
11699	140323	17	60317	61317		5	26000
11700	140323	18					
11701	140324	0	62004			2	20000
11702	140324	1	62005			3	30000
11703	140324	2	62005			5	50000
11704	140325	0	62006			3	35000
11705	140325	1	62007			4	40000
11706	140325	2	62007			7	75000
11707	140326	0	62008			3	30000
11708	140326	1	62009			3	30000
11709	140326	2	62010			4	40000
11710	140326	3	62010			10	100000
11711	140327	0	60481				
11712	140327	1	60481				
11713	152301	1	60001			1	2000
11714	152301	2	60002			1	3000
11715	152301	3	60003			1	4000
11716	152301	4	60004			1	5000
11717	152301	5	60005			2	6000
11718	152301	6	60006			2	7000
11719	152301	7	60007			2	8000
11720	152301	8	60008			2	9000
11721	152301	9	60009			2	10000
11722	152301	10	60010			3	12000
11723	152301	11	60011			3	14000
11724	152301	12	60012			3	16000
11725	152301	13	60013			3	18000
11726	152301	14	60014			3	20000
11727	152301	15	60015			5	22000
11728	152301	16	60016			5	24000
11729	152301	17	60017			5	26000
11730	152301	18					
11731	152306	1	60101			1	2000
11732	152306	2	60102			1	3000
11733	152306	3	60103			1	4000
11734	152306	4	60104			1	5000
11735	152306	5	60105			2	6000
11736	152306	6	60106			2	7000
11737	152306	7	60107			2	8000
11738	152306	8	60108			2	9000
11739	152306	9	60109			2	10000
11740	152306	10	60110			3	12000
11741	152306	11	60111			3	14000
11742	152306	12	60112			3	16000
11743	152306	13	60113			3	18000
11744	152306	14	60114			3	20000
11745	152306	15	60115			5	22000
11746	152306	16	60116			5	24000
11747	152306	17	60117			5	26000
11748	152306	18					
11749	152311	1	60201			1	2000
11750	152311	2	60202			1	3000
11751	152311	3	60203			1	4000
11752	152311	4	60204			1	5000
11753	152311	5	60205			2	6000
11754	152311	6	60206			2	7000
11755	152311	7	60207			2	8000
11756	152311	8	60208			2	9000
11757	152311	9	60209			2	10000
11758	152311	10	60210			3	12000
11759	152311	11	60211			3	14000
11760	152311	12	60212			3	16000
11761	152311	13	60213			3	18000
11762	152311	14	60214			3	20000
11763	152311	15	60215			5	22000
11764	152311	16	60216			5	24000
11765	152311	17	60217			5	26000
11766	152311	18					
11767	152316	1	60001			1	2000
11768	152316	2	60002			1	3000
11769	152316	3	60003			1	4000
11770	152316	4	60004			1	5000
11771	152316	5	60005			2	6000
11772	152316	6	60006			2	7000
11773	152316	7	60007			2	8000
11774	152316	8	60008			2	9000
11775	152316	9	60009			2	10000
11776	152316	10	60010			3	12000
11777	152316	11	60011			3	14000
11778	152316	12	60012			3	16000
11779	152316	13	60013			3	18000
11780	152316	14	60014			3	20000
11781	152316	15	60015			5	22000
11782	152316	16	60016			5	24000
11783	152316	17	60017			5	26000
11784	152316	18					
11785	152317	1	60101			1	2000
11786	152317	2	60102			1	3000
11787	152317	3	60103			1	4000
11788	152317	4	60104			1	5000
11789	152317	5	60105			2	6000
11790	152317	6	60106			2	7000
11791	152317	7	60107			2	8000
11792	152317	8	60108			2	9000
11793	152317	9	60109			2	10000
11794	152317	10	60110			3	12000
11795	152317	11	60111			3	14000
11796	152317	12	60112			3	16000
11797	152317	13	60113			3	18000
11798	152317	14	60114			3	20000
11799	152317	15	60115			5	22000
11800	152317	16	60116			5	24000
11801	152317	17	60117			5	26000
11802	152317	18					
11803	152318	1	60501			1	2000
11804	152318	2	60502			1	3000
11805	152318	3	60503			1	4000
11806	152318	4	60504			1	5000
11807	152318	5	60505			2	6000
11808	152318	6	60506			2	7000
11809	152318	7	60507			2	8000
11810	152318	8	60508			2	9000
11811	152318	9	60509			2	10000
11812	152318	10	60510			3	12000
11813	152318	11	60511			3	14000
11814	152318	12	60512			3	16000
11815	152318	13	60513			3	18000
11816	152318	14	60514			3	20000
11817	152318	15	60515			5	22000
11818	152318	16	60516			5	24000
11819	152318	17	60517			5	26000
11820	152318	18					
11821	152321	1	60201			1	2000
11822	152321	2	60202			1	3000
11823	152321	3	60203			1	4000
11824	152321	4	60204			1	5000
11825	152321	5	60205			2	6000
11826	152321	6	60206			2	7000
11827	152321	7	60207			2	8000
11828	152321	8	60208			2	9000
11829	152321	9	60209			2	10000
11830	152321	10	60210			3	12000
11831	152321	11	60211			3	14000
11832	152321	12	60212			3	16000
11833	152321	13	60213			3	18000
11834	152321	14	60214			3	20000
11835	152321	15	60215			5	22000
11836	152321	16	60216			5	24000
11837	152321	17	60217			5	26000
11838	152321	18					
11839	152322	0	61002			3	25000
11840	152322	1	61002			3	25000
11841	152323	1	60301	61301		1	2000
11842	152323	2	60302	61302		1	3000
11843	152323	3	60303	61303		1	4000
11844	152323	4	60304	61304		1	5000
11845	152323	5	60305	61305		2	6000
11846	152323	6	60306	61306		2	7000
11847	152323	7	60307	61307		2	8000
11848	152323	8	60308	61308		2	9000
11849	152323	9	60309	61309		2	10000
11850	152323	10	60310	61310		3	12000
11851	152323	11	60311	61311		3	14000
11852	152323	12	60312	61312		3	16000
11853	152323	13	60313	61313		3	18000
11854	152323	14	60314	61314		3	20000
11855	152323	15	60315	61315		5	22000
11856	152323	16	60316	61316		5	24000
11857	152323	17	60317	61317		5	26000
11858	152323	18					
11859	152324	0	61010			5	50000
11860	152324	1	61010			5	50000
11861	152325	0	61011			7	75000
11862	152325	1	61011			7	75000
11863	152326	0	61012			10	100000
11864	152326	1	61012			10	100000
11865	152327	0	60425				
11866	152327	1	60425				
11867	152401	1	60001			1	2000
11868	152401	2	60002			1	3000
11869	152401	3	60003			1	4000
11870	152401	4	60004			1	5000
11871	152401	5	60005			2	6000
11872	152401	6	60006			2	7000
11873	152401	7	60007			2	8000
11874	152401	8	60008			2	9000
11875	152401	9	60009			2	10000
11876	152401	10	60010			3	12000
11877	152401	11	60011			3	14000
11878	152401	12	60012			3	16000
11879	152401	13	60013			3	18000
11880	152401	14	60014			3	20000
11881	152401	15	60015			5	22000
11882	152401	16	60016			5	24000
11883	152401	17	60017			5	26000
11884	152401	18					
11885	152406	1	60101			1	2000
11886	152406	2	60102			1	3000
11887	152406	3	60103			1	4000
11888	152406	4	60104			1	5000
11889	152406	5	60105			2	6000
11890	152406	6	60106			2	7000
11891	152406	7	60107			2	8000
11892	152406	8	60108			2	9000
11893	152406	9	60109			2	10000
11894	152406	10	60110			3	12000
11895	152406	11	60111			3	14000
11896	152406	12	60112			3	16000
11897	152406	13	60113			3	18000
11898	152406	14	60114			3	20000
11899	152406	15	60115			5	22000
11900	152406	16	60116			5	24000
11901	152406	17	60117			5	26000
11902	152406	18					
11903	152411	1	60201			1	2000
11904	152411	2	60202			1	3000
11905	152411	3	60203			1	4000
11906	152411	4	60204			1	5000
11907	152411	5	60205			2	6000
11908	152411	6	60206			2	7000
11909	152411	7	60207			2	8000
11910	152411	8	60208			2	9000
11911	152411	9	60209			2	10000
11912	152411	10	60210			3	12000
11913	152411	11	60211			3	14000
11914	152411	12	60212			3	16000
11915	152411	13	60213			3	18000
11916	152411	14	60214			3	20000
11917	152411	15	60215			5	22000
11918	152411	16	60216			5	24000
11919	152411	17	60217			5	26000
11920	152411	18					
11921	152416	1	60001			1	2000
11922	152416	2	60002			1	3000
11923	152416	3	60003			1	4000
11924	152416	4	60004			1	5000
11925	152416	5	60005			2	6000
11926	152416	6	60006			2	7000
11927	152416	7	60007			2	8000
11928	152416	8	60008			2	9000
11929	152416	9	60009			2	10000
11930	152416	10	60010			3	12000
11931	152416	11	60011			3	14000
11932	152416	12	60012			3	16000
11933	152416	13	60013			3	18000
11934	152416	14	60014			3	20000
11935	152416	15	60015			5	22000
11936	152416	16	60016			5	24000
11937	152416	17	60017			5	26000
11938	152416	18					
11939	152417	1	60101			1	2000
11940	152417	2	60102			1	3000
11941	152417	3	60103			1	4000
11942	152417	4	60104			1	5000
11943	152417	5	60105			2	6000
11944	152417	6	60106			2	7000
11945	152417	7	60107			2	8000
11946	152417	8	60108			2	9000
11947	152417	9	60109			2	10000
11948	152417	10	60110			3	12000
11949	152417	11	60111			3	14000
11950	152417	12	60112			3	16000
11951	152417	13	60113			3	18000
11952	152417	14	60114			3	20000
11953	152417	15	60115			5	22000
11954	152417	16	60116			5	24000
11955	152417	17	60117			5	26000
11956	152417	18					
11957	152418	1	60501			1	2000
11958	152418	2	60502			1	3000
11959	152418	3	60503			1	4000
11960	152418	4	60504			1	5000
11961	152418	5	60505			2	6000
11962	152418	6	60506			2	7000
11963	152418	7	60507			2	8000
11964	152418	8	60508			2	9000
11965	152418	9	60509			2	10000
11966	152418	10	60510			3	12000
11967	152418	11	60511			3	14000
11968	152418	12	60512			3	16000
11969	152418	13	60513			3	18000
11970	152418	14	60514			3	20000
11971	152418	15	60515			5	22000
11972	152418	16	60516			5	24000
11973	152418	17	60517			5	26000
11974	152418	18					
11975	152421	1	60201			1	2000
11976	152421	2	60202			1	3000
11977	152421	3	60203			1	4000
11978	152421	4	60204			1	5000
11979	152421	5	60205			2	6000
11980	152421	6	60206			2	7000
11981	152421	7	60207			2	8000
11982	152421	8	60208			2	9000
11983	152421	9	60209			2	10000
11984	152421	10	60210			3	12000
11985	152421	11	60211			3	14000
11986	152421	12	60212			3	16000
11987	152421	13	60213			3	18000
11988	152421	14	60214			3	20000
11989	152421	15	60215			5	22000
11990	152421	16	60216			5	24000
11991	152421	17	60217			5	26000
11992	152421	18					
11993	152422	0	61002			3	25000
11994	152422	1	61002			3	25000
11995	152423	1	60301	61301		1	2000
11996	152423	2	60302	61302		1	3000
11997	152423	3	60303	61303		1	4000
11998	152423	4	60304	61304		1	5000
11999	152423	5	60305	61305		2	6000
12000	152423	6	60306	61306		2	7000
12001	152423	7	60307	61307		2	8000
12002	152423	8	60308	61308		2	9000
12003	152423	9	60309	61309		2	10000
12004	152423	10	60310	61310		3	12000
12005	152423	11	60311	61311		3	14000
12006	152423	12	60312	61312		3	16000
12007	152423	13	60313	61313		3	18000
12008	152423	14	60314	61314		3	20000
12009	152423	15	60315	61315		5	22000
12010	152423	16	60316	61316		5	24000
12011	152423	17	60317	61317		5	26000
12012	152423	18					
12013	152424	0	62004			2	20000
12014	152424	1	62005			3	30000
12015	152424	2	62005			5	50000
12016	152425	0	62006			3	35000
12017	152425	1	62007			4	40000
12018	152425	2	62007			7	75000
12019	152426	0	62008			3	30000
12020	152426	1	62009			3	30000
12021	152426	2	62010			4	40000
12022	152426	3	62010			10	100000
12023	152427	0	60456				
12024	152427	1	60456				
12025	153301	1	60001			1	2000
12026	153301	2	60002			1	3000
12027	153301	3	60003			1	4000
12028	153301	4	60004			1	5000
12029	153301	5	60005			2	6000
12030	153301	6	60006			2	7000
12031	153301	7	60007			2	8000
12032	153301	8	60008			2	9000
12033	153301	9	60009			2	10000
12034	153301	10	60010			3	12000
12035	153301	11	60011			3	14000
12036	153301	12	60012			3	16000
12037	153301	13	60013			3	18000
12038	153301	14	60014			3	20000
12039	153301	15	60015			5	22000
12040	153301	16	60016			5	24000
12041	153301	17	60017			5	26000
12042	153301	18					
12043	153306	1	60101			1	2000
12044	153306	2	60102			1	3000
12045	153306	3	60103			1	4000
12046	153306	4	60104			1	5000
12047	153306	5	60105			2	6000
12048	153306	6	60106			2	7000
12049	153306	7	60107			2	8000
12050	153306	8	60108			2	9000
12051	153306	9	60109			2	10000
12052	153306	10	60110			3	12000
12053	153306	11	60111			3	14000
12054	153306	12	60112			3	16000
12055	153306	13	60113			3	18000
12056	153306	14	60114			3	20000
12057	153306	15	60115			5	22000
12058	153306	16	60116			5	24000
12059	153306	17	60117			5	26000
12060	153306	18					
12061	153311	1	60201			1	2000
12062	153311	2	60202			1	3000
12063	153311	3	60203			1	4000
12064	153311	4	60204			1	5000
12065	153311	5	60205			2	6000
12066	153311	6	60206			2	7000
12067	153311	7	60207			2	8000
12068	153311	8	60208			2	9000
12069	153311	9	60209			2	10000
12070	153311	10	60210			3	12000
12071	153311	11	60211			3	14000
12072	153311	12	60212			3	16000
12073	153311	13	60213			3	18000
12074	153311	14	60214			3	20000
12075	153311	15	60215			5	22000
12076	153311	16	60216			5	24000
12077	153311	17	60217			5	26000
12078	153311	18					
12079	153316	1	60001			1	2000
12080	153316	2	60002			1	3000
12081	153316	3	60003			1	4000
12082	153316	4	60004			1	5000
12083	153316	5	60005			2	6000
12084	153316	6	60006			2	7000
12085	153316	7	60007			2	8000
12086	153316	8	60008			2	9000
12087	153316	9	60009			2	10000
12088	153316	10	60010			3	12000
12089	153316	11	60011			3	14000
12090	153316	12	60012			3	16000
12091	153316	13	60013			3	18000
12092	153316	14	60014			3	20000
12093	153316	15	60015			5	22000
12094	153316	16	60016			5	24000
12095	153316	17	60017			5	26000
12096	153316	18					
12097	153317	1	60101			1	2000
12098	153317	2	60102			1	3000
12099	153317	3	60103			1	4000
12100	153317	4	60104			1	5000
12101	153317	5	60105			2	6000
12102	153317	6	60106			2	7000
12103	153317	7	60107			2	8000
12104	153317	8	60108			2	9000
12105	153317	9	60109			2	10000
12106	153317	10	60110			3	12000
12107	153317	11	60111			3	14000
12108	153317	12	60112			3	16000
12109	153317	13	60113			3	18000
12110	153317	14	60114			3	20000
12111	153317	15	60115			5	22000
12112	153317	16	60116			5	24000
12113	153317	17	60117			5	26000
12114	153317	18					
12115	153318	1	60501			1	2000
12116	153318	2	60502			1	3000
12117	153318	3	60503			1	4000
12118	153318	4	60504			1	5000
12119	153318	5	60505			2	6000
12120	153318	6	60506			2	7000
12121	153318	7	60507			2	8000
12122	153318	8	60508			2	9000
12123	153318	9	60509			2	10000
12124	153318	10	60510			3	12000
12125	153318	11	60511			3	14000
12126	153318	12	60512			3	16000
12127	153318	13	60513			3	18000
12128	153318	14	60514			3	20000
12129	153318	15	60515			5	22000
12130	153318	16	60516			5	24000
12131	153318	17	60517			5	26000
12132	153318	18					
12133	153321	1	60201			1	2000
12134	153321	2	60202			1	3000
12135	153321	3	60203			1	4000
12136	153321	4	60204			1	5000
12137	153321	5	60205			2	6000
12138	153321	6	60206			2	7000
12139	153321	7	60207			2	8000
12140	153321	8	60208			2	9000
12141	153321	9	60209			2	10000
12142	153321	10	60210			3	12000
12143	153321	11	60211			3	14000
12144	153321	12	60212			3	16000
12145	153321	13	60213			3	18000
12146	153321	14	60214			3	20000
12147	153321	15	60215			5	22000
12148	153321	16	60216			5	24000
12149	153321	17	60217			5	26000
12150	153321	18					
12151	153322	0	61002			3	25000
12152	153322	1	61002			3	25000
12153	153323	1	60301	61301		1	2000
12154	153323	2	60302	61302		1	3000
12155	153323	3	60303	61303		1	4000
12156	153323	4	60304	61304		1	5000
12157	153323	5	60305	61305		2	6000
12158	153323	6	60306	61306		2	7000
12159	153323	7	60307	61307		2	8000
12160	153323	8	60308	61308		2	9000
12161	153323	9	60309	61309		2	10000
12162	153323	10	60310	61310		3	12000
12163	153323	11	60311	61311		3	14000
12164	153323	12	60312	61312		3	16000
12165	153323	13	60313	61313		3	18000
12166	153323	14	60314	61314		3	20000
12167	153323	15	60315	61315		5	22000
12168	153323	16	60316	61316		5	24000
12169	153323	17	60317	61317		5	26000
12170	153323	18					
12171	153324	0	61010			5	50000
12172	153324	1	61010			5	50000
12173	153325	0	61011			7	75000
12174	153325	1	61011			7	75000
12175	153326	0	61012			10	100000
12176	153326	1	61012			10	100000
12177	153327	0	60432				
12178	153327	1	60432				
12179	153401	1	60001			1	2000
12180	153401	2	60002			1	3000
12181	153401	3	60003			1	4000
12182	153401	4	60004			1	5000
12183	153401	5	60005			2	6000
12184	153401	6	60006			2	7000
12185	153401	7	60007			2	8000
12186	153401	8	60008			2	9000
12187	153401	9	60009			2	10000
12188	153401	10	60010			3	12000
12189	153401	11	60011			3	14000
12190	153401	12	60012			3	16000
12191	153401	13	60013			3	18000
12192	153401	14	60014			3	20000
12193	153401	15	60015			5	22000
12194	153401	16	60016			5	24000
12195	153401	17	60017			5	26000
12196	153401	18					
12197	153406	1	60101			1	2000
12198	153406	2	60102			1	3000
12199	153406	3	60103			1	4000
12200	153406	4	60104			1	5000
12201	153406	5	60105			2	6000
12202	153406	6	60106			2	7000
12203	153406	7	60107			2	8000
12204	153406	8	60108			2	9000
12205	153406	9	60109			2	10000
12206	153406	10	60110			3	12000
12207	153406	11	60111			3	14000
12208	153406	12	60112			3	16000
12209	153406	13	60113			3	18000
12210	153406	14	60114			3	20000
12211	153406	15	60115			5	22000
12212	153406	16	60116			5	24000
12213	153406	17	60117			5	26000
12214	153406	18					
12215	153411	1	60201			1	2000
12216	153411	2	60202			1	3000
12217	153411	3	60203			1	4000
12218	153411	4	60204			1	5000
12219	153411	5	60205			2	6000
12220	153411	6	60206			2	7000
12221	153411	7	60207			2	8000
12222	153411	8	60208			2	9000
12223	153411	9	60209			2	10000
12224	153411	10	60210			3	12000
12225	153411	11	60211			3	14000
12226	153411	12	60212			3	16000
12227	153411	13	60213			3	18000
12228	153411	14	60214			3	20000
12229	153411	15	60215			5	22000
12230	153411	16	60216			5	24000
12231	153411	17	60217			5	26000
12232	153411	18					
12233	153416	1	60001			1	2000
12234	153416	2	60002			1	3000
12235	153416	3	60003			1	4000
12236	153416	4	60004			1	5000
12237	153416	5	60005			2	6000
12238	153416	6	60006			2	7000
12239	153416	7	60007			2	8000
12240	153416	8	60008			2	9000
12241	153416	9	60009			2	10000
12242	153416	10	60010			3	12000
12243	153416	11	60011			3	14000
12244	153416	12	60012			3	16000
12245	153416	13	60013			3	18000
12246	153416	14	60014			3	20000
12247	153416	15	60015			5	22000
12248	153416	16	60016			5	24000
12249	153416	17	60017			5	26000
12250	153416	18					
12251	153417	1	60101			1	2000
12252	153417	2	60102			1	3000
12253	153417	3	60103			1	4000
12254	153417	4	60104			1	5000
12255	153417	5	60105			2	6000
12256	153417	6	60106			2	7000
12257	153417	7	60107			2	8000
12258	153417	8	60108			2	9000
12259	153417	9	60109			2	10000
12260	153417	10	60110			3	12000
12261	153417	11	60111			3	14000
12262	153417	12	60112			3	16000
12263	153417	13	60113			3	18000
12264	153417	14	60114			3	20000
12265	153417	15	60115			5	22000
12266	153417	16	60116			5	24000
12267	153417	17	60117			5	26000
12268	153417	18					
12269	153418	1	60501			1	2000
12270	153418	2	60502			1	3000
12271	153418	3	60503			1	4000
12272	153418	4	60504			1	5000
12273	153418	5	60505			2	6000
12274	153418	6	60506			2	7000
12275	153418	7	60507			2	8000
12276	153418	8	60508			2	9000
12277	153418	9	60509			2	10000
12278	153418	10	60510			3	12000
12279	153418	11	60511			3	14000
12280	153418	12	60512			3	16000
12281	153418	13	60513			3	18000
12282	153418	14	60514			3	20000
12283	153418	15	60515			5	22000
12284	153418	16	60516			5	24000
12285	153418	17	60517			5	26000
12286	153418	18					
12287	153421	1	60201			1	2000
12288	153421	2	60202			1	3000
12289	153421	3	60203			1	4000
12290	153421	4	60204			1	5000
12291	153421	5	60205			2	6000
12292	153421	6	60206			2	7000
12293	153421	7	60207			2	8000
12294	153421	8	60208			2	9000
12295	153421	9	60209			2	10000
12296	153421	10	60210			3	12000
12297	153421	11	60211			3	14000
12298	153421	12	60212			3	16000
12299	153421	13	60213			3	18000
12300	153421	14	60214			3	20000
12301	153421	15	60215			5	22000
12302	153421	16	60216			5	24000
12303	153421	17	60217			5	26000
12304	153421	18					
12305	153422	0	61002			3	25000
12306	153422	1	61002			3	25000
12307	153423	1	60301	61301		1	2000
12308	153423	2	60302	61302		1	3000
12309	153423	3	60303	61303		1	4000
12310	153423	4	60304	61304		1	5000
12311	153423	5	60305	61305		2	6000
12312	153423	6	60306	61306		2	7000
12313	153423	7	60307	61307		2	8000
12314	153423	8	60308	61308		2	9000
12315	153423	9	60309	61309		2	10000
12316	153423	10	60310	61310		3	12000
12317	153423	11	60311	61311		3	14000
12318	153423	12	60312	61312		3	16000
12319	153423	13	60313	61313		3	18000
12320	153423	14	60314	61314		3	20000
12321	153423	15	60315	61315		5	22000
12322	153423	16	60316	61316		5	24000
12323	153423	17	60317	61317		5	26000
12324	153423	18					
12325	153424	0	61004			5	50000
12326	153424	1	61004			5	50000
12327	153425	0	61005			7	75000
12328	153425	1	61005			7	75000
12329	153426	0	61006			10	100000
12330	153426	1	61006			10	100000
12331	153427	0	60438				
12332	153427	1	60438				
12333	153428	1	60001			1	2000
12334	153428	2	60002			1	3000
12335	153428	3	60003			1	4000
12336	153428	4	60004			1	5000
12337	153428	5	60005			2	6000
12338	153428	6	60006			2	7000
12339	153428	7	60007			2	8000
12340	153428	8	60008			2	9000
12341	153428	9	60009			2	10000
12342	153428	10	60010			3	12000
12343	153428	11	60011			3	14000
12344	153428	12	60012			3	16000
12345	153428	13	60013			3	18000
12346	153428	14	60014			3	20000
12347	153428	15	60015			5	22000
12348	153428	16	60016			5	24000
12349	153428	17	60017			5	26000
12350	153428	18					
12351	153429	1	60101			1	2000
12352	153429	2	60102			1	3000
12353	153429	3	60103			1	4000
12354	153429	4	60104			1	5000
12355	153429	5	60105			2	6000
12356	153429	6	60106			2	7000
12357	153429	7	60107			2	8000
12358	153429	8	60108			2	9000
12359	153429	9	60109			2	10000
12360	153429	10	60110			3	12000
12361	153429	11	60111			3	14000
12362	153429	12	60112			3	16000
12363	153429	13	60113			3	18000
12364	153429	14	60114			3	20000
12365	153429	15	60115			5	22000
12366	153429	16	60116			5	24000
12367	153429	17	60117			5	26000
12368	153429	18					
12369	153501	1	60001			1	2000
12370	153501	2	60002			1	3000
12371	153501	3	60003			1	4000
12372	153501	4	60004			1	5000
12373	153501	5	60005			2	6000
12374	153501	6	60006			2	7000
12375	153501	7	60007			2	8000
12376	153501	8	60008			2	9000
12377	153501	9	60009			2	10000
12378	153501	10	60010			3	12000
12379	153501	11	60011			3	14000
12380	153501	12	60012			3	16000
12381	153501	13	60013			3	18000
12382	153501	14	60014			3	20000
12383	153501	15	60015			5	22000
12384	153501	16	60016			5	24000
12385	153501	17	60017			5	26000
12386	153501	18					
12387	153506	1	60101			1	2000
12388	153506	2	60102			1	3000
12389	153506	3	60103			1	4000
12390	153506	4	60104			1	5000
12391	153506	5	60105			2	6000
12392	153506	6	60106			2	7000
12393	153506	7	60107			2	8000
12394	153506	8	60108			2	9000
12395	153506	9	60109			2	10000
12396	153506	10	60110			3	12000
12397	153506	11	60111			3	14000
12398	153506	12	60112			3	16000
12399	153506	13	60113			3	18000
12400	153506	14	60114			3	20000
12401	153506	15	60115			5	22000
12402	153506	16	60116			5	24000
12403	153506	17	60117			5	26000
12404	153506	18					
12405	153511	1	60201			1	2000
12406	153511	2	60202			1	3000
12407	153511	3	60203			1	4000
12408	153511	4	60204			1	5000
12409	153511	5	60205			2	6000
12410	153511	6	60206			2	7000
12411	153511	7	60207			2	8000
12412	153511	8	60208			2	9000
12413	153511	9	60209			2	10000
12414	153511	10	60210			3	12000
12415	153511	11	60211			3	14000
12416	153511	12	60212			3	16000
12417	153511	13	60213			3	18000
12418	153511	14	60214			3	20000
12419	153511	15	60215			5	22000
12420	153511	16	60216			5	24000
12421	153511	17	60217			5	26000
12422	153511	18					
12423	153516	1	60001			1	2000
12424	153516	2	60002			1	3000
12425	153516	3	60003			1	4000
12426	153516	4	60004			1	5000
12427	153516	5	60005			2	6000
12428	153516	6	60006			2	7000
12429	153516	7	60007			2	8000
12430	153516	8	60008			2	9000
12431	153516	9	60009			2	10000
12432	153516	10	60010			3	12000
12433	153516	11	60011			3	14000
12434	153516	12	60012			3	16000
12435	153516	13	60013			3	18000
12436	153516	14	60014			3	20000
12437	153516	15	60015			5	22000
12438	153516	16	60016			5	24000
12439	153516	17	60017			5	26000
12440	153516	18					
12441	153517	1	60101			1	2000
12442	153517	2	60102			1	3000
12443	153517	3	60103			1	4000
12444	153517	4	60104			1	5000
12445	153517	5	60105			2	6000
12446	153517	6	60106			2	7000
12447	153517	7	60107			2	8000
12448	153517	8	60108			2	9000
12449	153517	9	60109			2	10000
12450	153517	10	60110			3	12000
12451	153517	11	60111			3	14000
12452	153517	12	60112			3	16000
12453	153517	13	60113			3	18000
12454	153517	14	60114			3	20000
12455	153517	15	60115			5	22000
12456	153517	16	60116			5	24000
12457	153517	17	60117			5	26000
12458	153517	18					
12459	153518	1	60501			1	2000
12460	153518	2	60502			1	3000
12461	153518	3	60503			1	4000
12462	153518	4	60504			1	5000
12463	153518	5	60505			2	6000
12464	153518	6	60506			2	7000
12465	153518	7	60507			2	8000
12466	153518	8	60508			2	9000
12467	153518	9	60509			2	10000
12468	153518	10	60510			3	12000
12469	153518	11	60511			3	14000
12470	153518	12	60512			3	16000
12471	153518	13	60513			3	18000
12472	153518	14	60514			3	20000
12473	153518	15	60515			5	22000
12474	153518	16	60516			5	24000
12475	153518	17	60517			5	26000
12476	153518	18					
12477	153521	1	60201			1	2000
12478	153521	2	60202			1	3000
12479	153521	3	60203			1	4000
12480	153521	4	60204			1	5000
12481	153521	5	60205			2	6000
12482	153521	6	60206			2	7000
12483	153521	7	60207			2	8000
12484	153521	8	60208			2	9000
12485	153521	9	60209			2	10000
12486	153521	10	60210			3	12000
12487	153521	11	60211			3	14000
12488	153521	12	60212			3	16000
12489	153521	13	60213			3	18000
12490	153521	14	60214			3	20000
12491	153521	15	60215			5	22000
12492	153521	16	60216			5	24000
12493	153521	17	60217			5	26000
12494	153521	18					
12495	153522	0	61002			3	25000
12496	153522	1	61002			3	25000
12497	153523	1	60301	61301		1	2000
12498	153523	2	60302	61302		1	3000
12499	153523	3	60303	61303		1	4000
12500	153523	4	60304	61304		1	5000
12501	153523	5	60305	61305		2	6000
12502	153523	6	60306	61306		2	7000
12503	153523	7	60307	61307		2	8000
12504	153523	8	60308	61308		2	9000
12505	153523	9	60309	61309		2	10000
12506	153523	10	60310	61310		3	12000
12507	153523	11	60311	61311		3	14000
12508	153523	12	60312	61312		3	16000
12509	153523	13	60313	61313		3	18000
12510	153523	14	60314	61314		3	20000
12511	153523	15	60315	61315		5	22000
12512	153523	16	60316	61316		5	24000
12513	153523	17	60317	61317		5	26000
12514	153523	18					
12515	153524	0	62004			2	20000
12516	153524	1	62005			3	30000
12517	153524	2	62005			5	50000
12518	153525	0	62006			3	35000
12519	153525	1	62007			4	40000
12520	153525	2	62007			7	75000
12521	153526	0	62008			3	30000
12522	153526	1	62009			3	30000
12523	153526	2	62010			4	40000
12524	153526	3	62010			10	100000
12525	153527	0	60467				
12526	153527	1	60467				
12527	154301	1	60001			1	2000
12528	154301	2	60002			1	3000
12529	154301	3	60003			1	4000
12530	154301	4	60004			1	5000
12531	154301	5	60005			2	6000
12532	154301	6	60006			2	7000
12533	154301	7	60007			2	8000
12534	154301	8	60008			2	9000
12535	154301	9	60009			2	10000
12536	154301	10	60010			3	12000
12537	154301	11	60011			3	14000
12538	154301	12	60012			3	16000
12539	154301	13	60013			3	18000
12540	154301	14	60014			3	20000
12541	154301	15	60015			5	22000
12542	154301	16	60016			5	24000
12543	154301	17	60017			5	26000
12544	154301	18					
12545	154306	1	60101			1	2000
12546	154306	2	60102			1	3000
12547	154306	3	60103			1	4000
12548	154306	4	60104			1	5000
12549	154306	5	60105			2	6000
12550	154306	6	60106			2	7000
12551	154306	7	60107			2	8000
12552	154306	8	60108			2	9000
12553	154306	9	60109			2	10000
12554	154306	10	60110			3	12000
12555	154306	11	60111			3	14000
12556	154306	12	60112			3	16000
12557	154306	13	60113			3	18000
12558	154306	14	60114			3	20000
12559	154306	15	60115			5	22000
12560	154306	16	60116			5	24000
12561	154306	17	60117			5	26000
12562	154306	18					
12563	154311	1	60201			1	2000
12564	154311	2	60202			1	3000
12565	154311	3	60203			1	4000
12566	154311	4	60204			1	5000
12567	154311	5	60205			2	6000
12568	154311	6	60206			2	7000
12569	154311	7	60207			2	8000
12570	154311	8	60208			2	9000
12571	154311	9	60209			2	10000
12572	154311	10	60210			3	12000
12573	154311	11	60211			3	14000
12574	154311	12	60212			3	16000
12575	154311	13	60213			3	18000
12576	154311	14	60214			3	20000
12577	154311	15	60215			5	22000
12578	154311	16	60216			5	24000
12579	154311	17	60217			5	26000
12580	154311	18					
12581	154316	1	60001			1	2000
12582	154316	2	60002			1	3000
12583	154316	3	60003			1	4000
12584	154316	4	60004			1	5000
12585	154316	5	60005			2	6000
12586	154316	6	60006			2	7000
12587	154316	7	60007			2	8000
12588	154316	8	60008			2	9000
12589	154316	9	60009			2	10000
12590	154316	10	60010			3	12000
12591	154316	11	60011			3	14000
12592	154316	12	60012			3	16000
12593	154316	13	60013			3	18000
12594	154316	14	60014			3	20000
12595	154316	15	60015			5	22000
12596	154316	16	60016			5	24000
12597	154316	17	60017			5	26000
12598	154316	18					
12599	154317	1	60101			1	2000
12600	154317	2	60102			1	3000
12601	154317	3	60103			1	4000
12602	154317	4	60104			1	5000
12603	154317	5	60105			2	6000
12604	154317	6	60106			2	7000
12605	154317	7	60107			2	8000
12606	154317	8	60108			2	9000
12607	154317	9	60109			2	10000
12608	154317	10	60110			3	12000
12609	154317	11	60111			3	14000
12610	154317	12	60112			3	16000
12611	154317	13	60113			3	18000
12612	154317	14	60114			3	20000
12613	154317	15	60115			5	22000
12614	154317	16	60116			5	24000
12615	154317	17	60117			5	26000
12616	154317	18					
12617	154318	1	60501			1	2000
12618	154318	2	60502			1	3000
12619	154318	3	60503			1	4000
12620	154318	4	60504			1	5000
12621	154318	5	60505			2	6000
12622	154318	6	60506			2	7000
12623	154318	7	60507			2	8000
12624	154318	8	60508			2	9000
12625	154318	9	60509			2	10000
12626	154318	10	60510			3	12000
12627	154318	11	60511			3	14000
12628	154318	12	60512			3	16000
12629	154318	13	60513			3	18000
12630	154318	14	60514			3	20000
12631	154318	15	60515			5	22000
12632	154318	16	60516			5	24000
12633	154318	17	60517			5	26000
12634	154318	18					
12635	154321	1	60201			1	2000
12636	154321	2	60202			1	3000
12637	154321	3	60203			1	4000
12638	154321	4	60204			1	5000
12639	154321	5	60205			2	6000
12640	154321	6	60206			2	7000
12641	154321	7	60207			2	8000
12642	154321	8	60208			2	9000
12643	154321	9	60209			2	10000
12644	154321	10	60210			3	12000
12645	154321	11	60211			3	14000
12646	154321	12	60212			3	16000
12647	154321	13	60213			3	18000
12648	154321	14	60214			3	20000
12649	154321	15	60215			5	22000
12650	154321	16	60216			5	24000
12651	154321	17	60217			5	26000
12652	154321	18					
12653	154322	0	61002			3	25000
12654	154322	1	61002			3	25000
12655	154323	1	60301	61301		1	2000
12656	154323	2	60302	61302		1	3000
12657	154323	3	60303	61303		1	4000
12658	154323	4	60304	61304		1	5000
12659	154323	5	60305	61305		2	6000
12660	154323	6	60306	61306		2	7000
12661	154323	7	60307	61307		2	8000
12662	154323	8	60308	61308		2	9000
12663	154323	9	60309	61309		2	10000
12664	154323	10	60310	61310		3	12000
12665	154323	11	60311	61311		3	14000
12666	154323	12	60312	61312		3	16000
12667	154323	13	60313	61313		3	18000
12668	154323	14	60314	61314		3	20000
12669	154323	15	60315	61315		5	22000
12670	154323	16	60316	61316		5	24000
12671	154323	17	60317	61317		5	26000
12672	154323	18					
12673	154324	0	61010			5	50000
12674	154324	1	61010			5	50000
12675	154325	0	61011			7	75000
12676	154325	1	61011			7	75000
12677	154326	0	61012			10	100000
12678	154326	1	61012			10	100000
12679	154327	0	60436				
12680	154327	1	60436				
12681	155301	1	60001			1	2000
12682	155301	2	60002			1	3000
12683	155301	3	60003			1	4000
12684	155301	4	60004			1	5000
12685	155301	5	60005			2	6000
12686	155301	6	60006			2	7000
12687	155301	7	60007			2	8000
12688	155301	8	60008			2	9000
12689	155301	9	60009			2	10000
12690	155301	10	60010			3	12000
12691	155301	11	60011			3	14000
12692	155301	12	60012			3	16000
12693	155301	13	60013			3	18000
12694	155301	14	60014			3	20000
12695	155301	15	60015			5	22000
12696	155301	16	60016			5	24000
12697	155301	17	60017			5	26000
12698	155301	18					
12699	155306	1	60101			1	2000
12700	155306	2	60102			1	3000
12701	155306	3	60103			1	4000
12702	155306	4	60104			1	5000
12703	155306	5	60105			2	6000
12704	155306	6	60106			2	7000
12705	155306	7	60107			2	8000
12706	155306	8	60108			2	9000
12707	155306	9	60109			2	10000
12708	155306	10	60110			3	12000
12709	155306	11	60111			3	14000
12710	155306	12	60112			3	16000
12711	155306	13	60113			3	18000
12712	155306	14	60114			3	20000
12713	155306	15	60115			5	22000
12714	155306	16	60116			5	24000
12715	155306	17	60117			5	26000
12716	155306	18					
12717	155311	1	60201			1	2000
12718	155311	2	60202			1	3000
12719	155311	3	60203			1	4000
12720	155311	4	60204			1	5000
12721	155311	5	60205			2	6000
12722	155311	6	60206			2	7000
12723	155311	7	60207			2	8000
12724	155311	8	60208			2	9000
12725	155311	9	60209			2	10000
12726	155311	10	60210			3	12000
12727	155311	11	60211			3	14000
12728	155311	12	60212			3	16000
12729	155311	13	60213			3	18000
12730	155311	14	60214			3	20000
12731	155311	15	60215			5	22000
12732	155311	16	60216			5	24000
12733	155311	17	60217			5	26000
12734	155311	18					
12735	155316	1	60001			1	2000
12736	155316	2	60002			1	3000
12737	155316	3	60003			1	4000
12738	155316	4	60004			1	5000
12739	155316	5	60005			2	6000
12740	155316	6	60006			2	7000
12741	155316	7	60007			2	8000
12742	155316	8	60008			2	9000
12743	155316	9	60009			2	10000
12744	155316	10	60010			3	12000
12745	155316	11	60011			3	14000
12746	155316	12	60012			3	16000
12747	155316	13	60013			3	18000
12748	155316	14	60014			3	20000
12749	155316	15	60015			5	22000
12750	155316	16	60016			5	24000
12751	155316	17	60017			5	26000
12752	155316	18					
12753	155317	1	60101			1	2000
12754	155317	2	60102			1	3000
12755	155317	3	60103			1	4000
12756	155317	4	60104			1	5000
12757	155317	5	60105			2	6000
12758	155317	6	60106			2	7000
12759	155317	7	60107			2	8000
12760	155317	8	60108			2	9000
12761	155317	9	60109			2	10000
12762	155317	10	60110			3	12000
12763	155317	11	60111			3	14000
12764	155317	12	60112			3	16000
12765	155317	13	60113			3	18000
12766	155317	14	60114			3	20000
12767	155317	15	60115			5	22000
12768	155317	16	60116			5	24000
12769	155317	17	60117			5	26000
12770	155317	18					
12771	155318	1	60501			1	2000
12772	155318	2	60502			1	3000
12773	155318	3	60503			1	4000
12774	155318	4	60504			1	5000
12775	155318	5	60505			2	6000
12776	155318	6	60506			2	7000
12777	155318	7	60507			2	8000
12778	155318	8	60508			2	9000
12779	155318	9	60509			2	10000
12780	155318	10	60510			3	12000
12781	155318	11	60511			3	14000
12782	155318	12	60512			3	16000
12783	155318	13	60513			3	18000
12784	155318	14	60514			3	20000
12785	155318	15	60515			5	22000
12786	155318	16	60516			5	24000
12787	155318	17	60517			5	26000
12788	155318	18					
12789	155321	1	60201			1	2000
12790	155321	2	60202			1	3000
12791	155321	3	60203			1	4000
12792	155321	4	60204			1	5000
12793	155321	5	60205			2	6000
12794	155321	6	60206			2	7000
12795	155321	7	60207			2	8000
12796	155321	8	60208			2	9000
12797	155321	9	60209			2	10000
12798	155321	10	60210			3	12000
12799	155321	11	60211			3	14000
12800	155321	12	60212			3	16000
12801	155321	13	60213			3	18000
12802	155321	14	60214			3	20000
12803	155321	15	60215			5	22000
12804	155321	16	60216			5	24000
12805	155321	17	60217			5	26000
12806	155321	18					
12807	155322	0	61002			3	25000
12808	155322	1	61002			3	25000
12809	155323	1	60301	61301		1	2000
12810	155323	2	60302	61302		1	3000
12811	155323	3	60303	61303		1	4000
12812	155323	4	60304	61304		1	5000
12813	155323	5	60305	61305		2	6000
12814	155323	6	60306	61306		2	7000
12815	155323	7	60307	61307		2	8000
12816	155323	8	60308	61308		2	9000
12817	155323	9	60309	61309		2	10000
12818	155323	10	60310	61310		3	12000
12819	155323	11	60311	61311		3	14000
12820	155323	12	60312	61312		3	16000
12821	155323	13	60313	61313		3	18000
12822	155323	14	60314	61314		3	20000
12823	155323	15	60315	61315		5	22000
12824	155323	16	60316	61316		5	24000
12825	155323	17	60317	61317		5	26000
12826	155323	18					
12827	155324	0	61010			5	50000
12828	155324	1	61010			5	50000
12829	155325	0	61011			7	75000
12830	155325	1	61011			7	75000
12831	155326	0	61012			10	100000
12832	155326	1	61012			10	100000
12833	155327	0	60439				
12834	155327	1	60439				
12835	156301	1	60001			1	2000
12836	156301	2	60002			1	3000
12837	156301	3	60003			1	4000
12838	156301	4	60004			1	5000
12839	156301	5	60005			2	6000
12840	156301	6	60006			2	7000
12841	156301	7	60007			2	8000
12842	156301	8	60008			2	9000
12843	156301	9	60009			2	10000
12844	156301	10	60010			3	12000
12845	156301	11	60011			3	14000
12846	156301	12	60012			3	16000
12847	156301	13	60013			3	18000
12848	156301	14	60014			3	20000
12849	156301	15	60015			5	22000
12850	156301	16	60016			5	24000
12851	156301	17	60017			5	26000
12852	156301	18					
12853	156306	1	60101			1	2000
12854	156306	2	60102			1	3000
12855	156306	3	60103			1	4000
12856	156306	4	60104			1	5000
12857	156306	5	60105			2	6000
12858	156306	6	60106			2	7000
12859	156306	7	60107			2	8000
12860	156306	8	60108			2	9000
12861	156306	9	60109			2	10000
12862	156306	10	60110			3	12000
12863	156306	11	60111			3	14000
12864	156306	12	60112			3	16000
12865	156306	13	60113			3	18000
12866	156306	14	60114			3	20000
12867	156306	15	60115			5	22000
12868	156306	16	60116			5	24000
12869	156306	17	60117			5	26000
12870	156306	18					
12871	156311	1	60201			1	2000
12872	156311	2	60202			1	3000
12873	156311	3	60203			1	4000
12874	156311	4	60204			1	5000
12875	156311	5	60205			2	6000
12876	156311	6	60206			2	7000
12877	156311	7	60207			2	8000
12878	156311	8	60208			2	9000
12879	156311	9	60209			2	10000
12880	156311	10	60210			3	12000
12881	156311	11	60211			3	14000
12882	156311	12	60212			3	16000
12883	156311	13	60213			3	18000
12884	156311	14	60214			3	20000
12885	156311	15	60215			5	22000
12886	156311	16	60216			5	24000
12887	156311	17	60217			5	26000
12888	156311	18					
12889	156316	1	60001			1	2000
12890	156316	2	60002			1	3000
12891	156316	3	60003			1	4000
12892	156316	4	60004			1	5000
12893	156316	5	60005			2	6000
12894	156316	6	60006			2	7000
12895	156316	7	60007			2	8000
12896	156316	8	60008			2	9000
12897	156316	9	60009			2	10000
12898	156316	10	60010			3	12000
12899	156316	11	60011			3	14000
12900	156316	12	60012			3	16000
12901	156316	13	60013			3	18000
12902	156316	14	60014			3	20000
12903	156316	15	60015			5	22000
12904	156316	16	60016			5	24000
12905	156316	17	60017			5	26000
12906	156316	18					
12907	156317	1	60101			1	2000
12908	156317	2	60102			1	3000
12909	156317	3	60103			1	4000
12910	156317	4	60104			1	5000
12911	156317	5	60105			2	6000
12912	156317	6	60106			2	7000
12913	156317	7	60107			2	8000
12914	156317	8	60108			2	9000
12915	156317	9	60109			2	10000
12916	156317	10	60110			3	12000
12917	156317	11	60111			3	14000
12918	156317	12	60112			3	16000
12919	156317	13	60113			3	18000
12920	156317	14	60114			3	20000
12921	156317	15	60115			5	22000
12922	156317	16	60116			5	24000
12923	156317	17	60117			5	26000
12924	156317	18					
12925	156318	1	60501			1	2000
12926	156318	2	60502			1	3000
12927	156318	3	60503			1	4000
12928	156318	4	60504			1	5000
12929	156318	5	60505			2	6000
12930	156318	6	60506			2	7000
12931	156318	7	60507			2	8000
12932	156318	8	60508			2	9000
12933	156318	9	60509			2	10000
12934	156318	10	60510			3	12000
12935	156318	11	60511			3	14000
12936	156318	12	60512			3	16000
12937	156318	13	60513			3	18000
12938	156318	14	60514			3	20000
12939	156318	15	60515			5	22000
12940	156318	16	60516			5	24000
12941	156318	17	60517			5	26000
12942	156318	18					
12943	156321	1	60201			1	2000
12944	156321	2	60202			1	3000
12945	156321	3	60203			1	4000
12946	156321	4	60204			1	5000
12947	156321	5	60205			2	6000
12948	156321	6	60206			2	7000
12949	156321	7	60207			2	8000
12950	156321	8	60208			2	9000
12951	156321	9	60209			2	10000
12952	156321	10	60210			3	12000
12953	156321	11	60211			3	14000
12954	156321	12	60212			3	16000
12955	156321	13	60213			3	18000
12956	156321	14	60214			3	20000
12957	156321	15	60215			5	22000
12958	156321	16	60216			5	24000
12959	156321	17	60217			5	26000
12960	156321	18					
12961	156322	0	61002			3	25000
12962	156322	1	61002			3	25000
12963	156323	1	60301	61301		1	2000
12964	156323	2	60302	61302		1	3000
12965	156323	3	60303	61303		1	4000
12966	156323	4	60304	61304		1	5000
12967	156323	5	60305	61305		2	6000
12968	156323	6	60306	61306		2	7000
12969	156323	7	60307	61307		2	8000
12970	156323	8	60308	61308		2	9000
12971	156323	9	60309	61309		2	10000
12972	156323	10	60310	61310		3	12000
12973	156323	11	60311	61311		3	14000
12974	156323	12	60312	61312		3	16000
12975	156323	13	60313	61313		3	18000
12976	156323	14	60314	61314		3	20000
12977	156323	15	60315	61315		5	22000
12978	156323	16	60316	61316		5	24000
12979	156323	17	60317	61317		5	26000
12980	156323	18					
12981	156324	0	61010			5	50000
12982	156324	1	61010			5	50000
12983	156325	0	61011			7	75000
12984	156325	1	61011			7	75000
12985	156326	0	61012			10	100000
12986	156326	1	61012			10	100000
12987	156327	0	60441				
12988	156327	1	60441				
12989	157301	1	60001			1	2000
12990	157301	2	60002			1	3000
12991	157301	3	60003			1	4000
12992	157301	4	60004			1	5000
12993	157301	5	60005			2	6000
12994	157301	6	60006			2	7000
12995	157301	7	60007			2	8000
12996	157301	8	60008			2	9000
12997	157301	9	60009			2	10000
12998	157301	10	60010			3	12000
12999	157301	11	60011			3	14000
13000	157301	12	60012			3	16000
13001	157301	13	60013			3	18000
13002	157301	14	60014			3	20000
13003	157301	15	60015			5	22000
13004	157301	16	60016			5	24000
13005	157301	17	60017			5	26000
13006	157301	18					
13007	157306	1	60101			1	2000
13008	157306	2	60102			1	3000
13009	157306	3	60103			1	4000
13010	157306	4	60104			1	5000
13011	157306	5	60105			2	6000
13012	157306	6	60106			2	7000
13013	157306	7	60107			2	8000
13014	157306	8	60108			2	9000
13015	157306	9	60109			2	10000
13016	157306	10	60110			3	12000
13017	157306	11	60111			3	14000
13018	157306	12	60112			3	16000
13019	157306	13	60113			3	18000
13020	157306	14	60114			3	20000
13021	157306	15	60115			5	22000
13022	157306	16	60116			5	24000
13023	157306	17	60117			5	26000
13024	157306	18					
13025	157311	1	60201			1	2000
13026	157311	2	60202			1	3000
13027	157311	3	60203			1	4000
13028	157311	4	60204			1	5000
13029	157311	5	60205			2	6000
13030	157311	6	60206			2	7000
13031	157311	7	60207			2	8000
13032	157311	8	60208			2	9000
13033	157311	9	60209			2	10000
13034	157311	10	60210			3	12000
13035	157311	11	60211			3	14000
13036	157311	12	60212			3	16000
13037	157311	13	60213			3	18000
13038	157311	14	60214			3	20000
13039	157311	15	60215			5	22000
13040	157311	16	60216			5	24000
13041	157311	17	60217			5	26000
13042	157311	18					
13043	157316	1	60001			1	2000
13044	157316	2	60002			1	3000
13045	157316	3	60003			1	4000
13046	157316	4	60004			1	5000
13047	157316	5	60005			2	6000
13048	157316	6	60006			2	7000
13049	157316	7	60007			2	8000
13050	157316	8	60008			2	9000
13051	157316	9	60009			2	10000
13052	157316	10	60010			3	12000
13053	157316	11	60011			3	14000
13054	157316	12	60012			3	16000
13055	157316	13	60013			3	18000
13056	157316	14	60014			3	20000
13057	157316	15	60015			5	22000
13058	157316	16	60016			5	24000
13059	157316	17	60017			5	26000
13060	157316	18					
13061	157317	1	60101			1	2000
13062	157317	2	60102			1	3000
13063	157317	3	60103			1	4000
13064	157317	4	60104			1	5000
13065	157317	5	60105			2	6000
13066	157317	6	60106			2	7000
13067	157317	7	60107			2	8000
13068	157317	8	60108			2	9000
13069	157317	9	60109			2	10000
13070	157317	10	60110			3	12000
13071	157317	11	60111			3	14000
13072	157317	12	60112			3	16000
13073	157317	13	60113			3	18000
13074	157317	14	60114			3	20000
13075	157317	15	60115			5	22000
13076	157317	16	60116			5	24000
13077	157317	17	60117			5	26000
13078	157317	18					
13079	157318	1	60501			1	2000
13080	157318	2	60502			1	3000
13081	157318	3	60503			1	4000
13082	157318	4	60504			1	5000
13083	157318	5	60505			2	6000
13084	157318	6	60506			2	7000
13085	157318	7	60507			2	8000
13086	157318	8	60508			2	9000
13087	157318	9	60509			2	10000
13088	157318	10	60510			3	12000
13089	157318	11	60511			3	14000
13090	157318	12	60512			3	16000
13091	157318	13	60513			3	18000
13092	157318	14	60514			3	20000
13093	157318	15	60515			5	22000
13094	157318	16	60516			5	24000
13095	157318	17	60517			5	26000
13096	157318	18					
13097	157321	1	60201			1	2000
13098	157321	2	60202			1	3000
13099	157321	3	60203			1	4000
13100	157321	4	60204			1	5000
13101	157321	5	60205			2	6000
13102	157321	6	60206			2	7000
13103	157321	7	60207			2	8000
13104	157321	8	60208			2	9000
13105	157321	9	60209			2	10000
13106	157321	10	60210			3	12000
13107	157321	11	60211			3	14000
13108	157321	12	60212			3	16000
13109	157321	13	60213			3	18000
13110	157321	14	60214			3	20000
13111	157321	15	60215			5	22000
13112	157321	16	60216			5	24000
13113	157321	17	60217			5	26000
13114	157321	18					
13115	157322	0	61002			3	25000
13116	157322	1	61002			3	25000
13117	157323	1	60301	61301		1	2000
13118	157323	2	60302	61302		1	3000
13119	157323	3	60303	61303		1	4000
13120	157323	4	60304	61304		1	5000
13121	157323	5	60305	61305		2	6000
13122	157323	6	60306	61306		2	7000
13123	157323	7	60307	61307		2	8000
13124	157323	8	60308	61308		2	9000
13125	157323	9	60309	61309		2	10000
13126	157323	10	60310	61310		3	12000
13127	157323	11	60311	61311		3	14000
13128	157323	12	60312	61312		3	16000
13129	157323	13	60313	61313		3	18000
13130	157323	14	60314	61314		3	20000
13131	157323	15	60315	61315		5	22000
13132	157323	16	60316	61316		5	24000
13133	157323	17	60317	61317		5	26000
13134	157323	18					
13135	157324	0	62004			2	20000
13136	157324	1	62005			3	30000
13137	157324	2	62005			5	50000
13138	157325	0	62006			3	35000
13139	157325	1	62007			4	40000
13140	157325	2	62007			7	75000
13141	157326	0	62008			3	30000
13142	157326	1	62009			3	30000
13143	157326	2	62010			4	40000
13144	157326	3	62010			10	100000
13145	157327	0	60443				
13146	157327	1	60443				
